customer_id,total_sessions,total_energy_kwh,avg_energy_per_session,avg_session_duration,total_spend,avg_spend_per_session,avg_price_per_kwh,segment,segment_name
CUST_00001,267,12299.8,46.06666666666666,35.17977528089887,7257.86,27.182996254681647,0.5954681647940075,1,Frequent High-Value Users
CUST_00002,243,11619.2,47.815637860082305,34.41975308641975,6784.02,27.91777777777778,0.5858024691358025,1,Frequent High-Value Users
CUST_00003,282,13163.2,46.67801418439716,35.57446808510638,7819.69,27.729397163120566,0.5967021276595745,1,Frequent High-Value Users
CUST_00004,253,12144.4,48.00158102766798,34.04347826086956,7122.3,28.151383399209486,0.5898418972332016,1,Frequent High-Value Users
CUST_00005,246,11713.1,47.614227642276425,35.3130081300813,6882.25,27.976626016260163,0.5867073170731708,1,Frequent High-Value Users
CUST_00006,231,10757.7,46.570129870129875,35.705627705627705,6392.88,27.674805194805195,0.5931601731601732,1,Frequent High-Value Users
CUST_00007,257,12013.9,46.74669260700389,34.53307392996109,7019.03,27.311400778210114,0.5841634241245136,1,Frequent High-Value Users
CUST_00008,237,11514.0,48.58227848101266,34.949367088607595,6859.37,28.942489451476792,0.5971308016877638,1,Frequent High-Value Users
CUST_00009,243,11710.0,48.18930041152263,34.983539094650205,6911.31,28.441604938271606,0.5948148148148148,1,Frequent High-Value Users
CUST_00010,264,12864.2,48.72803030303031,33.29924242424242,7674.13,29.068674242424244,0.5956818181818182,1,Frequent High-Value Users
CUST_00011,264,12571.4,47.61893939393939,34.10606060606061,7436.18,28.167348484848485,0.5919318181818182,1,Frequent High-Value Users
CUST_00012,266,12013.8,45.16466165413534,36.721804511278194,7015.51,26.374097744360903,0.5855263157894737,1,Frequent High-Value Users
CUST_00013,224,10502.6,46.886607142857144,34.732142857142854,6195.14,27.656875000000003,0.5916517857142857,1,Frequent High-Value Users
CUST_00014,236,11050.5,46.82415254237288,35.313559322033896,6523.9,27.643644067796608,0.5938559322033898,1,Frequent High-Value Users
CUST_00015,259,12200.8,47.1073359073359,35.23552123552123,7203.42,27.812432432432434,0.5913899613899614,1,Frequent High-Value Users
CUST_00016,283,13165.7,46.521908127208484,35.466431095406364,7741.79,27.356148409893994,0.5884805653710247,1,Frequent High-Value Users
CUST_00017,248,11874.1,47.87943548387097,34.37903225806452,6914.84,27.88241935483871,0.5807661290322581,1,Frequent High-Value Users
CUST_00018,240,11086.6,46.19416666666667,35.02916666666667,6611.87,27.549458333333334,0.5999583333333334,1,Frequent High-Value Users
CUST_00019,251,12257.1,48.833067729083666,34.00398406374502,7204.5,28.703187250996017,0.589402390438247,1,Frequent High-Value Users
CUST_00020,253,12218.0,48.29249011857708,33.43478260869565,7180.47,28.381304347826088,0.5892094861660079,1,Frequent High-Value Users
CUST_00021,258,12330.9,47.794186046511626,34.99612403100775,7266.68,28.165426356589148,0.5906589147286823,1,Frequent High-Value Users
CUST_00022,281,13188.1,46.93274021352313,35.313167259786475,7742.46,27.553238434163703,0.5877224199288257,1,Frequent High-Value Users
CUST_00023,252,11847.3,47.01309523809523,34.757936507936506,6995.95,27.76170634920635,0.5931349206349207,1,Frequent High-Value Users
CUST_00024,278,12845.6,46.20719424460432,35.7589928057554,7661.59,27.559676258992805,0.5966546762589928,1,Frequent High-Value Users
CUST_00025,257,12067.5,46.95525291828794,35.6692607003891,7092.45,27.597081712062256,0.5889105058365759,1,Frequent High-Value Users
CUST_00026,276,12958.0,46.94927536231884,35.119565217391305,7713.95,27.94909420289855,0.5955434782608696,1,Frequent High-Value Users
CUST_00027,263,12163.0,46.247148288973385,36.106463878327,7213.81,27.42893536121673,0.594828897338403,1,Frequent High-Value Users
CUST_00028,270,12933.5,47.90185185185185,34.45925925925926,7595.21,28.130407407407407,0.5875185185185186,1,Frequent High-Value Users
CUST_00029,259,12725.7,49.13397683397684,34.15444015444015,7567.85,29.21949806949807,0.595057915057915,1,Frequent High-Value Users
CUST_00030,257,11985.8,46.63735408560311,34.552529182879375,7074.81,27.528443579766538,0.5921789883268482,1,Frequent High-Value Users
CUST_00031,272,12807.4,47.086029411764706,35.154411764705884,7587.11,27.89378676470588,0.5956617647058824,1,Frequent High-Value Users
CUST_00032,280,13248.0,47.31428571428572,35.19642857142857,7898.76,28.209857142857143,0.5956785714285714,1,Frequent High-Value Users
CUST_00033,266,13108.1,49.27857142857143,34.255639097744364,7704.86,28.96563909774436,0.5885338345864662,1,Frequent High-Value Users
CUST_00034,258,12256.2,47.5046511627907,34.748062015503876,7303.78,28.30922480620155,0.5978294573643411,1,Frequent High-Value Users
CUST_00035,279,13399.4,48.02652329749104,34.913978494623656,7868.94,28.204086021505375,0.5886021505376344,1,Frequent High-Value Users
CUST_00036,271,12880.9,47.5309963099631,33.82287822878229,7655.3,28.248339483394833,0.5943173431734318,1,Frequent High-Value Users
CUST_00037,244,11768.0,48.22950819672131,34.46311475409836,6929.15,28.398155737704915,0.5895081967213115,1,Frequent High-Value Users
CUST_00038,277,13128.4,47.39494584837545,35.09025270758123,7878.46,28.442093862815884,0.6006498194945848,1,Frequent High-Value Users
CUST_00039,269,12663.7,47.07695167286246,35.50557620817844,7441.25,27.662639405204462,0.5899256505576208,1,Frequent High-Value Users
CUST_00040,260,11907.1,45.79653846153846,35.93076923076923,7052.99,27.126884615384615,0.5921538461538461,1,Frequent High-Value Users
CUST_00041,247,11469.4,46.43481781376518,35.78137651821862,6798.88,27.52582995951417,0.5906072874493927,1,Frequent High-Value Users
CUST_00042,267,12913.0,48.36329588014981,33.764044943820224,7631.08,28.580823970037454,0.5920973782771536,1,Frequent High-Value Users
CUST_00043,245,11488.7,46.89265306122449,34.74285714285714,6794.5199999999995,27.73273469387755,0.5916326530612245,1,Frequent High-Value Users
CUST_00044,240,11286.4,47.026666666666664,35.391666666666666,6666.85,27.77854166666667,0.589125,1,Frequent High-Value Users
CUST_00045,289,13922.2,48.17370242214533,34.1038062283737,8178.02,28.297647058823532,0.5860553633217993,1,Frequent High-Value Users
CUST_00046,245,11696.8,47.74204081632653,34.12244897959184,7025.46,28.67534693877551,0.6002040816326532,1,Frequent High-Value Users
CUST_00047,260,12342.3,47.47038461538461,34.58461538461538,7300.54,28.079,0.5925384615384616,1,Frequent High-Value Users
CUST_00048,251,12014.0,47.864541832669325,34.286852589641434,7126.4,28.392031872509957,0.5932669322709163,1,Frequent High-Value Users
CUST_00049,273,12623.6,46.24029304029304,34.86080586080586,7451.36,27.294358974358975,0.5913186813186814,1,Frequent High-Value Users
CUST_00050,230,10722.7,46.6204347826087,35.25217391304348,6290.21,27.348739130434783,0.5866956521739131,1,Frequent High-Value Users
CUST_00051,242,10898.1,45.03347107438017,36.764462809917354,6365.01,26.301694214876033,0.5858264462809918,1,Frequent High-Value Users
CUST_00052,268,12610.2,47.05298507462687,35.75373134328358,7463.34,27.848283582089554,0.5948134328358209,1,Frequent High-Value Users
CUST_00053,242,10902.4,45.051239669421484,36.59090909090909,6508.66,26.895289256198346,0.5973553719008264,1,Frequent High-Value Users
CUST_00054,277,12969.3,46.82057761732852,35.44765342960289,7697.42,27.78851985559567,0.5945487364620938,1,Frequent High-Value Users
CUST_00055,242,11517.6,47.59338842975207,35.752066115702476,6836.55,28.25020661157025,0.5938016528925619,1,Frequent High-Value Users
CUST_00056,260,12173.2,46.82,35.40384615384615,7063.01,27.165423076923076,0.5828846153846154,1,Frequent High-Value Users
CUST_00057,263,12146.0,46.18250950570342,35.368821292775664,7258.59,27.599201520912548,0.5963498098859316,1,Frequent High-Value Users
CUST_00058,234,11112.1,47.48760683760684,33.94444444444444,6695.06,28.611367521367523,0.6002991452991453,1,Frequent High-Value Users
CUST_00059,244,11227.2,46.01311475409836,36.307377049180324,6601.56,27.055573770491804,0.5856147540983606,1,Frequent High-Value Users
CUST_00060,269,12905.9,47.97732342007435,35.301115241635685,7647.96,28.4310780669145,0.593903345724907,1,Frequent High-Value Users
CUST_00061,243,11616.2,47.80329218106996,33.96707818930041,6842.9,28.160082304526746,0.5889711934156379,1,Frequent High-Value Users
CUST_00062,282,13039.2,46.238297872340425,35.741134751773046,7706.32,27.327375886524823,0.5896099290780142,1,Frequent High-Value Users
CUST_00063,276,13057.0,47.30797101449275,35.73913043478261,7711.65,27.940760869565217,0.5905072463768115,1,Frequent High-Value Users
CUST_00064,256,12216.2,47.71953125,34.921875,7246.97,28.3084765625,0.5930078125,1,Frequent High-Value Users
CUST_00065,261,12437.0,47.651340996168585,35.16858237547893,7335.81,28.106551724137933,0.5900383141762452,1,Frequent High-Value Users
CUST_00066,246,11602.5,47.16463414634146,35.02845528455285,6872.06,27.935203252032522,0.5929674796747968,1,Frequent High-Value Users
CUST_00067,231,10488.0,45.4025974025974,36.913419913419915,6179.83,26.75251082251082,0.5898701298701299,1,Frequent High-Value Users
CUST_00068,271,12807.7,47.26088560885609,34.72693726937269,7545.02,27.841402214022143,0.5907749077490775,1,Frequent High-Value Users
CUST_00069,283,13380.2,47.27985865724382,34.56890459363957,7808.03,27.590212014134273,0.585017667844523,1,Frequent High-Value Users
CUST_00070,268,12715.9,47.44738805970149,33.8544776119403,7580.5199999999995,28.2855223880597,0.5942910447761195,1,Frequent High-Value Users
CUST_00071,243,10803.2,44.457613168724286,36.851851851851855,6455.6,26.566255144032922,0.5999588477366254,1,Frequent High-Value Users
CUST_00072,275,13206.1,48.02218181818182,33.585454545454546,7789.62,28.32589090909091,0.5900727272727273,1,Frequent High-Value Users
CUST_00073,270,12136.2,44.948888888888895,37.007407407407406,7159.34,26.516074074074076,0.5872222222222223,1,Frequent High-Value Users
CUST_00074,258,12123.5,46.99031007751938,35.22093023255814,7151.21,27.717868217054264,0.5902325581395349,1,Frequent High-Value Users
CUST_00075,287,13254.4,46.182578397212545,35.78745644599303,7890.89,27.49439024390244,0.5927177700348433,1,Frequent High-Value Users
CUST_00076,262,12320.2,47.023664122137404,34.93893129770992,7163.66,27.342213740458014,0.5830916030534351,1,Frequent High-Value Users
CUST_00077,254,11731.6,46.187401574803154,35.42913385826772,6913.55,27.218700787401577,0.5910629921259842,1,Frequent High-Value Users
CUST_00078,268,12501.4,46.647014925373135,36.14179104477612,7433.98,27.73873134328358,0.5924999999999999,1,Frequent High-Value Users
CUST_00079,239,10799.4,45.1857740585774,35.74058577405858,6439.88,26.94510460251046,0.593305439330544,1,Frequent High-Value Users
CUST_00080,257,12425.6,48.34863813229572,33.13618677042802,7363.83,28.653035019455253,0.5938910505836575,1,Frequent High-Value Users
CUST_00081,259,11758.6,45.4,35.41312741312741,6959.24,26.869652509652507,0.5936293436293436,1,Frequent High-Value Users
CUST_00082,250,11557.8,46.231199999999994,35.952,6775.15,27.1006,0.58736,1,Frequent High-Value Users
CUST_00083,233,11253.1,48.29656652360515,34.40343347639485,6607.15,28.356866952789698,0.5911587982832618,1,Frequent High-Value Users
CUST_00084,257,11949.5,46.49610894941634,35.90661478599222,6990.75,27.20136186770428,0.5883657587548639,1,Frequent High-Value Users
CUST_00085,251,11755.3,46.83386454183267,35.1195219123506,6901.65,27.496613545816732,0.5868127490039841,1,Frequent High-Value Users
CUST_00086,260,12401.3,47.69730769230769,34.44615384615385,7371.17,28.350653846153847,0.5940769230769231,1,Frequent High-Value Users
CUST_00087,234,10912.0,46.63247863247863,34.952991452991455,6560.77,28.037478632478635,0.5987606837606838,1,Frequent High-Value Users
CUST_00088,252,12080.0,47.93650793650794,34.41269841269841,7163.14,28.42515873015873,0.5937301587301588,1,Frequent High-Value Users
CUST_00089,264,12256.3,46.425378787878785,35.81439393939394,7295.23,27.63344696969697,0.5975757575757575,1,Frequent High-Value Users
CUST_00090,239,11114.8,46.50543933054393,34.97907949790795,6578.61,27.525564853556485,0.5929288702928871,1,Frequent High-Value Users
CUST_00091,270,12619.3,46.73814814814815,35.025925925925925,7487.23,27.73048148148148,0.5935185185185186,1,Frequent High-Value Users
CUST_00092,246,12009.7,48.81991869918699,33.796747967479675,7075.87,28.763699186991868,0.5859756097560976,1,Frequent High-Value Users
CUST_00093,293,13721.7,46.83174061433447,35.10580204778157,8132.98,27.757610921501705,0.5943686006825939,1,Frequent High-Value Users
CUST_00094,263,12288.6,46.72471482889734,35.50190114068441,7285.2699999999995,27.7006463878327,0.5947908745247149,1,Frequent High-Value Users
CUST_00095,264,11988.7,45.411742424242426,35.83712121212121,7126.43,26.994053030303032,0.5936742424242424,1,Frequent High-Value Users
CUST_00096,266,12335.5,46.37406015037594,34.984962406015036,7244.48,27.23488721804511,0.5883082706766918,1,Frequent High-Value Users
CUST_00097,251,11564.1,46.072111553784865,35.47011952191235,6835.37,27.23254980079681,0.5887250996015937,1,Frequent High-Value Users
CUST_00098,300,14023.6,46.745333333333335,34.96333333333333,8291.69,27.63896666666667,0.592,1,Frequent High-Value Users
CUST_00099,226,11008.8,48.71150442477876,33.16814159292036,6534.06,28.911769911504425,0.5948230088495575,1,Frequent High-Value Users
CUST_00100,265,12311.5,46.45849056603774,34.6188679245283,7318.74,27.61788679245283,0.594,1,Frequent High-Value Users
CUST_00101,264,12167.7,46.08977272727273,36.14772727272727,7241.62,27.430378787878787,0.5957954545454545,1,Frequent High-Value Users
CUST_00102,269,12890.1,47.9185873605948,34.09665427509294,7573.52,28.154349442379182,0.5881412639405205,1,Frequent High-Value Users
CUST_00103,266,12454.4,46.821052631578944,35.932330827067666,7460.51,28.04703007518797,0.5999248120300752,1,Frequent High-Value Users
CUST_00104,241,11680.7,48.46763485477179,34.27800829875519,6886.15,28.57323651452282,0.59149377593361,1,Frequent High-Value Users
CUST_00105,273,13268.6,48.602930402930404,34.13919413919414,7971.61,29.200036630036628,0.59996336996337,1,Frequent High-Value Users
CUST_00106,245,11750.8,47.962448979591834,34.183673469387756,6917.96,28.23657142857143,0.5903265306122448,1,Frequent High-Value Users
CUST_00107,277,12720.3,45.92166064981949,35.83032490974729,7523.6,27.161010830324912,0.5922021660649819,1,Frequent High-Value Users
CUST_00108,261,12186.8,46.69272030651341,34.74329501915709,7299.53,27.967547892720305,0.6004214559386973,1,Frequent High-Value Users
CUST_00109,226,10733.5,47.493362831858406,35.075221238938056,6334.11,28.027035398230087,0.5893805309734512,1,Frequent High-Value Users
CUST_00110,246,11108.5,45.15650406504065,36.6219512195122,6517.85,26.495325203252033,0.5897154471544716,1,Frequent High-Value Users
CUST_00111,280,13181.8,47.07785714285714,35.52857142857143,7995.86,28.556642857142855,0.6052857142857142,1,Frequent High-Value Users
CUST_00112,250,11852.6,47.4104,35.064,7007.71,28.03084,0.5913999999999999,1,Frequent High-Value Users
CUST_00113,263,12410.6,47.188593155893535,35.93155893536122,7337.89,27.90072243346008,0.590190114068441,1,Frequent High-Value Users
CUST_00114,258,11815.8,45.79767441860465,36.08139534883721,6962.18,26.985193798449615,0.589922480620155,1,Frequent High-Value Users
CUST_00115,256,12416.7,48.502734375,33.84765625,7279.72,28.43640625,0.59,1,Frequent High-Value Users
CUST_00116,230,10481.6,45.57217391304348,35.78260869565217,6188.27,26.905521739130435,0.5920869565217391,1,Frequent High-Value Users
CUST_00117,259,12378.8,47.79459459459459,34.25096525096525,7267.51,28.05988416988417,0.5892277992277993,1,Frequent High-Value Users
CUST_00118,241,11177.3,46.37883817427386,35.68879668049792,6635.42,27.53286307053942,0.5952697095435685,1,Frequent High-Value Users
CUST_00119,280,13118.8,46.85285714285714,34.225,7642.34,27.294071428571428,0.5848214285714286,1,Frequent High-Value Users
CUST_00120,256,12876.4,50.2984375,32.91796875,7712.68,30.12765625,0.598828125,1,Frequent High-Value Users
CUST_00121,223,10202.9,45.75291479820628,36.06726457399103,6050.7699999999995,27.133497757847532,0.5917937219730942,1,Frequent High-Value Users
CUST_00122,264,12447.2,47.14848484848485,35.57954545454545,7390.27,27.993446969696972,0.5955681818181818,1,Frequent High-Value Users
CUST_00123,265,12829.8,48.414339622641506,33.61132075471698,7540.91,28.456264150943397,0.5896981132075472,1,Frequent High-Value Users
CUST_00124,231,10753.3,46.55108225108225,36.497835497835496,6349.72,27.48796536796537,0.5941558441558441,1,Frequent High-Value Users
CUST_00125,242,11349.8,46.9,35.84297520661157,6811.37,28.14615702479339,0.6009090909090908,1,Frequent High-Value Users
CUST_00126,264,12346.7,46.767803030303035,35.11363636363637,7288.96,27.60969696969697,0.5895075757575757,1,Frequent High-Value Users
CUST_00127,271,13029.9,48.08081180811808,35.32841328413284,7725.7,28.50811808118081,0.5941328413284133,1,Frequent High-Value Users
CUST_00128,240,11514.0,47.975,34.4375,6846.07,28.525291666666664,0.5952500000000001,1,Frequent High-Value Users
CUST_00129,242,11067.1,45.731818181818184,35.97933884297521,6578.57,27.184173553719006,0.5949586776859503,1,Frequent High-Value Users
CUST_00130,284,13698.6,48.234507042253526,33.74295774647887,8128.51,28.621514084507044,0.5923943661971831,1,Frequent High-Value Users
CUST_00131,262,12400.6,47.33053435114504,35.1793893129771,7409.96,28.28229007633588,0.5975954198473282,1,Frequent High-Value Users
CUST_00132,265,11957.8,45.123773584905656,36.16981132075472,7066.23,26.665018867924527,0.5920754716981133,1,Frequent High-Value Users
CUST_00133,271,12165.8,44.89225092250922,35.90036900369004,7228.78,26.674464944649447,0.5933579335793359,1,Frequent High-Value Users
CUST_00134,284,13110.3,46.16302816901408,35.62323943661972,7748.77,27.284401408450705,0.5907394366197184,1,Frequent High-Value Users
CUST_00135,286,13833.5,48.36888111888112,34.09440559440559,8193.95,28.650174825174826,0.5926923076923076,1,Frequent High-Value Users
CUST_00136,265,12407.7,46.82150943396227,34.864150943396226,7323.67,27.636490566037736,0.5913962264150944,1,Frequent High-Value Users
CUST_00137,254,12091.0,47.60236220472441,34.68503937007874,7184.25,28.284448818897637,0.5960236220472441,1,Frequent High-Value Users
CUST_00138,272,12643.9,46.484926470588235,35.419117647058826,7555.66,27.77816176470588,0.5995588235294118,1,Frequent High-Value Users
CUST_00139,244,11848.0,48.557377049180324,34.8155737704918,7024.63,28.789467213114754,0.5950409836065573,1,Frequent High-Value Users
CUST_00140,290,13934.1,48.04862068965517,34.4551724137931,8228.91,28.37555172413793,0.5938965517241379,1,Frequent High-Value Users
CUST_00141,274,13251.9,48.364598540145984,34.32116788321168,7795.36,28.45021897810219,0.59007299270073,1,Frequent High-Value Users
CUST_00142,270,12626.8,46.76592592592592,34.97037037037037,7439.16,27.552444444444443,0.5894074074074075,1,Frequent High-Value Users
CUST_00143,276,13577.7,49.19456521739131,33.61231884057971,8044.42,29.14644927536232,0.5933695652173914,1,Frequent High-Value Users
CUST_00144,244,11631.8,47.67131147540983,34.90163934426229,6774.35,27.76372950819672,0.5825,1,Frequent High-Value Users
CUST_00145,252,11724.6,46.52619047619048,35.742063492063494,6961.34,27.62436507936508,0.5944444444444444,1,Frequent High-Value Users
CUST_00146,265,12143.2,45.8233962264151,36.04150943396226,7179.33,27.091811320754715,0.5897358490566038,1,Frequent High-Value Users
CUST_00147,273,12786.1,46.835531135531134,36.34065934065934,7622.91,27.922747252747254,0.5949084249084249,1,Frequent High-Value Users
CUST_00148,223,10663.7,47.819282511210766,34.95067264573991,6321.4,28.34708520179372,0.5934529147982063,1,Frequent High-Value Users
CUST_00149,227,10118.5,44.57488986784141,36.89867841409691,6012.01,26.484625550660795,0.5920704845814978,1,Frequent High-Value Users
CUST_00150,251,11614.8,46.274103585657365,35.677290836653384,6873.04,27.382629482071714,0.5930278884462151,1,Frequent High-Value Users
CUST_00151,286,13673.1,47.80804195804196,33.82517482517483,8169.81,28.56576923076923,0.5971328671328672,1,Frequent High-Value Users
CUST_00152,230,10911.2,47.440000000000005,34.68260869565217,6466.07,28.113347826086954,0.5926956521739131,1,Frequent High-Value Users
CUST_00153,257,12365.3,48.11400778210116,35.280155642023345,7229.52,28.130428015564203,0.5878599221789884,1,Frequent High-Value Users
CUST_00154,249,11900.0,47.791164658634536,34.51807228915663,7067.07,28.38180722891566,0.5931726907630521,1,Frequent High-Value Users
CUST_00155,252,11366.4,45.1047619047619,36.57936507936508,6806.89,27.011468253968257,0.5980952380952381,1,Frequent High-Value Users
CUST_00156,271,12484.5,46.06826568265683,36.11808118081181,7418.33,27.37391143911439,0.5944280442804428,1,Frequent High-Value Users
CUST_00157,260,12780.6,49.15615384615385,33.011538461538464,7472.62,28.740846153846153,0.5868076923076923,1,Frequent High-Value Users
CUST_00158,278,13193.1,47.45719424460432,35.34892086330935,7767.97,27.942338129496402,0.589568345323741,1,Frequent High-Value Users
CUST_00159,229,10741.2,46.90480349344978,35.02183406113537,6358.05,27.764410480349344,0.5934497816593887,1,Frequent High-Value Users
CUST_00160,249,11345.6,45.564658634538155,36.714859437751,6727.87,27.019558232931725,0.5960240963855421,1,Frequent High-Value Users
CUST_00161,254,11844.2,46.63070866141732,35.09055118110236,7034.32,27.694173228346454,0.5963779527559054,1,Frequent High-Value Users
CUST_00162,242,11499.9,47.5202479338843,35.06198347107438,6792.15,28.06673553719008,0.5904132231404958,1,Frequent High-Value Users
CUST_00163,259,12067.1,46.591119691119694,34.97683397683398,7174.12,27.69930501930502,0.5950193050193051,1,Frequent High-Value Users
CUST_00164,234,11098.0,47.427350427350426,34.51282051282051,6534.67,27.925940170940173,0.5930769230769231,1,Frequent High-Value Users
CUST_00165,254,11444.0,45.05511811023622,35.724409448818896,6841.11,26.933503937007874,0.595236220472441,1,Frequent High-Value Users
CUST_00166,254,11965.8,47.10944881889763,35.8503937007874,7054.32,27.772913385826772,0.591496062992126,1,Frequent High-Value Users
CUST_00167,265,12275.8,46.32377358490566,34.66792452830189,7173.22,27.068754716981132,0.5868301886792453,1,Frequent High-Value Users
CUST_00168,234,11457.0,48.96153846153846,33.52136752136752,6800.76,29.063076923076924,0.593119658119658,1,Frequent High-Value Users
CUST_00169,281,13332.7,47.447330960854096,34.54092526690391,7824.22,27.844199288256227,0.5869039145907473,1,Frequent High-Value Users
CUST_00170,260,12165.0,46.78846153846154,35.707692307692305,7195.77,27.676038461538464,0.591076923076923,1,Frequent High-Value Users
CUST_00171,262,12567.6,47.96793893129771,34.87786259541985,7457.48,28.463664122137402,0.5946946564885496,1,Frequent High-Value Users
CUST_00172,261,12180.3,46.66781609195402,34.10344827586207,7200.91,27.589693486590036,0.5922988505747127,1,Frequent High-Value Users
CUST_00173,261,11980.8,45.90344827586207,35.980842911877396,7089.31,27.162107279693487,0.5928735632183908,1,Frequent High-Value Users
CUST_00174,279,13207.6,47.339068100358425,35.526881720430104,7883.87,28.257598566308243,0.5957347670250897,1,Frequent High-Value Users
CUST_00175,266,13052.8,49.07067669172932,33.62406015037594,7689.56,28.908120300751882,0.5927067669172932,1,Frequent High-Value Users
CUST_00176,258,12635.1,48.97325581395349,34.58914728682171,7385.31,28.625232558139537,0.5877906976744186,1,Frequent High-Value Users
CUST_00177,239,10883.8,45.53891213389121,36.9581589958159,6402.8,26.789958158995816,0.5877405857740585,1,Frequent High-Value Users
CUST_00178,260,12183.5,46.85961538461538,35.21923076923077,7218.16,27.762153846153847,0.5914615384615385,1,Frequent High-Value Users
CUST_00179,261,12437.7,47.65402298850575,34.7816091954023,7376.91,28.264022988505747,0.5924521072796934,1,Frequent High-Value Users
CUST_00180,263,12057.3,45.84524714828897,35.653992395437264,7152.53,27.19593155893536,0.5926996197718631,1,Frequent High-Value Users
CUST_00181,257,12389.2,48.20700389105059,34.61867704280156,7324.13,28.49856031128405,0.5917898832684825,1,Frequent High-Value Users
CUST_00182,251,11407.1,45.44661354581673,36.35856573705179,6705.25,26.71414342629482,0.5890438247011952,1,Frequent High-Value Users
CUST_00183,240,11486.0,47.858333333333334,34.958333333333336,6768.04,28.200166666666668,0.5904583333333334,1,Frequent High-Value Users
CUST_00184,241,11239.6,46.637344398340254,35.767634854771785,6627.15,27.49854771784232,0.589792531120332,1,Frequent High-Value Users
CUST_00185,244,11467.2,46.99672131147541,34.88934426229508,6775.35,27.76782786885246,0.5907786885245901,1,Frequent High-Value Users
CUST_00186,250,11657.0,46.628,34.964,6882.29,27.52916,0.59036,1,Frequent High-Value Users
CUST_00187,219,10342.2,47.22465753424658,34.74885844748859,6112.99,27.913196347031963,0.5909132420091324,1,Frequent High-Value Users
CUST_00188,267,12493.6,46.792509363295885,35.50936329588015,7444.21,27.880936329588014,0.594943820224719,1,Frequent High-Value Users
CUST_00189,283,13468.8,47.59293286219081,35.08480565371025,8038.03,28.402932862190813,0.5960777385159011,1,Frequent High-Value Users
CUST_00190,290,13377.6,46.12965517241379,35.9,7925.76,27.330206896551726,0.5907586206896551,1,Frequent High-Value Users
CUST_00191,251,11605.2,46.235856573705185,35.40239043824701,6833.2,27.22390438247012,0.5900796812749004,1,Frequent High-Value Users
CUST_00192,254,11836.7,46.601181102362204,35.12204724409449,7050.33,27.757204724409448,0.5959055118110237,1,Frequent High-Value Users
CUST_00193,266,11942.0,44.89473684210526,36.52255639097744,7036.22,26.451954887218047,0.5926691729323309,1,Frequent High-Value Users
CUST_00194,268,12216.5,45.583955223880594,36.88805970149254,7284.69,27.18167910447761,0.5955597014925373,1,Frequent High-Value Users
CUST_00195,252,11662.9,46.281349206349205,35.69047619047619,6935.04,27.52,0.5938095238095239,1,Frequent High-Value Users
CUST_00196,243,11170.6,45.96954732510288,35.864197530864196,6625.17,27.264074074074074,0.5934156378600822,1,Frequent High-Value Users
CUST_00197,266,12314.5,46.295112781954884,35.96616541353384,7265.97,27.315676691729323,0.5938345864661655,1,Frequent High-Value Users
CUST_00198,263,12745.8,48.46311787072243,34.38783269961977,7582.38,28.830342205323195,0.5965779467680609,1,Frequent High-Value Users
CUST_00199,248,12248.7,49.38991935483871,34.46774193548387,7285.09,29.375362903225806,0.5934677419354839,1,Frequent High-Value Users
CUST_00200,262,12497.4,47.699999999999996,34.954198473282446,7448.48,28.429312977099237,0.5956488549618321,1,Frequent High-Value Users
CUST_00201,261,13020.9,49.88850574712644,33.56704980842912,7743.95,29.67030651340996,0.5939080459770114,1,Frequent High-Value Users
CUST_00202,227,10731.9,47.277092511013215,34.74889867841409,6289.36,27.706431718061673,0.5862114537444933,1,Frequent High-Value Users
CUST_00203,261,12221.9,46.8272030651341,35.49808429118774,7330.91,28.087777777777777,0.5986973180076628,1,Frequent High-Value Users
CUST_00204,257,11794.7,45.893774319066154,36.809338521400775,6934.89,26.98400778210117,0.5890272373540856,1,Frequent High-Value Users
CUST_00205,264,12748.9,48.29128787878788,34.16287878787879,7604.72,28.80575757575758,0.59625,1,Frequent High-Value Users
CUST_00206,258,12205.7,47.308914728682176,34.5968992248062,7306.32,28.31906976744186,0.5973643410852714,1,Frequent High-Value Users
CUST_00207,239,10862.5,45.44979079497908,36.44351464435147,6411.16,26.824937238493725,0.589623430962343,1,Frequent High-Value Users
CUST_00208,270,13056.0,48.355555555555554,34.24074074074074,7727.28,28.619555555555554,0.593111111111111,1,Frequent High-Value Users
CUST_00209,275,13159.4,47.852363636363634,34.2,7733.64,28.122327272727272,0.5889090909090908,1,Frequent High-Value Users
CUST_00210,270,12387.2,45.87851851851852,36.15925925925926,7364.2699999999995,27.275074074074073,0.5938518518518519,1,Frequent High-Value Users
CUST_00211,264,12316.4,46.6530303030303,34.11363636363637,7326.57,27.75215909090909,0.5960606060606061,1,Frequent High-Value Users
CUST_00212,257,11920.4,46.382879377431905,35.945525291828794,7142.66,27.792451361867705,0.6001945525291829,1,Frequent High-Value Users
CUST_00213,237,10901.4,45.99746835443038,36.037974683544306,6450.15,27.215822784810126,0.5914345991561181,1,Frequent High-Value Users
CUST_00214,239,11171.8,46.7439330543933,35.62761506276151,6541.92,27.37205020920502,0.5883682008368201,1,Frequent High-Value Users
CUST_00215,293,13915.0,47.491467576791806,33.99317406143345,8213.51,28.032457337883958,0.5934470989761091,1,Frequent High-Value Users
CUST_00216,249,11566.2,46.450602409638556,35.40562248995984,6861.88,27.557751004016065,0.5937349397590361,1,Frequent High-Value Users
CUST_00217,267,12750.2,47.75355805243446,35.745318352059925,7529.58,28.20067415730337,0.591123595505618,1,Frequent High-Value Users
CUST_00218,273,12709.1,46.55347985347986,35.01831501831502,7541.17,27.623333333333335,0.5957509157509157,1,Frequent High-Value Users
CUST_00219,244,11234.0,46.040983606557376,35.44672131147541,6682.41,27.386926229508195,0.5936475409836065,1,Frequent High-Value Users
CUST_00220,284,14003.8,49.30915492957746,34.29929577464789,8424.05,29.66214788732394,0.6008098591549296,1,Frequent High-Value Users
CUST_00221,251,11582.6,46.14581673306773,36.1195219123506,6807.96,27.123346613545817,0.5870517928286852,1,Frequent High-Value Users
CUST_00222,246,11476.3,46.65162601626016,35.926829268292686,6852.99,27.857682926829266,0.5974390243902439,1,Frequent High-Value Users
CUST_00223,265,12062.5,45.5188679245283,36.264150943396224,7106.42,26.81667924528302,0.5915849056603774,1,Frequent High-Value Users
CUST_00224,269,12598.6,46.834944237918215,35.54275092936803,7484.88,27.82483271375465,0.5911152416356877,1,Frequent High-Value Users
CUST_00225,270,12715.8,47.095555555555556,34.85925925925926,7495.4,27.76074074074074,0.5915555555555555,1,Frequent High-Value Users
CUST_00226,251,11918.9,47.48565737051793,35.10756972111554,7088.39,28.240597609561753,0.596414342629482,1,Frequent High-Value Users
CUST_00227,249,11714.8,47.04738955823293,34.5140562248996,6849.56,27.50827309236948,0.5884738955823293,1,Frequent High-Value Users
CUST_00228,249,11225.5,45.08232931726908,35.967871485943775,6620.54,26.5885140562249,0.59285140562249,1,Frequent High-Value Users
CUST_00229,261,12724.1,48.75134099616859,33.22222222222222,7519.32,28.80965517241379,0.5909578544061304,1,Frequent High-Value Users
CUST_00230,266,11978.0,45.03007518796993,35.721804511278194,7036.54,26.45315789473684,0.5893233082706767,1,Frequent High-Value Users
CUST_00231,253,11982.8,47.36284584980237,34.49802371541502,7092.35,28.03300395256917,0.5911857707509881,1,Frequent High-Value Users
CUST_00232,260,12075.3,46.443461538461534,35.89230769230769,7133.68,27.43723076923077,0.5912307692307692,1,Frequent High-Value Users
CUST_00233,255,12645.5,49.590196078431376,33.48627450980392,7424.07,29.113999999999997,0.5881176470588235,1,Frequent High-Value Users
CUST_00234,263,12713.3,48.33954372623574,34.749049429657795,7569.65,28.781939163498098,0.5949049429657794,1,Frequent High-Value Users
CUST_00235,258,11811.0,45.77906976744186,35.71705426356589,6959.9,26.976356589147287,0.5910077519379845,1,Frequent High-Value Users
CUST_00236,282,13146.1,46.617375886524826,34.797872340425535,7851.61,27.84258865248227,0.5968085106382979,1,Frequent High-Value Users
CUST_00237,261,11911.7,45.638697318007665,36.015325670498086,6946.53,26.615057471264368,0.5865134099616859,1,Frequent High-Value Users
CUST_00238,254,11934.1,46.98464566929134,36.188976377952756,7068.85,27.83011811023622,0.5951968503937008,1,Frequent High-Value Users
CUST_00239,243,11484.4,47.260905349794236,35.333333333333336,6752.02,27.786090534979426,0.5897530864197531,1,Frequent High-Value Users
CUST_00240,231,10877.8,47.09004329004329,35.753246753246756,6483.58,28.06744588744589,0.5972727272727273,1,Frequent High-Value Users
CUST_00241,242,11512.1,47.570661157024794,34.32644628099174,6868.69,28.38301652892562,0.5955371900826446,1,Frequent High-Value Users
CUST_00242,236,10639.4,45.082203389830504,36.58050847457627,6212.76,26.325254237288135,0.5858474576271187,1,Frequent High-Value Users
CUST_00243,256,12079.7,47.186328125,34.5546875,7180.73,28.0497265625,0.5957421875,1,Frequent High-Value Users
CUST_00244,239,10834.3,45.331799163179916,35.50627615062761,6442.52,26.956150627615063,0.5945606694560669,1,Frequent High-Value Users
CUST_00245,275,13206.3,48.02290909090909,35.654545454545456,7805.63,28.384109090909092,0.5921818181818181,1,Frequent High-Value Users
CUST_00246,241,11132.1,46.19128630705394,35.81742738589212,6534.08,27.112365145228214,0.5889211618257262,1,Frequent High-Value Users
CUST_00247,252,12004.5,47.63690476190476,34.785714285714285,7110.66,28.21690476190476,0.5917460317460318,1,Frequent High-Value Users
CUST_00248,272,12871.0,47.31985294117647,34.779411764705884,7611.83,27.98466911764706,0.5936029411764706,1,Frequent High-Value Users
CUST_00249,265,12466.7,47.04415094339623,34.698113207547166,7392.06,27.89456603773585,0.5959245283018867,1,Frequent High-Value Users
CUST_00250,257,12303.8,47.87470817120622,34.06225680933852,7173.38,27.911984435797667,0.5818287937743191,1,Frequent High-Value Users
CUST_00251,248,11769.6,47.458064516129035,35.20161290322581,6953.0,28.036290322580644,0.5916129032258064,1,Frequent High-Value Users
CUST_00252,252,11753.6,46.641269841269846,35.242063492063494,6928.69,27.494801587301584,0.5898015873015873,1,Frequent High-Value Users
CUST_00253,241,11415.8,47.368464730290455,35.29045643153527,6737.1,27.954771784232367,0.5892116182572614,1,Frequent High-Value Users
CUST_00254,261,12476.2,47.80153256704981,35.00766283524904,7372.93,28.248773946360153,0.591992337164751,1,Frequent High-Value Users
CUST_00255,249,11345.6,45.564658634538155,35.98393574297189,6706.93,26.935461847389558,0.5922489959839358,1,Frequent High-Value Users
CUST_00256,257,12471.8,48.528404669260695,34.07782101167315,7328.49,28.515525291828794,0.5883657587548639,1,Frequent High-Value Users
CUST_00257,247,11382.3,46.08218623481781,34.89473684210526,6765.27,27.389757085020246,0.5948987854251012,1,Frequent High-Value Users
CUST_00258,262,12445.0,47.5,35.20992366412214,7282.63,27.796297709923664,0.5854580152671757,1,Frequent High-Value Users
CUST_00259,244,11347.7,46.506967213114756,36.049180327868854,6691.05,27.42233606557377,0.5893852459016393,1,Frequent High-Value Users
CUST_00260,247,11635.5,47.107287449392715,34.878542510121456,6850.28,27.73392712550607,0.590242914979757,1,Frequent High-Value Users
CUST_00261,258,12282.3,47.60581395348837,34.627906976744185,7252.17,28.109186046511628,0.5901162790697675,1,Frequent High-Value Users
CUST_00262,248,12100.3,48.791532258064514,34.439516129032256,7173.08,28.923709677419353,0.5925403225806452,1,Frequent High-Value Users
CUST_00263,244,11781.9,48.286475409836065,35.23360655737705,6970.79,28.568811475409834,0.5893032786885246,1,Frequent High-Value Users
CUST_00264,266,12375.2,46.523308270676694,34.30075187969925,7288.67,27.401015037593986,0.5911278195488722,1,Frequent High-Value Users
CUST_00265,250,11818.8,47.2752,34.048,7076.35,28.305400000000002,0.599,1,Frequent High-Value Users
CUST_00266,251,11774.9,46.91195219123506,35.29083665338646,7066.14,28.15195219123506,0.6000796812749004,1,Frequent High-Value Users
CUST_00267,261,12403.2,47.52183908045977,35.26053639846743,7375.32,28.25793103448276,0.5940613026819924,1,Frequent High-Value Users
CUST_00268,264,12109.8,45.87045454545454,35.88257575757576,7093.33,26.86867424242424,0.5874621212121213,1,Frequent High-Value Users
CUST_00269,252,11988.9,47.574999999999996,35.42857142857143,7135.38,28.315,0.5959126984126983,1,Frequent High-Value Users
CUST_00270,257,12408.7,48.28287937743191,34.14007782101167,7329.19,28.518249027237353,0.589533073929961,1,Frequent High-Value Users
CUST_00271,272,12540.0,46.10294117647059,35.31617647058823,7443.83,27.36702205882353,0.5931617647058823,1,Frequent High-Value Users
CUST_00272,233,11225.1,48.17639484978541,34.30042918454936,6626.41,28.439527896995706,0.5909012875536481,1,Frequent High-Value Users
CUST_00273,226,10121.1,44.78362831858407,36.71238938053097,6022.45,26.64800884955752,0.5973893805309735,1,Frequent High-Value Users
CUST_00274,261,12412.5,47.55747126436781,34.50574712643678,7318.82,28.041455938697318,0.590919540229885,1,Frequent High-Value Users
CUST_00275,245,11314.9,46.18326530612245,35.440816326530616,6674.09,27.24118367346939,0.5867346938775511,1,Frequent High-Value Users
CUST_00276,256,12324.4,48.1421875,34.625,7282.71,28.4480859375,0.5950390625,1,Frequent High-Value Users
CUST_00277,264,12168.6,46.09318181818182,35.48106060606061,7185.33,27.217159090909092,0.591780303030303,1,Frequent High-Value Users
CUST_00278,237,11200.7,47.26033755274262,34.60337552742616,6572.19,27.730759493670885,0.589493670886076,1,Frequent High-Value Users
CUST_00279,258,11821.3,45.81899224806201,36.43023255813954,6985.07,27.07391472868217,0.5904651162790698,1,Frequent High-Value Users
CUST_00280,247,11399.2,46.1506072874494,34.91093117408907,6768.79,27.404008097165992,0.5929554655870446,1,Frequent High-Value Users
CUST_00281,245,11507.2,46.968163265306124,34.60408163265306,6836.66,27.90473469387755,0.5929795918367347,1,Frequent High-Value Users
CUST_00282,269,12599.3,46.837546468401484,35.11524163568773,7403.91,27.52382899628253,0.5888847583643122,1,Frequent High-Value Users
CUST_00283,275,12581.3,45.750181818181815,36.37090909090909,7424.23,26.9972,0.5891272727272727,1,Frequent High-Value Users
CUST_00284,242,12114.9,50.06157024793388,32.18181818181818,7083.7,29.271487603305783,0.5866528925619835,1,Frequent High-Value Users
CUST_00285,273,13076.6,47.8996336996337,34.476190476190474,7751.95,28.395421245421243,0.5946153846153847,1,Frequent High-Value Users
CUST_00286,292,13421.8,45.96506849315068,35.55821917808219,7962.92,27.27027397260274,0.5925684931506849,1,Frequent High-Value Users
CUST_00287,253,12303.5,48.630434782608695,34.14624505928854,7180.08,28.3797628458498,0.5827272727272728,1,Frequent High-Value Users
CUST_00288,300,14358.1,47.86033333333334,34.77333333333333,8459.29,28.197633333333336,0.5885,1,Frequent High-Value Users
CUST_00289,262,12423.4,47.4175572519084,35.56106870229008,7350.08,28.053740458015266,0.5891603053435115,1,Frequent High-Value Users
CUST_00290,267,12609.6,47.22696629213483,35.157303370786515,7480.43,28.016591760299626,0.5947565543071162,1,Frequent High-Value Users
CUST_00291,248,11493.8,46.34596774193548,35.854838709677416,6802.53,27.429556451612903,0.5921370967741936,1,Frequent High-Value Users
CUST_00292,256,11953.5,46.693359375,35.37109375,7028.19,27.4538671875,0.5873046875,1,Frequent High-Value Users
CUST_00293,266,12216.7,45.92744360902256,35.55263157894737,7242.12,27.226015037593985,0.5942105263157895,1,Frequent High-Value Users
CUST_00294,270,13211.0,48.92962962962963,33.82222222222222,7844.87,29.055074074074074,0.5948888888888889,1,Frequent High-Value Users
CUST_00295,269,12670.5,47.10223048327138,34.795539033457246,7461.42,27.737620817843865,0.5906691449814127,1,Frequent High-Value Users
CUST_00296,244,11406.0,46.74590163934426,36.532786885245905,6760.03,27.705040983606555,0.591516393442623,1,Frequent High-Value Users
CUST_00297,234,10830.3,46.28333333333333,36.77350427350427,6406.59,27.378589743589743,0.5917094017094018,1,Frequent High-Value Users
CUST_00298,241,11505.4,47.7402489626556,35.07883817427386,6852.57,28.433900414937757,0.5964315352697096,1,Frequent High-Value Users
CUST_00299,249,11114.7,44.63734939759036,36.48995983935743,6518.6,26.179116465863455,0.5865461847389559,1,Frequent High-Value Users
CUST_00300,237,10698.4,45.140928270042195,36.09704641350211,6389.18,26.958565400843884,0.5966244725738397,1,Frequent High-Value Users
CUST_00301,259,11984.2,46.27104247104247,36.47104247104247,7045.92,27.204324324324325,0.5881467181467182,1,Frequent High-Value Users
CUST_00302,249,11991.5,48.15863453815261,33.81124497991968,7067.43,28.383253012048193,0.5914056224899598,1,Frequent High-Value Users
CUST_00303,267,12754.5,47.76966292134831,35.00374531835206,7611.2,28.5063670411985,0.5970786516853932,1,Frequent High-Value Users
CUST_00304,243,11124.1,45.778189300411526,36.4238683127572,6624.99,27.263333333333332,0.5961316872427984,1,Frequent High-Value Users
CUST_00305,289,13742.1,47.55051903114187,34.35294117647059,8099.51,28.025986159169552,0.5924913494809688,1,Frequent High-Value Users
CUST_00306,250,11715.2,46.860800000000005,35.0,6949.32,27.797279999999997,0.59372,1,Frequent High-Value Users
CUST_00307,278,12920.6,46.47697841726619,35.201438848920866,7541.75,27.128597122302157,0.5831654676258993,1,Frequent High-Value Users
CUST_00308,238,11652.3,48.95924369747899,33.47478991596638,6884.48,28.926386554621846,0.5928571428571429,1,Frequent High-Value Users
CUST_00309,258,12117.3,46.96627906976744,34.89147286821706,7191.11,27.87251937984496,0.594186046511628,1,Frequent High-Value Users
CUST_00310,302,14228.9,47.11556291390728,35.48344370860927,8368.64,27.710728476821192,0.5874172185430464,1,Frequent High-Value Users
CUST_00311,260,12116.9,46.60346153846154,34.93846153846154,7205.81,27.714653846153848,0.5954615384615385,1,Frequent High-Value Users
CUST_00312,265,12512.3,47.21622641509434,35.5622641509434,7450.96,28.116830188679245,0.596754716981132,1,Frequent High-Value Users
CUST_00313,262,12205.6,46.58625954198473,34.774809160305345,7196.19,27.466374045801526,0.5884732824427481,1,Frequent High-Value Users
CUST_00314,258,12017.7,46.580232558139535,35.23255813953488,7213.73,27.96019379844961,0.6007364341085272,1,Frequent High-Value Users
CUST_00315,249,12359.6,49.63694779116466,33.69076305220884,7297.88,29.308755020080323,0.5898393574297189,1,Frequent High-Value Users
CUST_00316,258,11746.3,45.52829457364341,36.763565891472865,6880.43,26.668333333333333,0.5882558139534884,1,Frequent High-Value Users
CUST_00317,245,11739.5,47.916326530612245,34.02040816326531,7025.72,28.676408163265307,0.5995918367346939,1,Frequent High-Value Users
CUST_00318,246,10953.9,44.5280487804878,38.170731707317074,6462.56,26.27056910569106,0.5907317073170731,1,Frequent High-Value Users
CUST_00319,243,11794.5,48.53703703703704,32.724279835390945,6935.82,28.542469135802467,0.589917695473251,1,Frequent High-Value Users
CUST_00320,254,11973.1,47.138188976377954,35.232283464566926,7146.56,28.136062992125986,0.5969685039370078,1,Frequent High-Value Users
CUST_00321,280,13227.6,47.24142857142857,35.06071428571428,7769.18,27.74707142857143,0.5886428571428571,1,Frequent High-Value Users
CUST_00322,254,11799.1,46.45314960629921,35.56692913385827,6853.75,26.983267716535433,0.5833070866141732,1,Frequent High-Value Users
CUST_00323,285,13051.9,45.796140350877195,35.242105263157896,7807.95,27.396315789473682,0.5992982456140351,1,Frequent High-Value Users
CUST_00324,238,11196.7,47.04495798319328,34.575630252100844,6571.71,27.612226890756304,0.5841176470588235,1,Frequent High-Value Users
CUST_00325,265,12421.1,46.87207547169812,35.76981132075472,7198.88,27.165584905660378,0.5836981132075472,1,Frequent High-Value Users
CUST_00326,264,12496.1,47.33371212121212,33.77272727272727,7347.97,27.8332196969697,0.5895075757575757,1,Frequent High-Value Users
CUST_00327,268,12793.1,47.73544776119403,35.0,7661.03,28.585932835820895,0.5986567164179104,1,Frequent High-Value Users
CUST_00328,268,12402.5,46.27798507462686,35.49626865671642,7320.44,27.31507462686567,0.5902611940298508,1,Frequent High-Value Users
CUST_00329,256,12189.9,47.616796875,35.01953125,7201.49,28.1308203125,0.59140625,1,Frequent High-Value Users
CUST_00330,253,11660.4,46.088537549407114,36.533596837944664,6922.01,27.359723320158103,0.5939130434782608,1,Frequent High-Value Users
CUST_00331,288,14169.0,49.197916666666664,34.142361111111114,8374.66,29.078680555555554,0.5927430555555556,1,Frequent High-Value Users
CUST_00332,273,12635.2,46.28278388278389,35.959706959706956,7419.34,27.177069597069597,0.5883516483516483,1,Frequent High-Value Users
CUST_00333,250,11876.7,47.506800000000005,35.112,7072.3,28.2892,0.5948,1,Frequent High-Value Users
CUST_00334,230,10557.0,45.9,35.54782608695652,6194.42,26.93226086956522,0.5890869565217391,1,Frequent High-Value Users
CUST_00335,238,11273.8,47.36890756302521,35.27731092436975,6686.67,28.095252100840337,0.5945378151260504,1,Frequent High-Value Users
CUST_00336,272,12691.0,46.658088235294116,34.3235294117647,7468.75,27.45863970588235,0.5896691176470588,1,Frequent High-Value Users
CUST_00337,253,11577.6,45.761264822134386,37.24505928853755,6855.45,27.096640316205534,0.5963241106719368,1,Frequent High-Value Users
CUST_00338,269,12173.2,45.253531598513014,36.20817843866171,7218.68,26.835241635687733,0.5928252788104089,1,Frequent High-Value Users
CUST_00339,252,12019.3,47.695634920634916,35.607142857142854,7171.35,28.457738095238096,0.5965476190476191,1,Frequent High-Value Users
CUST_00340,262,12752.6,48.67404580152672,34.05725190839695,7596.5,28.994274809160306,0.5966030534351145,1,Frequent High-Value Users
CUST_00341,245,11512.1,46.98816326530613,35.38775510204081,6755.38,27.572979591836734,0.586204081632653,1,Frequent High-Value Users
CUST_00342,274,12628.4,46.08905109489051,35.51459854014598,7453.54,27.202700729927006,0.5904744525547445,1,Frequent High-Value Users
CUST_00343,282,13211.7,46.85,35.1063829787234,7933.61,28.13336879432624,0.6006737588652483,1,Frequent High-Value Users
CUST_00344,245,11624.6,47.44734693877551,35.01632653061225,6976.72,28.476408163265308,0.5991428571428571,1,Frequent High-Value Users
CUST_00345,272,12309.7,45.25625,35.12132352941177,7227.89,26.573125,0.5884926470588235,1,Frequent High-Value Users
CUST_00346,246,11631.3,47.28170731707317,35.34552845528455,6961.05,28.296951219512195,0.5963008130081301,1,Frequent High-Value Users
CUST_00347,274,13039.7,47.59014598540146,34.018248175182485,7705.2,28.12116788321168,0.5905109489051096,1,Frequent High-Value Users
CUST_00348,246,11826.3,48.074390243902435,34.32113821138211,6958.47,28.28646341463415,0.5907317073170731,1,Frequent High-Value Users
CUST_00349,251,11409.9,45.45776892430279,35.73705179282869,6762.15,26.94083665338645,0.5938247011952191,1,Frequent High-Value Users
CUST_00350,244,11140.8,45.65901639344262,35.24590163934426,6540.89,26.8069262295082,0.5861885245901639,1,Frequent High-Value Users
CUST_00351,265,12682.6,47.858867924528305,34.53962264150943,7537.17,28.442150943396225,0.5947169811320755,1,Frequent High-Value Users
CUST_00352,243,11854.6,48.7843621399177,33.30452674897119,6934.2,28.535802469135803,0.588477366255144,1,Frequent High-Value Users
CUST_00353,232,11187.7,48.22284482758621,34.310344827586206,6616.43,28.51909482758621,0.5920689655172414,1,Frequent High-Value Users
CUST_00354,269,12623.1,46.92602230483271,35.605947955390334,7457.52,27.723122676579926,0.5917472118959108,1,Frequent High-Value Users
CUST_00355,265,12284.1,46.355094339622646,36.10943396226415,7216.3,27.231320754716982,0.588867924528302,1,Frequent High-Value Users
CUST_00356,270,12954.4,47.97925925925926,34.72962962962963,7740.14,28.667185185185186,0.5981851851851852,1,Frequent High-Value Users
CUST_00357,274,12759.9,46.56897810218978,34.90875912408759,7536.92,27.50700729927007,0.5908394160583942,1,Frequent High-Value Users
CUST_00358,239,11019.7,46.107531380753144,35.35146443514645,6508.01,27.230167364016737,0.59163179916318,1,Frequent High-Value Users
CUST_00359,246,11783.5,47.90040650406504,33.8130081300813,6993.87,28.430365853658536,0.5958536585365855,1,Frequent High-Value Users
CUST_00360,263,12236.0,46.52471482889734,35.58174904942966,7262.4400000000005,27.61384030418251,0.5943346007604563,1,Frequent High-Value Users
CUST_00361,270,12446.9,46.099629629629625,34.84074074074074,7346.1,27.20777777777778,0.5907777777777777,1,Frequent High-Value Users
CUST_00362,250,11652.5,46.61,36.0,6921.69,27.68676,0.592,1,Frequent High-Value Users
CUST_00363,266,12759.2,47.96691729323309,34.3609022556391,7513.28,28.245413533834586,0.5914661654135339,1,Frequent High-Value Users
CUST_00364,285,12936.1,45.38982456140351,36.14736842105263,7631.29,26.776456140350877,0.5891578947368421,1,Frequent High-Value Users
CUST_00365,280,12830.9,45.824642857142855,36.22857142857143,7601.78,27.149214285714283,0.5943571428571428,1,Frequent High-Value Users
CUST_00366,260,12351.9,47.50730769230769,34.47692307692308,7224.0,27.784615384615385,0.5848461538461539,1,Frequent High-Value Users
CUST_00367,276,13185.7,47.774275362318846,35.07608695652174,7785.67,28.20894927536232,0.5884057971014492,1,Frequent High-Value Users
CUST_00368,247,11811.4,47.819433198380565,33.991902834008094,6980.8,28.262348178137653,0.5918623481781377,1,Frequent High-Value Users
CUST_00369,269,12316.6,45.78661710037175,35.17100371747212,7243.67,26.92814126394052,0.5897769516728625,1,Frequent High-Value Users
CUST_00370,274,13042.4,47.6,34.832116788321166,7752.17,28.29259124087591,0.5931021897810219,1,Frequent High-Value Users
CUST_00371,298,14002.9,46.98959731543624,34.65436241610738,8302.85,27.861912751677853,0.5928859060402685,1,Frequent High-Value Users
CUST_00372,244,11446.6,46.912295081967216,34.59016393442623,6741.44,27.628852459016393,0.5873770491803278,1,Frequent High-Value Users
CUST_00373,260,12338.8,47.456923076923076,35.72692307692308,7383.92,28.39969230769231,0.5968461538461539,1,Frequent High-Value Users
CUST_00374,278,12809.3,46.07661870503597,35.510791366906474,7515.95,27.035791366906473,0.588273381294964,1,Frequent High-Value Users
CUST_00375,248,11885.2,47.9241935483871,34.25806451612903,7104.67,28.647862903225807,0.5981048387096775,1,Frequent High-Value Users
CUST_00376,247,11287.3,45.697570850202425,35.607287449392715,6711.79,27.173238866396762,0.5953441295546559,1,Frequent High-Value Users
CUST_00377,231,10915.4,47.25281385281385,35.39393939393939,6504.52,28.15809523809524,0.597012987012987,1,Frequent High-Value Users
CUST_00378,238,11408.3,47.93403361344537,34.23109243697479,6736.67,28.305336134453782,0.5902941176470589,1,Frequent High-Value Users
CUST_00379,262,12054.4,46.00916030534351,35.7557251908397,7219.63,27.555839694656488,0.598969465648855,1,Frequent High-Value Users
CUST_00380,255,11809.0,46.30980392156863,34.870588235294115,7036.41,27.593764705882354,0.5960392156862745,1,Frequent High-Value Users
CUST_00381,272,12868.3,47.30992647058823,34.47794117647059,7653.9,28.139338235294115,0.5935294117647059,1,Frequent High-Value Users
CUST_00382,264,12246.0,46.38636363636363,35.61363636363637,7277.22,27.565227272727274,0.5937878787878788,1,Frequent High-Value Users
CUST_00383,254,11699.0,46.05905511811024,35.48425196850393,6889.46,27.123858267716535,0.5914566929133858,1,Frequent High-Value Users
CUST_00384,242,11638.0,48.09090909090909,34.35537190082645,6936.64,28.663801652892563,0.5991322314049587,1,Frequent High-Value Users
CUST_00385,254,11765.8,46.322047244094485,35.59055118110236,6984.89,27.49956692913386,0.5974015748031496,1,Frequent High-Value Users
CUST_00386,235,11029.9,46.93574468085106,35.32340425531915,6585.91,28.02514893617021,0.5963404255319149,1,Frequent High-Value Users
CUST_00387,260,12734.3,48.97807692307692,33.33846153846154,7635.64,29.367846153846155,0.599423076923077,1,Frequent High-Value Users
CUST_00388,245,11331.5,46.251020408163264,36.351020408163265,6704.74,27.366285714285713,0.5896734693877551,1,Frequent High-Value Users
CUST_00389,263,12374.6,47.05171102661597,35.22813688212928,7418.33,28.20657794676806,0.596958174904943,1,Frequent High-Value Users
CUST_00390,244,11623.6,47.63770491803279,35.49590163934426,6963.11,28.53733606557377,0.5990983606557377,1,Frequent High-Value Users
CUST_00391,226,10200.8,45.1362831858407,36.19911504424779,6041.87,26.733938053097344,0.5937168141592921,1,Frequent High-Value Users
CUST_00392,252,11207.4,44.47380952380952,37.62301587301587,6723.86,26.681984126984126,0.5990873015873016,1,Frequent High-Value Users
CUST_00393,245,11271.9,46.00775510204082,36.61632653061225,6627.3,27.050204081632653,0.5904489795918367,1,Frequent High-Value Users
CUST_00394,237,10864.5,45.84177215189873,34.78902953586498,6396.56,26.98970464135021,0.5884810126582278,1,Frequent High-Value Users
CUST_00395,266,12934.3,48.62518796992481,34.454887218045116,7640.94,28.72533834586466,0.5911278195488722,1,Frequent High-Value Users
CUST_00396,266,12214.4,45.918796992481205,36.43609022556391,7259.78,27.292406015037592,0.5978947368421053,1,Frequent High-Value Users
CUST_00397,274,13437.8,49.043065693430655,34.28102189781022,7914.91,28.886532846715326,0.5908394160583941,1,Frequent High-Value Users
CUST_00398,237,11388.9,48.05443037974683,34.08438818565401,6745.03,28.460042194092825,0.5926160337552742,1,Frequent High-Value Users
CUST_00399,253,11847.3,46.82727272727272,35.52569169960474,6993.07,27.640592885375494,0.5904743083003952,1,Frequent High-Value Users
CUST_00400,254,11772.0,46.346456692913385,34.91338582677165,6924.12,27.26031496062992,0.5892519685039369,1,Frequent High-Value Users
CUST_00401,73,3430.9,46.9986301369863,35.64383561643836,2041.29,27.962876712328768,0.5950684931506849,1,Frequent High-Value Users
CUST_00402,82,3701.2,45.136585365853655,35.951219512195124,2229.58,27.189999999999998,0.6030487804878049,1,Frequent High-Value Users
CUST_00403,78,3762.5,48.23717948717949,34.42307692307692,2216.51,28.416794871794874,0.5844871794871795,1,Frequent High-Value Users
CUST_00404,73,3513.4,48.12876712328767,34.61643835616438,2051.82,28.107123287671236,0.5853424657534247,1,Frequent High-Value Users
CUST_00405,66,3150.8,47.73939393939394,33.34848484848485,1836.26,27.82212121212121,0.588030303030303,1,Frequent High-Value Users
CUST_00406,76,3526.7,46.40394736842105,36.06578947368421,2080.1,27.36973684210526,0.5903947368421052,1,Frequent High-Value Users
CUST_00407,69,3101.5,44.94927536231884,37.47826086956522,1789.49,25.93463768115942,0.5772463768115942,1,Frequent High-Value Users
CUST_00408,73,3414.0,46.76712328767123,35.89041095890411,2095.43,28.704520547945204,0.6104109589041096,1,Frequent High-Value Users
CUST_00409,76,3504.6,46.113157894736844,36.0921052631579,2051.24,26.99,0.5905263157894737,1,Frequent High-Value Users
CUST_00410,71,3250.2,45.777464788732395,35.2112676056338,1864.9,26.266197183098594,0.5788732394366197,1,Frequent High-Value Users
CUST_00411,73,3350.3,45.894520547945206,35.47945205479452,2023.24,27.715616438356165,0.6010958904109589,1,Frequent High-Value Users
CUST_00412,71,3261.5,45.936619718309856,35.11267605633803,1919.03,27.028591549295776,0.5877464788732394,1,Frequent High-Value Users
CUST_00413,81,3903.8,48.19506172839506,34.876543209876544,2359.55,29.130246913580248,0.6037037037037036,1,Frequent High-Value Users
CUST_00414,72,3479.1,48.32083333333333,34.90277777777778,2052.68,28.50944444444444,0.5918055555555556,1,Frequent High-Value Users
CUST_00415,74,3347.1,45.23108108108108,38.08108108108108,1969.81,26.619054054054054,0.5883783783783784,1,Frequent High-Value Users
CUST_00416,74,3422.4,46.24864864864865,36.391891891891895,2059.64,27.83297297297297,0.5963513513513514,1,Frequent High-Value Users
CUST_00417,74,3292.1,44.48783783783784,36.148648648648646,1963.35,26.531756756756756,0.5935135135135136,1,Frequent High-Value Users
CUST_00418,57,2569.5,45.078947368421055,37.175438596491226,1525.87,26.769649122807017,0.5982456140350877,1,Frequent High-Value Users
CUST_00419,82,4190.2,51.099999999999994,32.0609756097561,2472.89,30.15719512195122,0.5868292682926829,1,Frequent High-Value Users
CUST_00420,75,3405.8,45.41066666666667,37.85333333333333,1969.09,26.25453333333333,0.5836,1,Frequent High-Value Users
CUST_00421,69,3285.8,47.620289855072464,33.18840579710145,1932.29,28.004202898550723,0.5885507246376811,1,Frequent High-Value Users
CUST_00422,76,3802.3,50.03026315789474,31.842105263157894,2257.85,29.708552631578947,0.5956578947368422,1,Frequent High-Value Users
CUST_00423,81,4249.1,52.45802469135803,32.97530864197531,2524.28,31.16395061728395,0.5940740740740741,1,Frequent High-Value Users
CUST_00424,87,4379.5,50.339080459770116,32.06896551724138,2595.29,29.830919540229885,0.594367816091954,1,Frequent High-Value Users
CUST_00425,88,3953.9,44.93068181818182,36.75,2323.89,26.407840909090908,0.5907954545454546,1,Frequent High-Value Users
CUST_00426,90,3961.1,44.01222222222222,35.18888888888889,2307.87,25.642999999999997,0.5836666666666667,1,Frequent High-Value Users
CUST_00427,83,4037.4,48.64337349397591,34.33734939759036,2389.5,28.789156626506024,0.5906024096385543,1,Frequent High-Value Users
CUST_00428,81,3894.3,48.07777777777778,35.46913580246913,2341.03,28.901604938271607,0.5997530864197531,1,Frequent High-Value Users
CUST_00429,74,3662.2,49.48918918918919,34.7027027027027,2158.79,29.172837837837836,0.5940540540540541,1,Frequent High-Value Users
CUST_00430,65,3186.2,49.01846153846154,34.784615384615385,1856.99,28.569076923076924,0.584923076923077,1,Frequent High-Value Users
CUST_00431,74,3599.9,48.6472972972973,33.08108108108108,2197.06,29.689999999999998,0.6081081081081081,1,Frequent High-Value Users
CUST_00432,62,2875.0,46.37096774193548,34.645161290322584,1684.55,27.17016129032258,0.5904838709677419,1,Frequent High-Value Users
CUST_00433,75,3535.3,47.13733333333334,35.333333333333336,2109.92,28.132266666666666,0.6005333333333334,1,Frequent High-Value Users
CUST_00434,73,3359.7,46.02328767123287,36.02739726027397,2014.2,27.59178082191781,0.5984931506849315,1,Frequent High-Value Users
CUST_00435,74,3522.1,47.59594594594594,32.067567567567565,2124.52,28.70972972972973,0.6052702702702702,1,Frequent High-Value Users
CUST_00436,75,3608.6,48.114666666666665,34.693333333333335,2143.65,28.582,0.5936,1,Frequent High-Value Users
CUST_00437,64,3139.3,49.0515625,35.203125,1789.66,27.9634375,0.574375,1,Frequent High-Value Users
CUST_00438,76,3608.6,47.48157894736842,34.18421052631579,2193.39,28.860394736842103,0.6052631578947368,1,Frequent High-Value Users
CUST_00439,64,2915.7,45.5578125,36.8125,1720.71,26.88609375,0.5903125,1,Frequent High-Value Users
CUST_00440,79,3814.7,48.2873417721519,34.43037974683544,2265.5,28.67721518987342,0.5967088607594937,1,Frequent High-Value Users
CUST_00441,66,2891.5,43.81060606060606,37.833333333333336,1731.17,26.229848484848485,0.598939393939394,1,Frequent High-Value Users
CUST_00442,68,3045.2,44.78235294117647,36.30882352941177,1807.54,26.581470588235295,0.5935294117647059,1,Frequent High-Value Users
CUST_00443,67,2991.5,44.649253731343286,37.43283582089552,1738.16,25.94268656716418,0.5840298507462687,1,Frequent High-Value Users
CUST_00444,76,3597.4,47.33421052631579,35.56578947368421,2155.1,28.35657894736842,0.6003947368421053,1,Frequent High-Value Users
CUST_00445,64,3090.3,48.2859375,34.796875,1812.75,28.32421875,0.58625,1,Frequent High-Value Users
CUST_00446,73,3333.0,45.657534246575345,35.04109589041096,2010.28,27.53808219178082,0.6054794520547946,1,Frequent High-Value Users
CUST_00447,74,3594.5,48.57432432432432,30.85135135135135,2148.23,29.030135135135136,0.597027027027027,1,Frequent High-Value Users
CUST_00448,74,3662.7,49.49594594594594,33.554054054054056,2185.11,29.528513513513516,0.5966216216216216,1,Frequent High-Value Users
CUST_00449,70,3357.9,47.97,35.07142857142857,1975.12,28.215999999999998,0.5887142857142857,1,Frequent High-Value Users
CUST_00450,81,3765.1,46.48271604938272,35.592592592592595,2225.0,27.469135802469136,0.5919753086419753,1,Frequent High-Value Users
CUST_00451,65,3098.6,47.67076923076923,35.84615384615385,1852.04,28.492923076923077,0.5984615384615385,1,Frequent High-Value Users
CUST_00452,71,3243.2,45.67887323943662,36.95774647887324,1929.08,27.17014084507042,0.5981690140845071,1,Frequent High-Value Users
CUST_00453,73,3336.2,45.701369863013696,36.75342465753425,1964.27,26.907808219178083,0.5884931506849315,1,Frequent High-Value Users
CUST_00454,84,4011.9,47.760714285714286,34.583333333333336,2337.16,27.82333333333333,0.5833333333333334,1,Frequent High-Value Users
CUST_00455,61,2693.3,44.15245901639344,36.57377049180328,1567.55,25.697540983606558,0.5845901639344263,1,Frequent High-Value Users
CUST_00456,72,3411.1,47.37638888888889,35.333333333333336,2026.95,28.152083333333334,0.5950000000000001,1,Frequent High-Value Users
CUST_00457,64,2972.3,46.4421875,33.234375,1762.54,27.5396875,0.59515625,1,Frequent High-Value Users
CUST_00458,57,2942.6,51.62456140350877,34.473684210526315,1778.14,31.19543859649123,0.6040350877192983,1,Frequent High-Value Users
CUST_00459,74,3222.9,43.5527027027027,36.851351351351354,1953.83,26.403108108108107,0.6089189189189189,1,Frequent High-Value Users
CUST_00460,71,3394.7,47.81267605633803,35.16901408450704,1963.14,27.64985915492958,0.5777464788732395,1,Frequent High-Value Users
CUST_00461,77,3631.5,47.16233766233766,34.57142857142857,2176.23,28.262727272727272,0.5924675324675325,1,Frequent High-Value Users
CUST_00462,83,3807.7,45.875903614457826,37.72289156626506,2288.93,27.57746987951807,0.5965060240963855,1,Frequent High-Value Users
CUST_00463,81,3658.0,45.160493827160494,36.93827160493827,2171.44,26.8079012345679,0.592962962962963,1,Frequent High-Value Users
CUST_00464,76,3459.3,45.517105263157895,35.94736842105263,2078.22,27.345,0.5948684210526316,1,Frequent High-Value Users
CUST_00465,70,3394.9,48.49857142857143,34.142857142857146,2028.41,28.977285714285717,0.5991428571428571,1,Frequent High-Value Users
CUST_00466,74,3245.8,43.862162162162164,36.04054054054054,1905.31,25.747432432432433,0.5894594594594594,1,Frequent High-Value Users
CUST_00467,76,3597.8,47.33947368421053,37.10526315789474,2114.21,27.81855263157895,0.5930263157894737,1,Frequent High-Value Users
CUST_00468,81,3928.4,48.498765432098764,32.93827160493827,2371.19,29.27395061728395,0.6027160493827161,1,Frequent High-Value Users
CUST_00469,67,2909.3,43.4223880597015,39.61194029850746,1669.16,24.912835820895523,0.5732835820895523,1,Frequent High-Value Users
CUST_00470,74,3526.8,47.65945945945946,33.63513513513514,2066.18,27.921351351351348,0.5916216216216217,1,Frequent High-Value Users
CUST_00471,57,2560.4,44.91929824561404,37.45614035087719,1541.79,27.048947368421054,0.606140350877193,1,Frequent High-Value Users
CUST_00472,72,3302.6,45.86944444444444,35.611111111111114,1942.83,26.98375,0.5916666666666667,1,Frequent High-Value Users
CUST_00473,63,3034.1,48.16031746031746,33.93650793650794,1742.74,27.662539682539684,0.5773015873015873,1,Frequent High-Value Users
CUST_00474,69,3129.9,45.36086956521739,35.6231884057971,1822.14,26.407826086956522,0.5772463768115942,1,Frequent High-Value Users
CUST_00475,87,3918.2,45.0367816091954,35.6551724137931,2363.73,27.169310344827586,0.603103448275862,1,Frequent High-Value Users
CUST_00476,67,3421.4,51.06567164179105,31.19402985074627,2061.81,30.77328358208955,0.6019402985074627,1,Frequent High-Value Users
CUST_00477,74,3540.2,47.84054054054054,34.86486486486486,2064.87,27.903648648648648,0.585135135135135,1,Frequent High-Value Users
CUST_00478,70,3277.1,46.815714285714286,37.47142857142857,1987.41,28.391571428571428,0.6054285714285714,1,Frequent High-Value Users
CUST_00479,80,3560.7,44.50875,37.0,2077.99,25.974874999999997,0.583625,1,Frequent High-Value Users
CUST_00480,79,3849.0,48.721518987341774,34.139240506329116,2324.33,29.421898734177216,0.6051898734177216,1,Frequent High-Value Users
CUST_00481,54,2572.1,47.63148148148148,35.333333333333336,1510.95,27.980555555555558,0.5866666666666667,1,Frequent High-Value Users
CUST_00482,74,3445.7,46.56351351351351,33.810810810810814,2071.99,27.99986486486486,0.6056756756756757,1,Frequent High-Value Users
CUST_00483,69,3185.9,46.172463768115946,35.7536231884058,1838.26,26.64144927536232,0.5784057971014493,1,Frequent High-Value Users
CUST_00484,69,3149.9,45.65072463768116,34.69565217391305,1875.42,27.18,0.5979710144927536,1,Frequent High-Value Users
CUST_00485,80,3465.3,43.316250000000004,37.075,2033.76,25.422,0.592875,1,Frequent High-Value Users
CUST_00486,72,3570.9,49.59583333333333,32.22222222222222,2109.33,29.29625,0.5902777777777778,1,Frequent High-Value Users
CUST_00487,64,3132.9,48.9515625,34.6875,1858.88,29.045,0.59546875,1,Frequent High-Value Users
CUST_00488,71,3346.5,47.13380281690141,34.901408450704224,1957.57,27.571408450704226,0.5825352112676057,1,Frequent High-Value Users
CUST_00489,76,3434.0,45.18421052631579,38.28947368421053,2074.66,27.29815789473684,0.5997368421052631,1,Frequent High-Value Users
CUST_00490,69,3478.2999999999997,50.41014492753623,31.463768115942027,2075.57,30.08072463768116,0.5995652173913043,1,Frequent High-Value Users
CUST_00491,87,4146.0,47.6551724137931,33.91954022988506,2441.68,28.065287356321836,0.588735632183908,1,Frequent High-Value Users
CUST_00492,77,3457.3,44.900000000000006,36.701298701298704,2056.61,26.709220779220782,0.5945454545454546,1,Frequent High-Value Users
CUST_00493,74,3531.5,47.722972972972975,36.16216216216216,2098.35,28.35608108108108,0.5940540540540541,1,Frequent High-Value Users
CUST_00494,66,3275.6,49.630303030303025,30.863636363636363,1935.84,29.33090909090909,0.5925757575757575,1,Frequent High-Value Users
CUST_00495,59,2553.9,43.286440677966105,37.88135593220339,1505.1,25.51016949152542,0.5903389830508474,1,Frequent High-Value Users
CUST_00496,65,2977.0,45.8,35.46153846153846,1766.65,27.17923076923077,0.5921538461538461,1,Frequent High-Value Users
CUST_00497,68,3067.9,45.116176470588236,36.61764705882353,1813.61,26.670735294117645,0.5927941176470588,1,Frequent High-Value Users
CUST_00498,79,4025.5,50.95569620253165,32.91139240506329,2442.39,30.91632911392405,0.610379746835443,1,Frequent High-Value Users
CUST_00499,71,3255.6,45.85352112676056,37.014084507042256,1932.13,27.213098591549297,0.591830985915493,1,Frequent High-Value Users
CUST_00500,76,3341.3,43.96447368421053,36.4078947368421,1965.6200000000001,25.86342105263158,0.5852631578947368,1,Frequent High-Value Users
CUST_00501,79,3401.7,43.05949367088608,37.063291139240505,1994.94,25.25240506329114,0.5902531645569621,1,Frequent High-Value Users
CUST_00502,93,4295.0,46.18279569892473,36.913978494623656,2501.14,26.893978494623653,0.5825806451612903,1,Frequent High-Value Users
CUST_00503,71,3377.2,47.56619718309859,34.57746478873239,2048.54,28.852676056338026,0.602112676056338,1,Frequent High-Value Users
CUST_00504,55,2434.5,44.263636363636365,35.41818181818182,1420.09,25.81981818181818,0.5836363636363636,1,Frequent High-Value Users
CUST_00505,71,3408.1,48.001408450704226,33.40845070422535,1993.24,28.07380281690141,0.5852112676056338,1,Frequent High-Value Users
CUST_00506,58,2985.3,51.470689655172414,33.06896551724138,1809.14,31.192068965517244,0.6050000000000001,1,Frequent High-Value Users
CUST_00507,82,3991.3,48.674390243902444,33.3780487804878,2356.29,28.735243902439024,0.5932926829268292,1,Frequent High-Value Users
CUST_00508,65,3087.9,47.50615384615385,34.38461538461539,1805.69,27.779846153846155,0.5866153846153846,1,Frequent High-Value Users
CUST_00509,67,2998.8,44.758208955223886,35.56716417910448,1822.69,27.204328358208954,0.6049253731343284,1,Frequent High-Value Users
CUST_00510,83,3864.7,46.56265060240963,36.8433734939759,2321.84,27.97397590361446,0.5992771084337349,1,Frequent High-Value Users
CUST_00511,75,3501.7,46.68933333333333,34.61333333333334,2112.27,28.1636,0.5992,1,Frequent High-Value Users
CUST_00512,58,2527.4,43.57586206896552,37.258620689655174,1455.05,25.08706896551724,0.5762068965517242,1,Frequent High-Value Users
CUST_00513,57,2775.1,48.6859649122807,33.421052631578945,1670.27,29.302982456140352,0.5973684210526315,1,Frequent High-Value Users
CUST_00514,70,3132.9,44.755714285714284,36.27142857142857,1860.25,26.575,0.5937142857142857,1,Frequent High-Value Users
CUST_00515,67,2918.7,43.56268656716418,36.791044776119406,1716.0,25.611940298507463,0.5919402985074627,1,Frequent High-Value Users
CUST_00516,68,3135.1,46.10441176470588,35.76470588235294,1827.39,26.873382352941178,0.58,1,Frequent High-Value Users
CUST_00517,70,3096.2,44.231428571428566,36.02857142857143,1837.16,26.24514285714286,0.5954285714285714,1,Frequent High-Value Users
CUST_00518,71,3595.7,50.64366197183098,32.943661971830984,2135.51,30.07760563380282,0.5950704225352113,1,Frequent High-Value Users
CUST_00519,76,3382.9,44.511842105263156,36.73684210526316,1985.68,26.127368421052633,0.5902631578947368,1,Frequent High-Value Users
CUST_00520,83,3789.1,45.651807228915665,35.325301204819276,2231.81,26.889277108433735,0.5901204819277108,1,Frequent High-Value Users
CUST_00521,72,3536.8,49.12222222222223,34.513888888888886,2068.65,28.731250000000003,0.5881944444444445,1,Frequent High-Value Users
CUST_00522,83,4014.3,48.36506024096386,33.24096385542169,2364.16,28.483855421686744,0.5898795180722892,1,Frequent High-Value Users
CUST_00523,71,3287.5,46.30281690140845,34.394366197183096,1984.13,27.94549295774648,0.6005633802816901,1,Frequent High-Value Users
CUST_00524,69,3253.1,47.1463768115942,34.17391304347826,1941.75,28.141304347826086,0.5963768115942029,1,Frequent High-Value Users
CUST_00525,68,3071.4,45.16764705882353,36.279411764705884,1808.93,26.601911764705882,0.588970588235294,1,Frequent High-Value Users
CUST_00526,81,3816.7,47.11975308641975,33.7037037037037,2239.7599999999998,27.651358024691355,0.5874074074074074,1,Frequent High-Value Users
CUST_00527,71,3550.8,50.011267605633805,33.605633802816904,2081.57,29.317887323943665,0.5845070422535211,1,Frequent High-Value Users
CUST_00528,64,3270.2,51.096875,32.6875,1963.09,30.67328125,0.59828125,1,Frequent High-Value Users
CUST_00529,78,3712.9,47.601282051282055,34.52564102564103,2185.59,28.020384615384618,0.5866666666666667,1,Frequent High-Value Users
CUST_00530,76,3578.1,47.080263157894734,36.26315789473684,2144.42,28.216052631578947,0.5972368421052632,1,Frequent High-Value Users
CUST_00531,77,3589.9,46.62207792207792,34.883116883116884,2119.57,27.52688311688312,0.5912987012987013,1,Frequent High-Value Users
CUST_00532,71,3447.1,48.55070422535211,35.16901408450704,2107.27,29.679859154929577,0.6085915492957746,1,Frequent High-Value Users
CUST_00533,70,3427.5,48.964285714285715,34.457142857142856,2014.75,28.78214285714286,0.588,1,Frequent High-Value Users
CUST_00534,67,2993.1,44.67313432835821,36.298507462686565,1809.68,27.010149253731345,0.6007462686567164,1,Frequent High-Value Users
CUST_00535,59,2737.8,46.40338983050848,35.30508474576271,1644.88,27.87932203389831,0.5989830508474577,1,Frequent High-Value Users
CUST_00536,80,3773.3,47.166250000000005,36.1,2233.63,27.920375,0.592125,1,Frequent High-Value Users
CUST_00537,86,3741.2,43.50232558139535,37.127906976744185,2225.07,25.872906976744186,0.5973255813953489,1,Frequent High-Value Users
CUST_00538,63,3015.5,47.86507936507937,34.92063492063492,1779.63,28.24809523809524,0.5900000000000001,1,Frequent High-Value Users
CUST_00539,75,3443.1,45.908,34.78666666666667,1996.35,26.618,0.5813333333333334,1,Frequent High-Value Users
CUST_00540,80,3787.7999999999997,47.3475,33.9625,2283.03,28.537875000000003,0.60325,1,Frequent High-Value Users
CUST_00541,85,4021.8,47.31529411764706,34.247058823529414,2376.05,27.95352941176471,0.5911764705882353,1,Frequent High-Value Users
CUST_00542,84,4039.1,48.08452380952381,34.714285714285715,2448.52,29.149047619047618,0.6014285714285714,1,Frequent High-Value Users
CUST_00543,71,3105.3,43.73661971830986,36.45070422535211,1821.36,25.652957746478872,0.5908450704225352,1,Frequent High-Value Users
CUST_00544,66,3112.5,47.15909090909091,35.56060606060606,1870.39,28.339242424242425,0.5972727272727273,1,Frequent High-Value Users
CUST_00545,67,3202.5,47.798507462686565,34.776119402985074,1893.0,28.253731343283583,0.5913432835820895,1,Frequent High-Value Users
CUST_00546,76,3540.1,46.580263157894734,35.73684210526316,2124.45,27.953289473684208,0.5969736842105263,1,Frequent High-Value Users
CUST_00547,81,3710.0,45.80246913580247,36.48148148148148,2145.23,26.48432098765432,0.5806172839506173,1,Frequent High-Value Users
CUST_00548,53,2433.5,45.91509433962264,35.490566037735846,1417.78,26.750566037735847,0.5826415094339622,1,Frequent High-Value Users
CUST_00549,58,2707.3,46.67758620689656,35.37931034482759,1586.94,27.361034482758622,0.5875862068965517,1,Frequent High-Value Users
CUST_00550,78,3611.9,46.30641025641026,36.14102564102564,2168.32,27.798974358974363,0.5984615384615385,1,Frequent High-Value Users
CUST_00551,65,3250.1,50.00153846153846,34.53846153846154,1935.27,29.773384615384614,0.5972307692307692,1,Frequent High-Value Users
CUST_00552,51,2553.9,50.076470588235296,32.470588235294116,1523.81,29.878627450980392,0.594313725490196,1,Frequent High-Value Users
CUST_00553,71,3501.5,49.316901408450704,33.23943661971831,2034.38,28.65323943661972,0.5811267605633803,1,Frequent High-Value Users
CUST_00554,71,3227.6,45.459154929577466,33.95774647887324,1914.45,26.964084507042255,0.5936619718309859,1,Frequent High-Value Users
CUST_00555,85,4076.2,47.95529411764706,34.811764705882354,2417.76,28.44423529411765,0.5907058823529412,1,Frequent High-Value Users
CUST_00556,54,2415.3,44.72777777777778,37.2037037037037,1435.06,26.575185185185184,0.5942592592592594,1,Frequent High-Value Users
CUST_00557,58,2760.3,47.591379310344834,35.89655172413793,1652.34,28.48862068965517,0.6017241379310344,1,Frequent High-Value Users
CUST_00558,77,3897.2,50.61298701298701,33.857142857142854,2259.16,29.339740259740257,0.5820779220779221,1,Frequent High-Value Users
CUST_00559,71,3177.5,44.75352112676056,37.67605633802817,1852.34,26.089295774647887,0.5826760563380281,1,Frequent High-Value Users
CUST_00560,82,3984.8,48.59512195121951,33.13414634146341,2386.42,29.10268292682927,0.5984146341463414,1,Frequent High-Value Users
CUST_00561,75,3417.6,45.568,36.32,2021.7,26.956,0.5917333333333333,1,Frequent High-Value Users
CUST_00562,69,3027.5,43.8768115942029,36.84057971014493,1798.69,26.067971014492755,0.5901449275362318,1,Frequent High-Value Users
CUST_00563,71,3389.9,47.745070422535214,34.859154929577464,2012.96,28.35154929577465,0.593943661971831,1,Frequent High-Value Users
CUST_00564,75,3439.6,45.861333333333334,35.68,2030.62,27.07493333333333,0.588,1,Frequent High-Value Users
CUST_00565,62,2771.3,44.6983870967742,37.5,1676.64,27.04258064516129,0.6035483870967743,1,Frequent High-Value Users
CUST_00566,55,2630.0,47.81818181818182,33.03636363636364,1557.6,28.319999999999997,0.5890909090909091,1,Frequent High-Value Users
CUST_00567,59,2725.6,46.19661016949152,35.898305084745765,1569.96,26.609491525423728,0.5815254237288136,1,Frequent High-Value Users
CUST_00568,63,3029.9,48.093650793650795,35.76190476190476,1799.72,28.566984126984128,0.5874603174603175,1,Frequent High-Value Users
CUST_00569,70,3192.0,45.6,36.17142857142857,1909.67,27.281000000000002,0.6015714285714285,1,Frequent High-Value Users
CUST_00570,74,3394.6,45.872972972972974,37.648648648648646,2006.37,27.113108108108108,0.5925675675675676,1,Frequent High-Value Users
CUST_00571,66,3018.7,45.737878787878785,34.90909090909091,1794.69,27.192272727272726,0.5954545454545455,1,Frequent High-Value Users
CUST_00572,75,3452.7,46.035999999999994,34.96,2069.24,27.589866666666662,0.6009333333333333,1,Frequent High-Value Users
CUST_00573,74,3419.5,46.20945945945946,33.33783783783784,2075.77,28.050945945945944,0.6047297297297297,1,Frequent High-Value Users
CUST_00574,69,3305.8,47.91014492753624,34.53623188405797,1940.2,28.118840579710145,0.5839130434782609,1,Frequent High-Value Users
CUST_00575,72,3301.2,45.849999999999994,35.541666666666664,1959.88,27.220555555555556,0.5979166666666667,1,Frequent High-Value Users
CUST_00576,60,2646.1,44.10166666666667,38.483333333333334,1554.86,25.91433333333333,0.5913333333333333,1,Frequent High-Value Users
CUST_00577,78,3941.7,50.534615384615385,32.05128205128205,2320.7,29.7525641025641,0.5862820512820512,1,Frequent High-Value Users
CUST_00578,77,3577.0,46.45454545454545,37.25974025974026,2117.6,27.5012987012987,0.5974025974025974,1,Frequent High-Value Users
CUST_00579,84,4130.3,49.1702380952381,33.11904761904762,2464.44,29.33857142857143,0.5980952380952381,1,Frequent High-Value Users
CUST_00580,87,4316.8,49.6183908045977,34.40229885057471,2578.8,29.64137931034483,0.5974712643678161,1,Frequent High-Value Users
CUST_00581,90,4320.5,48.00555555555555,34.78888888888889,2557.79,28.419888888888888,0.5927777777777778,1,Frequent High-Value Users
CUST_00582,67,3184.4,47.528358208955225,35.74626865671642,1856.77,27.712985074626864,0.5880597014925373,1,Frequent High-Value Users
CUST_00583,69,3107.8,45.04057971014493,36.53623188405797,1803.83,26.14246376811594,0.585072463768116,1,Frequent High-Value Users
CUST_00584,82,4022.6,49.05609756097561,33.08536585365854,2369.16,28.892195121951218,0.5917073170731708,1,Frequent High-Value Users
CUST_00585,70,2997.7,42.824285714285715,37.957142857142856,1803.86,25.76942857142857,0.6035714285714285,1,Frequent High-Value Users
CUST_00586,79,3700.4,46.84050632911393,35.43037974683544,2254.02,28.531898734177215,0.6043037974683545,1,Frequent High-Value Users
CUST_00587,69,3368.7,48.82173913043478,35.072463768115945,1993.38,28.889565217391304,0.5946376811594203,1,Frequent High-Value Users
CUST_00588,73,3219.0,44.0958904109589,36.56164383561644,1905.95,26.10890410958904,0.5939726027397261,1,Frequent High-Value Users
CUST_00589,81,3714.5,45.858024691358025,37.01234567901235,2245.59,27.723333333333336,0.6027160493827161,1,Frequent High-Value Users
CUST_00590,77,3707.2,48.14545454545454,34.493506493506494,2164.55,28.111038961038965,0.5822077922077922,1,Frequent High-Value Users
CUST_00591,63,3007.6,47.73968253968254,34.77777777777778,1792.9,28.45873015873016,0.5952380952380952,1,Frequent High-Value Users
CUST_00592,63,3051.9,48.44285714285714,34.36507936507937,1807.96,28.697777777777777,0.5888888888888889,1,Frequent High-Value Users
CUST_00593,69,3266.2,47.336231884057966,34.85507246376812,1922.42,27.861159420289855,0.5933333333333333,1,Frequent High-Value Users
CUST_00594,91,3942.3,43.321978021978026,37.0989010989011,2319.23,25.486043956043957,0.5902197802197803,1,Frequent High-Value Users
CUST_00595,78,3788.1,48.565384615384616,34.62820512820513,2257.88,28.94717948717949,0.5943589743589743,1,Frequent High-Value Users
CUST_00596,68,3105.2,45.66470588235294,35.85294117647059,1852.6,27.24411764705882,0.5933823529411765,1,Frequent High-Value Users
CUST_00597,60,2886.7,48.111666666666665,33.45,1675.46,27.924333333333333,0.5850000000000001,1,Frequent High-Value Users
CUST_00598,61,2935.2,48.118032786885244,34.39344262295082,1736.19,28.462131147540983,0.5929508196721311,1,Frequent High-Value Users
CUST_00599,76,3676.0,48.36842105263158,33.5921052631579,2163.71,28.46986842105263,0.5886842105263158,1,Frequent High-Value Users
CUST_00600,95,4456.3,46.90842105263158,34.305263157894736,2621.18,27.59136842105263,0.5892631578947368,1,Frequent High-Value Users
CUST_00601,79,3663.5,46.37341772151899,35.40506329113924,2141.3,27.105063291139242,0.5836708860759494,1,Frequent High-Value Users
CUST_00602,68,3160.8,46.48235294117647,34.88235294117647,1861.78,27.379117647058823,0.5886764705882354,1,Frequent High-Value Users
CUST_00603,72,3074.6,42.702777777777776,38.30555555555556,1772.67,24.620416666666667,0.5783333333333334,1,Frequent High-Value Users
CUST_00604,69,3335.5,48.34057971014493,32.68115942028985,1963.12,28.45101449275362,0.5889855072463768,1,Frequent High-Value Users
CUST_00605,85,3925.8,46.18588235294118,34.78823529411765,2304.7400000000002,27.11458823529412,0.5883529411764705,1,Frequent High-Value Users
CUST_00606,68,3043.2,44.752941176470586,38.0,1812.2,26.650000000000002,0.5958823529411765,1,Frequent High-Value Users
CUST_00607,74,3602.5,48.682432432432435,32.2972972972973,2093.05,28.284459459459462,0.5836486486486486,1,Frequent High-Value Users
CUST_00608,53,2608.5,49.216981132075475,33.339622641509436,1564.41,29.517169811320755,0.5973584905660377,1,Frequent High-Value Users
CUST_00609,82,3937.0,48.01219512195122,35.34146341463415,2298.14,28.026097560975607,0.585,1,Frequent High-Value Users
CUST_00610,75,3500.2,46.669333333333334,34.986666666666665,2034.22,27.122933333333332,0.5817333333333333,1,Frequent High-Value Users
CUST_00611,68,3312.3,48.71029411764706,32.36764705882353,2001.64,29.435882352941178,0.6070588235294118,1,Frequent High-Value Users
CUST_00612,81,3692.9,45.59135802469136,36.4320987654321,2222.14,27.433827160493827,0.595925925925926,1,Frequent High-Value Users
CUST_00613,86,4259.5,49.52906976744186,33.97674418604651,2547.46,29.621627906976745,0.5976744186046511,1,Frequent High-Value Users
CUST_00614,73,3567.2,48.865753424657534,33.68493150684932,2144.8,29.380821917808223,0.6042465753424657,1,Frequent High-Value Users
CUST_00615,67,3087.7,46.08507462686567,33.3134328358209,1855.64,27.696119402985076,0.6016417910447761,1,Frequent High-Value Users
CUST_00616,83,3685.8,44.40722891566265,37.74698795180723,2141.91,25.80614457831325,0.5849397590361446,1,Frequent High-Value Users
CUST_00617,73,3474.8,47.6,33.794520547945204,2047.49,28.047808219178084,0.5897260273972602,1,Frequent High-Value Users
CUST_00618,71,3110.4,43.80845070422535,37.76056338028169,1834.31,25.835352112676055,0.5891549295774647,1,Frequent High-Value Users
CUST_00619,64,2821.4,44.084375,37.84375,1704.7,26.6359375,0.599375,1,Frequent High-Value Users
CUST_00620,78,3571.6,45.78974358974359,36.1025641025641,2103.53,26.968333333333337,0.596025641025641,1,Frequent High-Value Users
CUST_00621,87,4116.1,47.311494252873565,36.0,2419.33,27.8083908045977,0.5872413793103448,1,Frequent High-Value Users
CUST_00622,70,2892.2,41.317142857142855,38.82857142857143,1739.45,24.849285714285713,0.5977142857142858,1,Frequent High-Value Users
CUST_00623,66,3034.8,45.981818181818184,35.621212121212125,1775.0,26.893939393939394,0.5845454545454545,1,Frequent High-Value Users
CUST_00624,75,3574.1,47.654666666666664,33.89333333333333,2161.9,28.825333333333333,0.6070666666666666,1,Frequent High-Value Users
CUST_00625,60,2744.2,45.736666666666665,37.4,1694.28,28.238,0.6178333333333333,1,Frequent High-Value Users
CUST_00626,73,3390.4,46.443835616438356,34.61643835616438,1966.54,26.93890410958904,0.5868493150684932,1,Frequent High-Value Users
CUST_00627,68,3105.4,45.66764705882353,36.3235294117647,1800.15,26.47279411764706,0.5766176470588236,1,Frequent High-Value Users
CUST_00628,73,3414.4,46.772602739726025,35.84931506849315,2031.52,27.82904109589041,0.5895890410958904,1,Frequent High-Value Users
CUST_00629,68,3025.8,44.497058823529414,37.94117647058823,1789.75,26.31985294117647,0.598529411764706,1,Frequent High-Value Users
CUST_00630,89,4094.5,46.00561797752809,36.79775280898876,2407.07,27.045730337078652,0.589438202247191,1,Frequent High-Value Users
CUST_00631,73,3515.4,48.156164383561645,34.68493150684932,2086.89,28.58753424657534,0.5961643835616439,1,Frequent High-Value Users
CUST_00632,64,3012.8,47.075,35.171875,1788.69,27.94828125,0.59453125,1,Frequent High-Value Users
CUST_00633,82,3880.6,47.324390243902435,35.59756097560975,2309.13,28.160121951219512,0.5960975609756098,1,Frequent High-Value Users
CUST_00634,71,3167.7,44.615492957746476,35.88732394366197,1899.69,26.756197183098593,0.6036619718309859,1,Frequent High-Value Users
CUST_00635,76,3532.4,46.47894736842105,35.21052631578947,2064.7400000000002,27.167631578947372,0.5878947368421052,1,Frequent High-Value Users
CUST_00636,91,4357.1,47.88021978021978,35.07692307692308,2630.53,28.90692307692308,0.6035164835164836,1,Frequent High-Value Users
CUST_00637,83,3948.8,47.575903614457836,34.18072289156626,2380.99,28.686626506024094,0.6033734939759036,1,Frequent High-Value Users
CUST_00638,78,3516.3,45.080769230769235,35.34615384615385,2079.88,26.665128205128205,0.5978205128205129,1,Frequent High-Value Users
CUST_00639,69,3202.9,46.41884057971015,35.391304347826086,1890.78,27.402608695652173,0.5884057971014492,1,Frequent High-Value Users
CUST_00640,70,3365.5,48.07857142857143,34.41428571428571,2011.5,28.735714285714284,0.6005714285714285,1,Frequent High-Value Users
CUST_00641,67,3030.7,45.234328358208955,37.40298507462686,1803.35,26.915671641791043,0.5901492537313433,1,Frequent High-Value Users
CUST_00642,72,3241.8,45.025000000000006,35.916666666666664,1956.14,27.16861111111111,0.607361111111111,1,Frequent High-Value Users
CUST_00643,63,2835.9,45.01428571428571,36.714285714285715,1701.14,27.002222222222223,0.5938095238095238,1,Frequent High-Value Users
CUST_00644,68,3192.0,46.94117647058823,34.720588235294116,1879.79,27.643970588235295,0.5888235294117647,1,Frequent High-Value Users
CUST_00645,75,3227.0,43.026666666666664,37.50666666666667,1917.21,25.5628,0.5976,1,Frequent High-Value Users
CUST_00646,68,3001.3,44.13676470588236,38.029411764705884,1777.99,26.146911764705884,0.5919117647058824,1,Frequent High-Value Users
CUST_00647,89,4129.3,46.396629213483145,35.247191011235955,2441.59,27.43359550561798,0.5916853932584271,1,Frequent High-Value Users
CUST_00648,57,2661.2,46.68771929824561,33.54385964912281,1572.18,27.582105263157896,0.5929824561403508,1,Frequent High-Value Users
CUST_00649,82,3946.6,48.12926829268292,35.23170731707317,2282.38,27.833902439024392,0.5808536585365854,1,Frequent High-Value Users
CUST_00650,73,3602.8,49.35342465753425,34.93150684931507,2115.98,28.986027397260273,0.5887671232876712,1,Frequent High-Value Users
CUST_00651,62,2747.4,44.31290322580645,36.67741935483871,1583.91,25.546935483870968,0.5764516129032259,1,Frequent High-Value Users
CUST_00652,79,3834.9,48.54303797468354,34.12658227848101,2277.5,28.829113924050635,0.5958227848101266,1,Frequent High-Value Users
CUST_00653,83,3815.5,45.96987951807229,34.975903614457835,2241.19,27.002289156626507,0.5907228915662651,1,Frequent High-Value Users
CUST_00654,67,3140.8,46.87761194029851,36.492537313432834,1893.8,28.265671641791045,0.6007462686567164,1,Frequent High-Value Users
CUST_00655,81,3823.1,47.19876543209877,34.148148148148145,2300.47,28.40086419753086,0.6022222222222222,1,Frequent High-Value Users
CUST_00656,70,3271.8,46.74,34.857142857142854,1969.1200000000001,28.130285714285716,0.6007142857142856,1,Frequent High-Value Users
CUST_00657,68,3055.2,44.92941176470588,36.23529411764706,1830.18,26.914411764705882,0.6023529411764706,1,Frequent High-Value Users
CUST_00658,65,3094.0,47.6,35.38461538461539,1802.89,27.736769230769234,0.5856923076923077,1,Frequent High-Value Users
CUST_00659,79,3562.9,45.1,36.63291139240506,2098.44,26.56253164556962,0.5887341772151898,1,Frequent High-Value Users
CUST_00660,80,3716.4,46.455,36.1,2204.95,27.561874999999997,0.5938749999999999,1,Frequent High-Value Users
CUST_00661,56,2635.0,47.05357142857143,37.339285714285715,1557.04,27.804285714285715,0.5912499999999999,1,Frequent High-Value Users
CUST_00662,69,3119.6,45.21159420289855,36.971014492753625,1834.38,26.58521739130435,0.5904347826086956,1,Frequent High-Value Users
CUST_00663,64,2775.5,43.3671875,37.90625,1656.89,25.88890625,0.59375,1,Frequent High-Value Users
CUST_00664,68,3250.8,47.80588235294118,33.98529411764706,1897.47,27.903970588235296,0.5841176470588235,1,Frequent High-Value Users
CUST_00665,72,3250.2,45.141666666666666,36.55555555555556,1952.66,27.12027777777778,0.5986111111111111,1,Frequent High-Value Users
CUST_00666,90,4182.7,46.474444444444444,35.9,2508.15,27.868333333333336,0.5966666666666667,1,Frequent High-Value Users
CUST_00667,51,2454.5,48.127450980392155,34.8235294117647,1478.8600000000001,28.997254901960787,0.605686274509804,1,Frequent High-Value Users
CUST_00668,71,3400.4,47.89295774647888,33.87323943661972,2003.7,28.22112676056338,0.5894366197183099,1,Frequent High-Value Users
CUST_00669,73,3534.9,48.42328767123288,31.972602739726028,2132.76,29.215890410958906,0.6052054794520548,1,Frequent High-Value Users
CUST_00670,73,3430.4,46.99178082191781,33.41095890410959,2017.72,27.64,0.5864383561643836,1,Frequent High-Value Users
CUST_00671,73,3527.6,48.323287671232876,35.013698630136986,2106.43,28.855205479452053,0.5994520547945206,1,Frequent High-Value Users
CUST_00672,77,3443.5,44.72077922077922,35.51948051948052,2069.32,26.874285714285715,0.5989610389610389,1,Frequent High-Value Users
CUST_00673,61,3112.5,51.02459016393443,31.57377049180328,1889.36,30.973114754098358,0.6031147540983607,1,Frequent High-Value Users
CUST_00674,69,3312.2,48.00289855072464,33.95652173913044,2013.91,29.187101449275364,0.605072463768116,1,Frequent High-Value Users
CUST_00675,65,2953.4,45.43692307692308,36.58461538461538,1741.9,26.798461538461538,0.5923076923076923,1,Frequent High-Value Users
CUST_00676,88,3956.1,44.955681818181816,36.17045454545455,2361.54,26.83568181818182,0.5926136363636364,1,Frequent High-Value Users
CUST_00677,69,3142.2,45.53913043478261,35.768115942028984,1860.04,26.957101449275363,0.592463768115942,1,Frequent High-Value Users
CUST_00678,79,3806.6,48.18481012658228,34.35443037974684,2265.0,28.670886075949365,0.5982278481012658,1,Frequent High-Value Users
CUST_00679,67,3083.0,46.014925373134325,35.134328358208954,1832.47,27.350298507462686,0.5949253731343284,1,Frequent High-Value Users
CUST_00680,62,2898.2,46.74516129032258,34.96774193548387,1685.71,27.188870967741938,0.5829032258064516,1,Frequent High-Value Users
CUST_00681,81,3879.5,47.89506172839506,34.592592592592595,2314.62,28.575555555555553,0.5975308641975309,1,Frequent High-Value Users
CUST_00682,70,3234.1,46.20142857142857,36.17142857142857,1950.23,27.86042857142857,0.6012857142857143,1,Frequent High-Value Users
CUST_00683,77,3498.9,45.44025974025974,35.142857142857146,2126.09,27.611558441558444,0.6074025974025974,1,Frequent High-Value Users
CUST_00684,65,3000.8,46.16615384615385,36.46153846153846,1809.51,27.838615384615384,0.6013846153846154,1,Frequent High-Value Users
CUST_00685,72,3584.0,49.77777777777778,31.708333333333332,2193.28,30.462222222222223,0.6093055555555555,1,Frequent High-Value Users
CUST_00686,83,3795.2,45.725301204819274,37.397590361445786,2235.44,26.933012048192772,0.5948192771084337,1,Frequent High-Value Users
CUST_00687,75,3717.0,49.56,33.24,2197.68,29.3024,0.5942666666666667,1,Frequent High-Value Users
CUST_00688,78,3676.5,47.13461538461539,34.166666666666664,2220.96,28.473846153846154,0.6039743589743589,1,Frequent High-Value Users
CUST_00689,91,4156.4,45.67472527472527,36.989010989010985,2515.52,27.643076923076922,0.6027472527472527,1,Frequent High-Value Users
CUST_00690,91,4013.3,44.10219780219781,37.582417582417584,2372.62,26.072747252747252,0.5943956043956045,1,Frequent High-Value Users
CUST_00691,80,3598.7,44.98375,34.8875,2130.06,26.62575,0.594125,1,Frequent High-Value Users
CUST_00692,69,3377.8,48.9536231884058,34.08695652173913,1964.74,28.47449275362319,0.585072463768116,1,Frequent High-Value Users
CUST_00693,56,2449.2,43.73571428571428,37.767857142857146,1462.34,26.113214285714285,0.6012500000000001,1,Frequent High-Value Users
CUST_00694,73,3212.3,44.0041095890411,36.02739726027397,1903.09,26.06972602739726,0.5913698630136986,1,Frequent High-Value Users
CUST_00695,72,3439.9,47.77638888888889,34.791666666666664,2047.47,28.437083333333334,0.5947222222222223,1,Frequent High-Value Users
CUST_00696,63,3004.6,47.69206349206349,35.95238095238095,1798.26,28.543809523809525,0.5976190476190476,1,Frequent High-Value Users
CUST_00697,75,3477.9,46.372,36.45333333333333,2060.75,27.476666666666667,0.5912000000000001,1,Frequent High-Value Users
CUST_00698,74,3750.3,50.67972972972973,32.21621621621622,2260.52,30.54756756756757,0.6029729729729729,1,Frequent High-Value Users
CUST_00699,83,3901.4,47.00481927710843,35.54216867469879,2321.81,27.973614457831324,0.5971084337349398,1,Frequent High-Value Users
CUST_00700,73,3485.9,47.75205479452055,36.35616438356164,2058.01,28.19191780821918,0.5916438356164383,1,Frequent High-Value Users
CUST_00701,70,3339.9,47.712857142857146,35.44285714285714,1963.49,28.049857142857142,0.5945714285714285,1,Frequent High-Value Users
CUST_00702,67,3054.1,45.58358208955224,35.776119402985074,1821.83,27.191492537313433,0.5950746268656716,1,Frequent High-Value Users
CUST_00703,66,2971.9,45.02878787878788,36.04545454545455,1750.57,26.52378787878788,0.593030303030303,1,Frequent High-Value Users
CUST_00704,94,4534.2,48.236170212765956,32.46808510638298,2603.09,27.69244680851064,0.5737234042553191,1,Frequent High-Value Users
CUST_00705,75,3497.2,46.62933333333333,34.92,2098.92,27.9856,0.6010666666666666,1,Frequent High-Value Users
CUST_00706,85,4355.4,51.239999999999995,31.905882352941177,2544.07,29.930235294117647,0.5863529411764705,1,Frequent High-Value Users
CUST_00707,67,3065.5,45.75373134328358,33.19402985074627,1801.41,26.88671641791045,0.588358208955224,1,Frequent High-Value Users
CUST_00708,60,2791.3,46.52166666666667,35.083333333333336,1670.8600000000001,27.84766666666667,0.5980000000000001,1,Frequent High-Value Users
CUST_00709,64,3063.6,47.86875,32.90625,1822.64,28.47875,0.5965625,1,Frequent High-Value Users
CUST_00710,82,3884.8,47.37560975609756,34.48780487804878,2306.15,28.12378048780488,0.5932926829268292,1,Frequent High-Value Users
CUST_00711,71,3175.2,44.72112676056338,37.36619718309859,1892.96,26.661408450704226,0.5980281690140845,1,Frequent High-Value Users
CUST_00712,78,3517.1,45.09102564102564,35.87179487179487,2068.22,26.515641025641024,0.5874358974358974,1,Frequent High-Value Users
CUST_00713,69,2959.4,42.88985507246377,38.391304347826086,1770.72,25.662608695652175,0.5982608695652174,1,Frequent High-Value Users
CUST_00714,82,3875.2,47.25853658536585,35.90243902439025,2265.02,27.62219512195122,0.5891463414634147,1,Frequent High-Value Users
CUST_00715,70,3263.0,46.614285714285714,36.3,1957.14,27.959142857142858,0.5965714285714285,1,Frequent High-Value Users
CUST_00716,79,3693.4,46.75189873417722,35.54430379746835,2215.59,28.045443037974685,0.5987341772151898,1,Frequent High-Value Users
CUST_00717,75,3533.7,47.116,32.82666666666667,2072.64,27.635199999999998,0.5905333333333334,1,Frequent High-Value Users
CUST_00718,74,3508.0,47.4054054054054,35.472972972972975,2068.41,27.951486486486484,0.585945945945946,1,Frequent High-Value Users
CUST_00719,73,3844.6,52.66575342465753,30.726027397260275,2258.4900000000002,30.938219178082196,0.5906849315068493,1,Frequent High-Value Users
CUST_00720,80,3947.1,49.33875,34.9125,2335.35,29.191875,0.58575,1,Frequent High-Value Users
CUST_00721,59,2801.6,47.48474576271186,34.186440677966104,1675.69,28.401525423728813,0.5977966101694916,1,Frequent High-Value Users
CUST_00722,81,3812.2,47.06419753086419,35.098765432098766,2303.16,28.434074074074072,0.6028395061728394,1,Frequent High-Value Users
CUST_00723,72,3328.0,46.22222222222222,36.833333333333336,1995.12,27.709999999999997,0.6015277777777778,1,Frequent High-Value Users
CUST_00724,65,3040.9,46.783076923076926,35.784615384615385,1797.68,27.656615384615385,0.5898461538461538,1,Frequent High-Value Users
CUST_00725,80,3712.0,46.4,35.175,2235.42,27.94275,0.60075,1,Frequent High-Value Users
CUST_00726,82,3994.5,48.71341463414634,35.353658536585364,2416.02,29.463658536585367,0.6039024390243903,1,Frequent High-Value Users
CUST_00727,59,2620.9,44.42203389830509,37.45762711864407,1519.76,25.75864406779661,0.5833898305084746,1,Frequent High-Value Users
CUST_00728,84,4074.7,48.50833333333333,34.214285714285715,2392.94,28.487380952380953,0.5898809523809524,1,Frequent High-Value Users
CUST_00729,83,4053.1,48.83253012048193,34.373493975903614,2384.15,28.724698795180725,0.5932530120481928,1,Frequent High-Value Users
CUST_00730,71,3273.7,46.10845070422535,36.16901408450704,1930.4,27.1887323943662,0.5887323943661972,1,Frequent High-Value Users
CUST_00731,76,3579.9,47.10394736842105,33.76315789473684,2117.07,27.85618421052632,0.595,1,Frequent High-Value Users
CUST_00732,78,3929.3,50.37564102564103,35.3974358974359,2368.01,30.359102564102567,0.6043589743589743,1,Frequent High-Value Users
CUST_00733,70,3288.5,46.97857142857143,34.81428571428572,1942.1200000000001,27.74457142857143,0.5974285714285714,1,Frequent High-Value Users
CUST_00734,66,3245.2,49.169696969696965,33.84848484848485,1912.21,28.972878787878788,0.5934848484848485,1,Frequent High-Value Users
CUST_00735,82,3827.9,46.68170731707317,36.0609756097561,2277.08,27.769268292682927,0.5979268292682927,1,Frequent High-Value Users
CUST_00736,80,3996.5,49.95625,33.0375,2304.34,28.804250000000003,0.579,1,Frequent High-Value Users
CUST_00737,66,3148.1,47.698484848484846,34.18181818181818,1858.16,28.153939393939396,0.592121212121212,1,Frequent High-Value Users
CUST_00738,57,2626.1,46.0719298245614,35.50877192982456,1554.23,27.26719298245614,0.5857894736842105,1,Frequent High-Value Users
CUST_00739,66,3141.3,47.59545454545455,35.015151515151516,1827.09,27.68318181818182,0.5822727272727273,1,Frequent High-Value Users
CUST_00740,65,3118.2,47.97230769230769,34.90769230769231,1823.01,28.046307692307693,0.5841538461538461,1,Frequent High-Value Users
CUST_00741,79,3624.3,45.87721518987342,35.050632911392405,2173.71,27.515316455696205,0.5987341772151898,1,Frequent High-Value Users
CUST_00742,69,3239.7,46.952173913043474,35.20289855072464,1931.73,27.99608695652174,0.5963768115942029,1,Frequent High-Value Users
CUST_00743,71,3105.8,43.74366197183099,38.45070422535211,1841.57,25.937605633802814,0.592112676056338,1,Frequent High-Value Users
CUST_00744,66,3129.3,47.413636363636364,35.18181818181818,1843.99,27.939242424242423,0.5925757575757575,1,Frequent High-Value Users
CUST_00745,70,3313.1,47.33,36.41428571428571,2013.5,28.764285714285716,0.6077142857142857,1,Frequent High-Value Users
CUST_00746,81,3718.0,45.901234567901234,36.30864197530864,2228.5299999999997,27.512716049382714,0.5930864197530864,1,Frequent High-Value Users
CUST_00747,67,3204.5,47.82835820895522,33.80597014925373,1871.91,27.938955223880598,0.5829850746268657,1,Frequent High-Value Users
CUST_00748,80,3595.5,44.94375,36.275,2166.94,27.086750000000002,0.59975,1,Frequent High-Value Users
CUST_00749,71,3346.5,47.13380281690141,34.36619718309859,1944.29,27.3843661971831,0.5828169014084508,1,Frequent High-Value Users
CUST_00750,78,3636.7,46.62435897435897,34.833333333333336,2173.94,27.871025641025643,0.601025641025641,1,Frequent High-Value Users
CUST_00751,67,3175.7,47.39850746268657,32.6865671641791,1930.74,28.817014925373133,0.6083582089552239,1,Frequent High-Value Users
CUST_00752,51,2389.8,46.858823529411765,35.549019607843135,1432.65,28.091176470588238,0.5954901960784313,1,Frequent High-Value Users
CUST_00753,80,3644.3,45.55375,36.2,2133.52,26.669,0.58675,1,Frequent High-Value Users
CUST_00754,67,3415.5,50.97761194029851,33.62686567164179,2021.8,30.176119402985073,0.5953731343283583,1,Frequent High-Value Users
CUST_00755,82,3757.3,45.82073170731707,35.609756097560975,2201.41,26.846463414634144,0.5876829268292683,1,Frequent High-Value Users
CUST_00756,75,3515.6,46.87466666666666,38.14666666666667,2109.18,28.1224,0.5985333333333334,1,Frequent High-Value Users
CUST_00757,88,4361.2,49.559090909090905,33.38636363636363,2595.48,29.49409090909091,0.5951136363636363,1,Frequent High-Value Users
CUST_00758,83,3878.3,46.72650602409639,37.16867469879518,2299.96,27.710361445783132,0.5971084337349398,1,Frequent High-Value Users
CUST_00759,79,3785.8,47.92151898734178,34.78481012658228,2256.56,28.564050632911393,0.5970886075949368,1,Frequent High-Value Users
CUST_00760,77,3583.7,46.541558441558436,35.4025974025974,2090.27,27.146363636363635,0.5866233766233766,1,Frequent High-Value Users
CUST_00761,80,3418.8,42.735,38.2125,2048.17,25.602125,0.60475,1,Frequent High-Value Users
CUST_00762,68,2986.5,43.919117647058826,36.661764705882355,1763.78,25.937941176470588,0.5908823529411764,1,Frequent High-Value Users
CUST_00763,87,4210.9,48.40114942528735,34.50574712643678,2509.35,28.843103448275862,0.5949425287356321,1,Frequent High-Value Users
CUST_00764,78,3479.0,44.6025641025641,36.32051282051282,2063.46,26.454615384615384,0.5948717948717949,1,Frequent High-Value Users
CUST_00765,77,3750.8,48.71168831168831,33.922077922077925,2226.52,28.915844155844155,0.5941558441558441,1,Frequent High-Value Users
CUST_00766,90,4253.5,47.26111111111111,35.5,2524.77,28.053,0.5886666666666667,1,Frequent High-Value Users
CUST_00767,79,3595.1,45.50759493670886,34.18987341772152,2129.57,26.956582278481015,0.5963291139240506,1,Frequent High-Value Users
CUST_00768,76,3492.8,45.95789473684211,35.60526315789474,2099.21,27.621184210526316,0.6,1,Frequent High-Value Users
CUST_00769,73,3514.8,48.14794520547945,35.87671232876713,2106.9,28.86164383561644,0.5965753424657534,1,Frequent High-Value Users
CUST_00770,57,2604.4,45.69122807017544,37.59649122807018,1537.83,26.979473684210525,0.5933333333333334,1,Frequent High-Value Users
CUST_00771,61,2856.9,46.834426229508196,36.19672131147541,1654.42,27.121639344262295,0.581639344262295,1,Frequent High-Value Users
CUST_00772,74,3535.6,47.77837837837838,34.770270270270274,2121.63,28.670675675675678,0.5989189189189189,1,Frequent High-Value Users
CUST_00773,52,2404.0,46.23076923076923,36.17307692307692,1434.98,27.595769230769232,0.5975,1,Frequent High-Value Users
CUST_00774,77,3482.4,45.225974025974025,36.116883116883116,2100.33,27.277012987012988,0.6003896103896104,1,Frequent High-Value Users
CUST_00775,75,3749.2,49.98933333333333,32.89333333333333,2179.67,29.062266666666666,0.5822666666666667,1,Frequent High-Value Users
CUST_00776,62,2901.6,46.8,34.83870967741935,1725.55,27.831451612903226,0.5932258064516129,1,Frequent High-Value Users
CUST_00777,74,3555.1,48.04189189189189,33.95945945945946,2118.7,28.631081081081078,0.5932432432432432,1,Frequent High-Value Users
CUST_00778,77,3931.1,51.05324675324675,33.077922077922075,2342.52,30.42233766233766,0.5972727272727273,1,Frequent High-Value Users
CUST_00779,71,3414.7,48.0943661971831,33.19718309859155,1981.75,27.911971830985916,0.5867605633802817,1,Frequent High-Value Users
CUST_00780,82,4020.9,49.03536585365854,34.52439024390244,2393.3,29.18658536585366,0.5948780487804878,1,Frequent High-Value Users
CUST_00781,67,2995.7,44.71194029850746,36.37313432835821,1756.43,26.21537313432836,0.5905970149253731,1,Frequent High-Value Users
CUST_00782,89,4055.0,45.561797752808985,34.640449438202246,2386.82,26.818202247191014,0.591123595505618,1,Frequent High-Value Users
CUST_00783,77,3744.6,48.63116883116883,35.74025974025974,2229.63,28.95623376623377,0.5948051948051948,1,Frequent High-Value Users
CUST_00784,64,2794.9,43.6703125,36.15625,1641.55,25.64921875,0.59078125,1,Frequent High-Value Users
CUST_00785,56,2463.3,43.987500000000004,36.67857142857143,1425.1,25.448214285714283,0.5798214285714286,1,Frequent High-Value Users
CUST_00786,71,3408.3,48.00422535211268,34.80281690140845,2020.16,28.452957746478873,0.5943661971830986,1,Frequent High-Value Users
CUST_00787,73,3531.8,48.38082191780822,34.97260273972603,2111.27,28.92150684931507,0.603013698630137,1,Frequent High-Value Users
CUST_00788,68,3202.6,47.09705882352941,35.55882352941177,1856.36,27.29941176470588,0.5820588235294117,1,Frequent High-Value Users
CUST_00789,93,4434.1,47.678494623655915,32.61290322580645,2617.57,28.145913978494626,0.5908602150537635,1,Frequent High-Value Users
CUST_00790,68,3264.8,48.01176470588236,34.11764705882353,1944.61,28.597205882352938,0.5982352941176471,1,Frequent High-Value Users
CUST_00791,67,3213.5,47.96268656716418,32.56716417910448,1893.3600000000001,28.25910447761194,0.5889552238805971,1,Frequent High-Value Users
CUST_00792,67,3304.7,49.32388059701492,35.208955223880594,1959.2,29.24179104477612,0.5988059701492537,1,Frequent High-Value Users
CUST_00793,71,3459.0,48.71830985915493,33.056338028169016,2056.54,28.965352112676054,0.5916901408450704,1,Frequent High-Value Users
CUST_00794,74,3450.6,46.62972972972973,35.445945945945944,2048.9,27.68783783783784,0.592972972972973,1,Frequent High-Value Users
CUST_00795,60,2672.6,44.54333333333333,35.88333333333333,1614.6,26.91,0.6035,1,Frequent High-Value Users
CUST_00796,71,3577.2,50.38309859154929,32.76056338028169,2100.72,29.587605633802813,0.5922535211267606,1,Frequent High-Value Users
CUST_00797,79,3782.1,47.8746835443038,35.924050632911396,2248.32,28.45974683544304,0.5958227848101266,1,Frequent High-Value Users
CUST_00798,84,4071.0,48.464285714285715,33.726190476190474,2355.26,28.038809523809526,0.58,1,Frequent High-Value Users
CUST_00799,78,3532.3,45.28589743589744,35.53846153846154,2079.68,26.6625641025641,0.5887179487179487,1,Frequent High-Value Users
CUST_00800,81,4114.9,50.80123456790123,32.7037037037037,2393.56,29.55012345679012,0.5860493827160493,1,Frequent High-Value Users
CUST_00801,75,3403.2,45.376,36.093333333333334,2003.79,26.7172,0.5874666666666667,1,Frequent High-Value Users
CUST_00802,65,3110.3,47.85076923076923,33.215384615384615,1813.29,27.89676923076923,0.5852307692307692,1,Frequent High-Value Users
CUST_00803,86,4138.3,48.11976744186047,34.08139534883721,2451.84,28.50976744186047,0.5905813953488372,1,Frequent High-Value Users
CUST_00804,65,2923.7,44.98,35.93846153846154,1757.98,27.045846153846153,0.5992307692307692,1,Frequent High-Value Users
CUST_00805,77,3815.8,49.555844155844156,33.62337662337662,2275.5,29.551948051948052,0.5935064935064935,1,Frequent High-Value Users
CUST_00806,76,3474.6,45.71842105263158,37.3421052631579,2041.64,26.863684210526316,0.5860526315789474,1,Frequent High-Value Users
CUST_00807,67,3367.8,50.265671641791045,32.492537313432834,1979.72,29.548059701492537,0.5862686567164179,1,Frequent High-Value Users
CUST_00808,74,3617.3,48.88243243243244,33.63513513513514,2135.39,28.85662162162162,0.5910810810810811,1,Frequent High-Value Users
CUST_00809,83,3705.7,44.646987951807226,35.44578313253012,2171.0,26.156626506024097,0.5872289156626507,1,Frequent High-Value Users
CUST_00810,90,4078.4,45.315555555555555,36.05555555555556,2482.22,27.58022222222222,0.6077777777777779,1,Frequent High-Value Users
CUST_00811,75,3482.7,46.436,35.61333333333334,2084.54,27.793866666666666,0.6004,1,Frequent High-Value Users
CUST_00812,74,3395.8,45.88918918918919,36.067567567567565,2007.28,27.125405405405406,0.5917567567567568,1,Frequent High-Value Users
CUST_00813,75,3520.5,46.94,36.733333333333334,2132.55,28.434,0.6022666666666667,1,Frequent High-Value Users
CUST_00814,70,3612.6,51.60857142857143,33.25714285714286,2171.59,31.022714285714287,0.6035714285714285,1,Frequent High-Value Users
CUST_00815,81,3803.0,46.95061728395062,34.80246913580247,2248.1,27.75432098765432,0.592716049382716,1,Frequent High-Value Users
CUST_00816,74,3530.1,47.704054054054055,35.45945945945946,2101.76,28.402162162162163,0.6004054054054054,1,Frequent High-Value Users
CUST_00817,80,3457.8,43.222500000000004,35.825,2064.04,25.8005,0.5972500000000001,1,Frequent High-Value Users
CUST_00818,78,3743.7,47.996153846153845,35.43589743589744,2195.37,28.14576923076923,0.5843589743589743,1,Frequent High-Value Users
CUST_00819,73,3575.2,48.97534246575342,33.67123287671233,2086.41,28.580958904109586,0.5864383561643836,1,Frequent High-Value Users
CUST_00820,57,2822.5,49.51754385964912,32.45614035087719,1621.89,28.45421052631579,0.5782456140350878,1,Frequent High-Value Users
CUST_00821,65,3146.8,48.41230769230769,35.63076923076923,1907.81,29.350923076923078,0.6049230769230769,1,Frequent High-Value Users
CUST_00822,76,3474.4,45.71578947368421,35.223684210526315,2070.66,27.245526315789473,0.5956578947368422,1,Frequent High-Value Users
CUST_00823,74,3479.2,47.016216216216215,34.58108108108108,2062.41,27.870405405405403,0.596891891891892,1,Frequent High-Value Users
CUST_00824,60,2814.7,46.91166666666666,33.2,1638.06,27.301,0.5853333333333333,1,Frequent High-Value Users
CUST_00825,76,3710.7,48.824999999999996,34.19736842105263,2208.78,29.062894736842107,0.5948684210526316,1,Frequent High-Value Users
CUST_00826,58,2759.3,47.574137931034485,32.724137931034484,1638.18,28.24448275862069,0.5937931034482758,1,Frequent High-Value Users
CUST_00827,69,3349.2,48.53913043478261,34.72463768115942,1997.92,28.95536231884058,0.5991304347826087,1,Frequent High-Value Users
CUST_00828,68,3294.3,48.44558823529412,33.94117647058823,1989.56,29.258235294117647,0.6038235294117648,1,Frequent High-Value Users
CUST_00829,55,2592.8,47.14181818181819,34.67272727272727,1550.86,28.197454545454544,0.6010909090909091,1,Frequent High-Value Users
CUST_00830,64,3034.3,47.4109375,36.203125,1795.76,28.05875,0.5971875,1,Frequent High-Value Users
CUST_00831,81,3957.9,48.86296296296297,34.65432098765432,2328.38,28.745432098765434,0.591358024691358,1,Frequent High-Value Users
CUST_00832,71,3491.0,49.16901408450704,35.478873239436616,2017.73,28.4187323943662,0.5785915492957746,1,Frequent High-Value Users
CUST_00833,72,3398.4,47.2,36.291666666666664,2005.29,27.85125,0.5908333333333333,1,Frequent High-Value Users
CUST_00834,82,3819.8,46.582926829268295,34.19512195121951,2243.92,27.36487804878049,0.5859756097560975,1,Frequent High-Value Users
CUST_00835,72,3531.2,49.044444444444444,34.19444444444444,2069.76,28.74666666666667,0.5898611111111111,1,Frequent High-Value Users
CUST_00836,79,3834.5,48.537974683544306,34.177215189873415,2281.43,28.87886075949367,0.5969620253164557,1,Frequent High-Value Users
CUST_00837,83,3994.9,48.13132530120482,33.40963855421687,2339.65,28.18855421686747,0.5886746987951808,1,Frequent High-Value Users
CUST_00838,52,2381.7,45.801923076923075,37.44230769230769,1434.32,27.583076923076923,0.5992307692307692,1,Frequent High-Value Users
CUST_00839,66,2992.9,45.3469696969697,35.42424242424242,1809.61,27.418333333333333,0.604090909090909,1,Frequent High-Value Users
CUST_00840,80,3853.6,48.17,35.4,2236.25,27.953125,0.582875,1,Frequent High-Value Users
CUST_00841,76,3605.2999999999997,47.43815789473684,35.53947368421053,2131.09,28.040657894736842,0.588421052631579,1,Frequent High-Value Users
CUST_00842,65,2855.2,43.926153846153845,38.292307692307695,1676.9,25.798461538461538,0.5873846153846154,1,Frequent High-Value Users
CUST_00843,71,3259.4,45.907042253521126,34.80281690140845,1885.3999999999999,26.554929577464787,0.5816901408450704,1,Frequent High-Value Users
CUST_00844,72,3251.5,45.15972222222222,34.90277777777778,1905.57,26.46625,0.5869444444444444,1,Frequent High-Value Users
CUST_00845,71,3351.5,47.20422535211268,32.32394366197183,2040.51,28.73957746478873,0.6074647887323944,1,Frequent High-Value Users
CUST_00846,75,3403.9,45.385333333333335,36.48,2037.35,27.164666666666665,0.5996,1,Frequent High-Value Users
CUST_00847,64,2923.8,45.684375,33.578125,1697.22,26.5190625,0.58203125,1,Frequent High-Value Users
CUST_00848,74,3453.6,46.67027027027027,37.04054054054054,2049.99,27.702567567567563,0.592027027027027,1,Frequent High-Value Users
CUST_00849,86,4032.8,46.89302325581396,35.616279069767444,2352.2,27.35116279069767,0.5855813953488372,1,Frequent High-Value Users
CUST_00850,83,3741.9,45.08313253012048,36.08433734939759,2209.84,26.624578313253014,0.5897590361445784,1,Frequent High-Value Users
CUST_00851,70,3460.9,49.441428571428574,33.51428571428571,2052.4,29.32,0.5927142857142857,1,Frequent High-Value Users
CUST_00852,83,4011.9,48.33614457831325,32.325301204819276,2411.43,29.0533734939759,0.6002409638554217,1,Frequent High-Value Users
CUST_00853,58,2659.6,45.8551724137931,32.87931034482759,1538.65,26.528448275862072,0.5767241379310345,1,Frequent High-Value Users
CUST_00854,75,3452.8,46.037333333333336,37.013333333333335,2085.58,27.80773333333333,0.6036,1,Frequent High-Value Users
CUST_00855,67,3158.1,47.135820895522386,33.82089552238806,1861.34,27.781194029850745,0.5922388059701492,1,Frequent High-Value Users
CUST_00856,77,3816.9,49.57012987012987,33.4025974025974,2321.64,30.151168831168828,0.6093506493506494,1,Frequent High-Value Users
CUST_00857,61,2769.3,45.398360655737704,35.57377049180328,1660.03,27.213606557377048,0.5973770491803279,1,Frequent High-Value Users
CUST_00858,71,3360.0,47.32394366197183,33.29577464788732,1981.19,27.904084507042253,0.591830985915493,1,Frequent High-Value Users
CUST_00859,77,3357.4,43.602597402597404,36.84415584415584,2026.3799999999999,26.316623376623376,0.6018181818181818,1,Frequent High-Value Users
CUST_00860,69,3350.2,48.553623188405794,34.0,1925.92,27.911884057971015,0.5782608695652174,1,Frequent High-Value Users
CUST_00861,93,4622.5,49.704301075268816,33.096774193548384,2783.08,29.925591397849463,0.6020430107526882,1,Frequent High-Value Users
CUST_00862,68,3321.3,48.84264705882353,34.279411764705884,1991.18,29.28205882352941,0.5980882352941177,1,Frequent High-Value Users
CUST_00863,78,3677.0,47.14102564102564,34.38461538461539,2189.93,28.076025641025637,0.5994871794871794,1,Frequent High-Value Users
CUST_00864,67,3178.0,47.43283582089552,35.1044776119403,1952.18,29.137014925373137,0.6097014925373134,1,Frequent High-Value Users
CUST_00865,75,3664.7,48.86266666666666,32.85333333333333,2168.28,28.910400000000003,0.5965333333333334,1,Frequent High-Value Users
CUST_00866,76,3616.7,47.58815789473684,32.71052631578947,2107.79,27.73407894736842,0.5830263157894737,1,Frequent High-Value Users
CUST_00867,82,4023.7,49.06951219512195,34.26829268292683,2381.92,29.04780487804878,0.5953658536585366,1,Frequent High-Value Users
CUST_00868,68,3258.3,47.91617647058824,35.38235294117647,2005.19,29.488088235294118,0.6129411764705882,1,Frequent High-Value Users
CUST_00869,76,3512.4,46.21578947368421,36.0921052631579,2055.84,27.050526315789476,0.585,1,Frequent High-Value Users
CUST_00870,58,2872.1,49.51896551724138,32.810344827586206,1734.6,29.906896551724138,0.6020689655172414,1,Frequent High-Value Users
CUST_00871,51,2342.3,45.92745098039216,34.31372549019608,1368.67,26.83666666666667,0.5847058823529412,1,Frequent High-Value Users
CUST_00872,85,3990.8,46.95058823529412,34.98823529411764,2339.54,27.524,0.5910588235294117,1,Frequent High-Value Users
CUST_00873,74,3533.2,47.74594594594594,35.0945945945946,2096.83,28.33554054054054,0.5985135135135135,1,Frequent High-Value Users
CUST_00874,84,4003.7,47.66309523809524,33.5,2370.81,28.22392857142857,0.5930952380952381,1,Frequent High-Value Users
CUST_00875,66,3084.3,46.731818181818184,34.46969696969697,1852.2,28.063636363636363,0.5927272727272727,1,Frequent High-Value Users
CUST_00876,78,3746.0,48.02564102564103,36.01282051282051,2235.6,28.66153846153846,0.6014102564102565,1,Frequent High-Value Users
CUST_00877,71,3255.9,45.85774647887324,36.605633802816904,1943.02,27.366478873239437,0.5969014084507043,1,Frequent High-Value Users
CUST_00878,75,3516.6,46.888,35.28,2123.02,28.306933333333333,0.6062666666666666,1,Frequent High-Value Users
CUST_00879,77,3703.3,48.0948051948052,34.0,2134.89,27.725844155844154,0.575974025974026,1,Frequent High-Value Users
CUST_00880,76,3508.3,46.16184210526316,34.526315789473685,2099.39,27.623552631578946,0.6038157894736842,1,Frequent High-Value Users
CUST_00881,68,3102.8,45.629411764705885,37.36764705882353,1841.14,27.07558823529412,0.5955882352941176,1,Frequent High-Value Users
CUST_00882,73,3403.1,46.61780821917808,35.986301369863014,2030.88,27.82027397260274,0.5982191780821918,1,Frequent High-Value Users
CUST_00883,56,2629.0,46.94642857142857,35.035714285714285,1559.42,27.846785714285716,0.5930357142857143,1,Frequent High-Value Users
CUST_00884,70,3131.8,44.74,36.34285714285714,1847.85,26.39785714285714,0.5927142857142857,1,Frequent High-Value Users
CUST_00885,65,2983.7,45.903076923076924,33.723076923076924,1779.02,27.36953846153846,0.5946153846153845,1,Frequent High-Value Users
CUST_00886,65,3335.0,51.30769230769231,31.50769230769231,1934.89,29.767538461538464,0.5810769230769232,1,Frequent High-Value Users
CUST_00887,75,3682.4,49.09866666666667,34.42666666666667,2133.62,28.448266666666665,0.5833333333333334,1,Frequent High-Value Users
CUST_00888,76,3337.7,43.91710526315789,38.46052631578947,1943.82,25.57657894736842,0.5772368421052632,1,Frequent High-Value Users
CUST_00889,83,3923.9,47.27590361445783,34.04819277108434,2349.25,28.30421686746988,0.5993975903614458,1,Frequent High-Value Users
CUST_00890,73,3380.6,46.30958904109589,36.95890410958904,1989.1,27.24794520547945,0.5883561643835616,1,Frequent High-Value Users
CUST_00891,82,3838.3,46.80853658536586,36.609756097560975,2282.25,27.83231707317073,0.5918292682926829,1,Frequent High-Value Users
CUST_00892,67,2992.8,44.668656716417914,35.97014925373134,1751.96,26.14865671641791,0.5894029850746269,1,Frequent High-Value Users
CUST_00893,58,2823.0,48.672413793103445,32.60344827586207,1654.77,28.53051724137931,0.59,1,Frequent High-Value Users
CUST_00894,66,3193.3,48.38333333333333,36.621212121212125,1889.52,28.62909090909091,0.5890909090909091,1,Frequent High-Value Users
CUST_00895,77,3754.7,48.76233766233766,34.36363636363637,2245.88,29.167272727272728,0.5981818181818183,1,Frequent High-Value Users
CUST_00896,79,3587.8,45.415189873417724,36.89873417721519,2147.81,27.18746835443038,0.600886075949367,1,Frequent High-Value Users
CUST_00897,69,3443.3,49.90289855072464,33.46376811594203,2016.16,29.219710144927536,0.5908695652173913,1,Frequent High-Value Users
CUST_00898,67,3524.4,52.602985074626865,31.940298507462686,2134.43,31.857164179104476,0.6071641791044776,1,Frequent High-Value Users
CUST_00899,64,2887.8,45.121875,34.4375,1753.74,27.4021875,0.605625,1,Frequent High-Value Users
CUST_00900,79,3691.2,46.72405063291139,33.67088607594937,2134.62,27.02050632911392,0.5808860759493671,1,Frequent High-Value Users
CUST_00901,72,3437.5,47.74305555555556,34.31944444444444,2077.33,28.851805555555554,0.6004166666666666,1,Frequent High-Value Users
CUST_00902,83,3788.0,45.63855421686747,34.42168674698795,2259.11,27.21819277108434,0.5954216867469879,1,Frequent High-Value Users
CUST_00903,51,2371.2,46.49411764705882,34.568627450980394,1397.16,27.39529411764706,0.5872549019607843,1,Frequent High-Value Users
CUST_00904,77,3718.0,48.285714285714285,35.688311688311686,2216.26,28.782597402597407,0.5922077922077922,1,Frequent High-Value Users
CUST_00905,68,3060.8,45.01176470588236,33.48529411764706,1797.22,26.42970588235294,0.5873529411764705,1,Frequent High-Value Users
CUST_00906,60,2588.0,43.13333333333333,38.733333333333334,1510.49,25.174833333333332,0.5788333333333333,1,Frequent High-Value Users
CUST_00907,68,2967.7,43.64264705882353,37.05882352941177,1812.14,26.649117647058826,0.6083823529411765,1,Frequent High-Value Users
CUST_00908,66,3276.9,49.65,32.39393939393939,1973.69,29.90439393939394,0.6046969696969696,1,Frequent High-Value Users
CUST_00909,68,2889.9,42.49852941176471,39.23529411764706,1734.72,25.51058823529412,0.6029411764705882,1,Frequent High-Value Users
CUST_00910,58,2509.1,43.2603448275862,36.86206896551724,1503.35,25.919827586206896,0.5975862068965518,1,Frequent High-Value Users
CUST_00911,67,3206.4,47.85671641791045,33.582089552238806,1927.61,28.770298507462684,0.6035820895522388,1,Frequent High-Value Users
CUST_00912,70,3199.5,45.707142857142856,35.871428571428574,1940.41,27.720142857142857,0.6061428571428571,1,Frequent High-Value Users
CUST_00913,92,4335.1,47.12065217391305,34.77173913043478,2635.43,28.645978260869562,0.6043478260869566,1,Frequent High-Value Users
CUST_00914,71,3312.9,46.660563380281694,34.40845070422535,1968.42,27.724225352112676,0.5946478873239437,1,Frequent High-Value Users
CUST_00915,61,2767.7,45.37213114754098,37.21311475409836,1633.27,26.774918032786886,0.5940983606557377,1,Frequent High-Value Users
CUST_00916,81,3684.3,45.48518518518519,36.03703703703704,2193.77,27.08358024691358,0.5925925925925926,1,Frequent High-Value Users
CUST_00917,107,5187.6,48.48224299065421,34.87850467289719,3091.4,28.89158878504673,0.5944859813084112,1,Frequent High-Value Users
CUST_00918,70,3084.6,44.065714285714286,37.91428571428571,1804.21,25.774428571428572,0.5937142857142857,1,Frequent High-Value Users
CUST_00919,78,3736.1,47.898717948717945,34.8974358974359,2229.58,28.584358974358974,0.5964102564102565,1,Frequent High-Value Users
CUST_00920,77,3590.7,46.63246753246753,34.98701298701299,2145.21,27.85987012987013,0.5946753246753247,1,Frequent High-Value Users
CUST_00921,91,4402.7,48.38131868131868,34.472527472527474,2572.21,28.266043956043955,0.5847252747252747,1,Frequent High-Value Users
CUST_00922,71,3210.2,45.21408450704225,36.15492957746479,1920.74,27.05267605633803,0.6012676056338028,1,Frequent High-Value Users
CUST_00923,71,3010.3,42.39859154929578,37.87323943661972,1784.66,25.13605633802817,0.5949295774647888,1,Frequent High-Value Users
CUST_00924,69,3175.4,46.02028985507246,34.78260869565217,1862.34,26.990434782608695,0.5881159420289854,1,Frequent High-Value Users
CUST_00925,73,3247.2,44.482191780821914,36.12328767123287,1925.72,26.37972602739726,0.5912328767123287,1,Frequent High-Value Users
CUST_00926,60,2787.8,46.46333333333334,35.85,1665.25,27.754166666666666,0.5963333333333334,1,Frequent High-Value Users
CUST_00927,80,3664.2,45.802499999999995,37.65,2184.74,27.30925,0.5955,1,Frequent High-Value Users
CUST_00928,68,3125.3,45.96029411764706,36.161764705882355,1859.01,27.338382352941178,0.5975,1,Frequent High-Value Users
CUST_00929,94,4431.1,47.139361702127665,35.09574468085106,2556.8,27.200000000000003,0.5809574468085106,1,Frequent High-Value Users
CUST_00930,73,3378.4,46.27945205479452,35.61643835616438,2022.52,27.705753424657534,0.6017808219178082,1,Frequent High-Value Users
CUST_00931,78,3681.1,47.19358974358974,34.47435897435897,2213.37,28.37653846153846,0.6017948717948718,1,Frequent High-Value Users
CUST_00932,62,3138.9,50.627419354838715,34.12903225806452,1871.05,30.17822580645161,0.5951612903225806,1,Frequent High-Value Users
CUST_00933,70,3569.0,50.98571428571429,34.25714285714286,2145.18,30.645428571428567,0.6007142857142856,1,Frequent High-Value Users
CUST_00934,74,3688.2,49.84054054054054,34.16216216216216,2176.95,29.41824324324324,0.5893243243243244,1,Frequent High-Value Users
CUST_00935,57,2537.5,44.51754385964912,37.31578947368421,1512.8600000000001,26.541403508771932,0.598421052631579,1,Frequent High-Value Users
CUST_00936,67,3226.0,48.149253731343286,33.52238805970149,1903.96,28.417313432835822,0.5897014925373134,1,Frequent High-Value Users
CUST_00937,76,3613.4,47.544736842105266,33.30263157894737,2187.47,28.7825,0.6010526315789474,1,Frequent High-Value Users
CUST_00938,83,4122.0,49.66265060240964,33.72289156626506,2429.78,29.274457831325304,0.5933734939759037,1,Frequent High-Value Users
CUST_00939,75,3779.4,50.392,34.06666666666667,2227.73,29.70306666666667,0.5885333333333334,1,Frequent High-Value Users
CUST_00940,58,2765.9,47.68793103448276,35.206896551724135,1680.82,28.979655172413793,0.6058620689655172,1,Frequent High-Value Users
CUST_00941,81,3926.1,48.47037037037037,34.44444444444444,2306.1,28.470370370370368,0.5869135802469135,1,Frequent High-Value Users
CUST_00942,68,3191.6,46.93529411764706,36.14705882352941,1903.53,27.993088235294117,0.5966176470588236,1,Frequent High-Value Users
CUST_00943,67,3126.6,46.66567164179104,35.67164179104478,1848.25,27.58582089552239,0.5864179104477611,1,Frequent High-Value Users
CUST_00944,88,4154.0,47.20454545454545,33.92045454545455,2416.82,27.463863636363637,0.5827272727272728,1,Frequent High-Value Users
CUST_00945,64,2987.0,46.671875,33.8125,1794.25,28.03515625,0.5953125,1,Frequent High-Value Users
CUST_00946,73,3324.8,45.54520547945206,36.082191780821915,1923.97,26.355753424657536,0.5846575342465753,1,Frequent High-Value Users
CUST_00947,89,4329.8,48.64943820224719,33.157303370786515,2552.15,28.675842696629214,0.5893258426966292,1,Frequent High-Value Users
CUST_00948,78,3751.3,48.093589743589746,33.3974358974359,2254.28,28.901025641025644,0.6006410256410256,1,Frequent High-Value Users
CUST_00949,86,4052.2,47.11860465116279,35.906976744186046,2483.89,28.882441860465114,0.6122093023255814,1,Frequent High-Value Users
CUST_00950,90,4307.9,47.86555555555555,34.044444444444444,2566.84,28.520444444444447,0.5946666666666667,1,Frequent High-Value Users
CUST_00951,78,3961.9,50.79358974358974,32.743589743589745,2376.16,30.463589743589743,0.6011538461538461,1,Frequent High-Value Users
CUST_00952,87,4200.5,48.2816091954023,34.42528735632184,2505.7,28.801149425287353,0.5985057471264368,1,Frequent High-Value Users
CUST_00953,70,3272.0,46.74285714285714,34.27142857142857,1922.95,27.470714285714287,0.5875714285714286,1,Frequent High-Value Users
CUST_00954,75,3611.2,48.14933333333333,33.25333333333333,2117.7,28.235999999999997,0.5856,1,Frequent High-Value Users
CUST_00955,58,2958.5,51.008620689655174,32.293103448275865,1749.32,30.160689655172412,0.5963793103448276,1,Frequent High-Value Users
CUST_00956,95,4445.0,46.78947368421053,34.915789473684214,2594.3,27.30842105263158,0.5863157894736842,1,Frequent High-Value Users
CUST_00957,56,2482.1,44.323214285714286,36.410714285714285,1477.88,26.39071428571429,0.5969642857142857,1,Frequent High-Value Users
CUST_00958,69,3508.2,50.84347826086956,32.17391304347826,2089.87,30.28797101449275,0.5978260869565217,1,Frequent High-Value Users
CUST_00959,68,3149.9,46.32205882352941,33.11764705882353,1895.59,27.876323529411764,0.6025,1,Frequent High-Value Users
CUST_00960,65,3013.7,46.364615384615384,35.784615384615385,1801.43,27.714307692307692,0.5989230769230769,1,Frequent High-Value Users
CUST_00961,74,3520.5,47.57432432432432,33.891891891891895,2057.2,27.799999999999997,0.5825675675675676,1,Frequent High-Value Users
CUST_00962,78,3675.8,47.12564102564103,36.6025641025641,2164.36,27.74820512820513,0.5894871794871794,1,Frequent High-Value Users
CUST_00963,82,4161.7,50.75243902439024,33.19512195121951,2460.44,30.00536585365854,0.593780487804878,1,Frequent High-Value Users
CUST_00964,67,3081.2,45.98805970149253,35.17910447761194,1806.91,26.968805970149255,0.5886567164179104,1,Frequent High-Value Users
CUST_00965,63,2933.5,46.56349206349206,34.38095238095238,1711.44,27.165714285714287,0.5868253968253968,1,Frequent High-Value Users
CUST_00966,56,2515.6,44.92142857142857,34.875,1527.54,27.2775,0.6092857142857142,1,Frequent High-Value Users
CUST_00967,72,3518.9,48.87361111111111,35.625,2107.17,29.26625,0.5986111111111111,1,Frequent High-Value Users
CUST_00968,75,3333.9,44.452,35.32,1984.0,26.453333333333333,0.598,1,Frequent High-Value Users
CUST_00969,80,3928.3,49.103750000000005,35.0375,2307.13,28.839125000000003,0.58675,1,Frequent High-Value Users
CUST_00970,78,3711.8,47.58717948717949,34.82051282051282,2230.37,28.594487179487178,0.5965384615384616,1,Frequent High-Value Users
CUST_00971,67,2931.9,43.75970149253732,38.940298507462686,1742.07,26.001044776119404,0.5929850746268658,1,Frequent High-Value Users
CUST_00972,74,3329.9,44.99864864864865,36.945945945945944,1954.37,26.410405405405402,0.5868918918918918,1,Frequent High-Value Users
CUST_00973,80,3579.2,44.739999999999995,37.65,2129.35,26.616875,0.5974999999999999,1,Frequent High-Value Users
CUST_00974,66,2929.5,44.38636363636363,37.68181818181818,1749.16,26.502424242424244,0.5986363636363636,1,Frequent High-Value Users
CUST_00975,81,3583.5,44.24074074074074,36.75308641975309,2098.98,25.913333333333334,0.5879012345679012,1,Frequent High-Value Users
CUST_00976,83,3800.8,45.79277108433735,36.33734939759036,2261.92,27.252048192771085,0.5967469879518073,1,Frequent High-Value Users
CUST_00977,66,2968.6,44.97878787878788,36.015151515151516,1723.85,26.118939393939392,0.5866666666666667,1,Frequent High-Value Users
CUST_00978,58,2638.8,45.49655172413794,35.56896551724138,1542.07,26.587413793103448,0.5812068965517242,1,Frequent High-Value Users
CUST_00979,69,3305.7,47.90869565217391,33.391304347826086,1920.22,27.829275362318842,0.5815942028985508,1,Frequent High-Value Users
CUST_00980,60,2810.1,46.835,35.9,1642.8799999999999,27.38133333333333,0.587,1,Frequent High-Value Users
CUST_00981,65,2964.9,45.613846153846154,35.86153846153846,1787.02,27.492615384615384,0.5987692307692308,1,Frequent High-Value Users
CUST_00982,75,3382.4,45.09866666666667,34.77333333333333,1993.82,26.584266666666664,0.5889333333333333,1,Frequent High-Value Users
CUST_00983,76,3444.5,45.32236842105263,34.9078947368421,2035.06,26.777105263157893,0.5935526315789473,1,Frequent High-Value Users
CUST_00984,72,3245.7,45.079166666666666,37.02777777777778,1941.11,26.95986111111111,0.6006944444444444,1,Frequent High-Value Users
CUST_00985,68,3147.9,46.29264705882353,34.75,1859.23,27.341617647058825,0.5886764705882354,1,Frequent High-Value Users
CUST_00986,73,3621.5,49.60958904109589,32.205479452054796,2167.96,29.698082191780824,0.6013698630136987,1,Frequent High-Value Users
CUST_00987,73,3490.1,47.80958904109589,33.082191780821915,2046.93,28.04013698630137,0.5879452054794521,1,Frequent High-Value Users
CUST_00988,67,3117.5,46.52985074626866,34.73134328358209,1851.35,27.632089552238806,0.5929850746268657,1,Frequent High-Value Users
CUST_00989,69,3346.2,48.495652173913044,33.79710144927536,1922.27,27.858985507246377,0.5739130434782609,1,Frequent High-Value Users
CUST_00990,71,3267.6,46.0225352112676,36.25352112676056,1946.98,27.42225352112676,0.5945070422535211,1,Frequent High-Value Users
CUST_00991,71,3628.4,51.10422535211268,33.2112676056338,2150.29,30.285774647887322,0.5943661971830986,1,Frequent High-Value Users
CUST_00992,86,4064.3,47.259302325581395,34.58139534883721,2386.61,27.751279069767442,0.5880232558139535,1,Frequent High-Value Users
CUST_00993,77,3643.0,47.311688311688314,35.246753246753244,2145.08,27.858181818181816,0.5912987012987013,1,Frequent High-Value Users
CUST_00994,89,4192.6,47.10786516853933,34.78651685393258,2462.72,27.671011235955053,0.5842696629213483,1,Frequent High-Value Users
CUST_00995,75,3492.2,46.562666666666665,35.50666666666667,2096.54,27.953866666666666,0.5922666666666667,1,Frequent High-Value Users
CUST_00996,55,2329.6,42.35636363636363,37.56363636363636,1386.34,25.20618181818182,0.5940000000000001,1,Frequent High-Value Users
CUST_00997,73,3466.8,47.490410958904114,34.89041095890411,2039.4,27.936986301369863,0.5923287671232877,1,Frequent High-Value Users
CUST_00998,66,2899.3,43.92878787878788,36.56060606060606,1697.1,25.71363636363636,0.5918181818181818,1,Frequent High-Value Users
CUST_00999,59,2763.5,46.83898305084746,33.83050847457627,1642.27,27.83508474576271,0.5930508474576272,1,Frequent High-Value Users
CUST_01000,72,3143.6,43.66111111111111,36.541666666666664,1854.43,25.755972222222223,0.5886111111111112,1,Frequent High-Value Users
CUST_01001,81,3865.3,47.71975308641976,34.82716049382716,2339.38,28.881234567901235,0.605679012345679,1,Frequent High-Value Users
CUST_01002,66,2840.7,43.04090909090909,37.196969696969695,1722.56,26.099393939393938,0.606969696969697,1,Frequent High-Value Users
CUST_01003,82,3818.2,46.56341463414634,35.13414634146341,2275.13,27.74548780487805,0.5956097560975611,1,Frequent High-Value Users
CUST_01004,61,2873.1,47.1,35.14754098360656,1688.49,27.68016393442623,0.5875409836065575,1,Frequent High-Value Users
CUST_01005,76,3753.3,49.38552631578948,32.8421052631579,2237.7,29.443421052631578,0.5973684210526315,1,Frequent High-Value Users
CUST_01006,82,3891.6,47.458536585365856,34.207317073170735,2332.12,28.440487804878046,0.598170731707317,1,Frequent High-Value Users
CUST_01007,88,3949.1,44.87613636363636,36.98863636363637,2363.19,26.85443181818182,0.5953409090909091,1,Frequent High-Value Users
CUST_01008,75,3463.2,46.175999999999995,35.306666666666665,2064.68,27.529066666666665,0.6010666666666666,1,Frequent High-Value Users
CUST_01009,78,3604.5,46.21153846153846,35.5,2122.15,27.20705128205128,0.5893589743589743,1,Frequent High-Value Users
CUST_01010,66,3050.4,46.21818181818182,34.36363636363637,1826.5,27.674242424242426,0.5960606060606061,1,Frequent High-Value Users
CUST_01011,77,3694.0,47.97402597402598,35.116883116883116,2171.9,28.20649350649351,0.5920779220779221,1,Frequent High-Value Users
CUST_01012,73,3406.2,46.66027397260274,35.97260273972603,1983.74,27.174520547945207,0.5815068493150686,1,Frequent High-Value Users
CUST_01013,73,3492.7,47.845205479452055,35.16438356164384,2109.15,28.89246575342466,0.596986301369863,1,Frequent High-Value Users
CUST_01014,69,3159.9,45.79565217391305,35.01449275362319,1859.49,26.94913043478261,0.5889855072463768,1,Frequent High-Value Users
CUST_01015,70,3395.7,48.51,34.01428571428571,2012.93,28.75614285714286,0.5918571428571429,1,Frequent High-Value Users
CUST_01016,69,3162.5,45.833333333333336,38.36231884057971,1904.1,27.59565217391304,0.6015942028985507,1,Frequent High-Value Users
CUST_01017,76,3632.9,47.80131578947368,34.43421052631579,2172.34,28.583421052631582,0.5980263157894737,1,Frequent High-Value Users
CUST_01018,76,3617.8,47.602631578947374,35.171052631578945,2145.7,28.232894736842102,0.5903947368421052,1,Frequent High-Value Users
CUST_01019,68,3367.2,49.51764705882353,34.0735294117647,1965.71,28.9075,0.5875,1,Frequent High-Value Users
CUST_01020,72,3763.0,52.263888888888886,30.694444444444443,2255.64,31.328333333333333,0.5983333333333333,1,Frequent High-Value Users
CUST_01021,60,2946.9,49.115,36.65,1721.52,28.692,0.5835,1,Frequent High-Value Users
CUST_01022,70,3564.8,50.925714285714285,33.01428571428571,2093.8,29.911428571428573,0.5862857142857143,1,Frequent High-Value Users
CUST_01023,88,4356.1,49.50113636363637,32.88636363636363,2590.62,29.438863636363635,0.5986363636363636,1,Frequent High-Value Users
CUST_01024,78,3741.8,47.97179487179488,33.69230769230769,2254.56,28.904615384615383,0.5983333333333334,1,Frequent High-Value Users
CUST_01025,71,3424.8,48.23661971830986,34.57746478873239,2034.69,28.657605633802817,0.593943661971831,1,Frequent High-Value Users
CUST_01026,67,3064.7,45.741791044776114,36.343283582089555,1828.9,27.297014925373137,0.5955223880597015,1,Frequent High-Value Users
CUST_01027,79,3753.9,47.517721518987344,34.21518987341772,2224.44,28.15746835443038,0.5939240506329114,1,Frequent High-Value Users
CUST_01028,83,4190.8,50.49156626506024,32.265060240963855,2437.97,29.37313253012048,0.5831325301204819,1,Frequent High-Value Users
CUST_01029,81,3859.6,47.64938271604938,33.74074074074074,2327.2400000000002,28.73135802469136,0.6033333333333333,1,Frequent High-Value Users
CUST_01030,64,3033.9,47.4046875,35.078125,1822.51,28.47671875,0.5984375,1,Frequent High-Value Users
CUST_01031,64,2959.2000000000003,46.237500000000004,35.53125,1789.39,27.95921875,0.6003125,1,Frequent High-Value Users
CUST_01032,65,3102.0,47.723076923076924,34.93846153846154,1839.92,28.30646153846154,0.5950769230769231,1,Frequent High-Value Users
CUST_01033,70,3202.1,45.744285714285716,35.871428571428574,1845.59,26.365571428571428,0.5787142857142857,1,Frequent High-Value Users
CUST_01034,67,3317.6,49.51641791044776,35.0,1981.14,29.569253731343284,0.598358208955224,1,Frequent High-Value Users
CUST_01035,81,3660.7999999999997,45.19506172839506,36.2962962962963,2164.18,26.71827160493827,0.5922222222222222,1,Frequent High-Value Users
CUST_01036,83,4068.6,49.019277108433734,33.71084337349398,2412.77,29.069518072289156,0.5920481927710843,1,Frequent High-Value Users
CUST_01037,70,3282.6,46.894285714285715,34.542857142857144,1950.2,27.86,0.5971428571428571,1,Frequent High-Value Users
CUST_01038,71,3302.3,46.511267605633805,36.45070422535211,1980.16,27.889577464788733,0.5985915492957746,1,Frequent High-Value Users
CUST_01039,85,3973.1,46.74235294117647,36.247058823529414,2350.7,27.655294117647056,0.5943529411764706,1,Frequent High-Value Users
CUST_01040,72,3593.3,49.90694444444445,32.68055555555556,2179.55,30.27152777777778,0.6065277777777778,1,Frequent High-Value Users
CUST_01041,66,3220.5,48.79545454545455,34.56060606060606,1919.27,29.079848484848483,0.598030303030303,1,Frequent High-Value Users
CUST_01042,77,3374.2,43.820779220779215,37.98701298701299,1980.33,25.718571428571426,0.5877922077922078,1,Frequent High-Value Users
CUST_01043,84,3914.3,46.59880952380953,34.54761904761905,2289.28,27.253333333333337,0.5835714285714286,1,Frequent High-Value Users
CUST_01044,67,3090.2,46.12238805970149,34.701492537313435,1810.18,27.017611940298508,0.5871641791044777,1,Frequent High-Value Users
CUST_01045,85,3929.5,46.22941176470588,36.49411764705882,2364.37,27.81611764705882,0.6023529411764706,1,Frequent High-Value Users
CUST_01046,68,2872.0,42.23529411764706,37.35294117647059,1713.81,25.203088235294118,0.595735294117647,1,Frequent High-Value Users
CUST_01047,75,3569.3,47.59066666666667,34.693333333333335,2107.51,28.100133333333336,0.5902666666666667,1,Frequent High-Value Users
CUST_01048,65,3104.3,47.75846153846154,35.784615384615385,1838.07,28.278,0.5947692307692307,1,Frequent High-Value Users
CUST_01049,74,3297.4,44.55945945945946,36.87837837837838,1949.34,26.34243243243243,0.5908108108108108,1,Frequent High-Value Users
CUST_01050,75,3450.6,46.007999999999996,35.61333333333334,2075.96,27.679466666666666,0.6024,1,Frequent High-Value Users
CUST_01051,93,4379.1,47.087096774193554,34.86021505376344,2619.62,28.167956989247312,0.5989247311827958,1,Frequent High-Value Users
CUST_01052,79,3716.9,47.049367088607596,35.70886075949367,2209.96,27.974177215189872,0.5925316455696202,1,Frequent High-Value Users
CUST_01053,72,3361.0,46.68055555555556,37.361111111111114,1977.61,27.466805555555553,0.5856944444444445,1,Frequent High-Value Users
CUST_01054,62,3027.2,48.8258064516129,33.064516129032256,1801.24,29.052258064516128,0.5964516129032259,1,Frequent High-Value Users
CUST_01055,66,3250.1,49.24393939393939,32.5,1983.34,30.05060606060606,0.6078787878787878,1,Frequent High-Value Users
CUST_01056,62,2961.4,47.76451612903226,33.5,1816.57,29.299516129032256,0.6124193548387097,1,Frequent High-Value Users
CUST_01057,69,3361.8,48.721739130434784,33.927536231884055,1964.68,28.4736231884058,0.5931884057971014,1,Frequent High-Value Users
CUST_01058,69,3146.5,45.60144927536232,37.11594202898551,1884.71,27.31463768115942,0.5979710144927536,1,Frequent High-Value Users
CUST_01059,73,3447.9,47.23150684931507,36.54794520547945,2060.16,28.221369863013695,0.5924657534246576,1,Frequent High-Value Users
CUST_01060,69,3363.8,48.75072463768116,33.072463768115945,1991.55,28.86304347826087,0.5944927536231884,1,Frequent High-Value Users
CUST_01061,73,3439.1,47.11095890410959,35.273972602739725,2066.64,28.31013698630137,0.6019178082191781,1,Frequent High-Value Users
CUST_01062,71,3284.5,46.26056338028169,36.478873239436616,1890.18,26.622253521126762,0.5769014084507043,1,Frequent High-Value Users
CUST_01063,77,3749.1,48.68961038961039,32.714285714285715,2225.17,28.89831168831169,0.5918181818181818,1,Frequent High-Value Users
CUST_01064,63,2993.2,47.511111111111106,33.492063492063494,1796.32,28.51301587301587,0.6009523809523809,1,Frequent High-Value Users
CUST_01065,67,3274.5,48.87313432835821,31.98507462686567,1935.82,28.89283582089552,0.5940298507462686,1,Frequent High-Value Users
CUST_01066,85,3916.4,46.07529411764706,35.54117647058823,2348.22,27.62611764705882,0.5981176470588235,1,Frequent High-Value Users
CUST_01067,65,2951.0,45.4,36.63076923076923,1766.52,27.177230769230768,0.5973846153846154,1,Frequent High-Value Users
CUST_01068,70,3065.8,43.79714285714286,35.871428571428574,1813.02,25.900285714285715,0.5927142857142857,1,Frequent High-Value Users
CUST_01069,65,3047.9,46.89076923076923,34.184615384615384,1825.53,28.085076923076922,0.6004615384615385,1,Frequent High-Value Users
CUST_01070,69,3345.4,48.484057971014494,33.333333333333336,1942.48,28.151884057971014,0.5839130434782609,1,Frequent High-Value Users
CUST_01071,82,3715.7,45.31341463414634,36.6219512195122,2222.1,27.098780487804877,0.5980487804878049,1,Frequent High-Value Users
CUST_01072,83,4037.2,48.64096385542168,34.89156626506024,2430.22,29.279759036144576,0.6025301204819277,1,Frequent High-Value Users
CUST_01073,88,4169.3,47.378409090909095,36.14772727272727,2467.78,28.04295454545455,0.5939772727272727,1,Frequent High-Value Users
CUST_01074,89,4388.5,49.30898876404494,34.10112359550562,2579.97,28.98842696629213,0.5855056179775281,1,Frequent High-Value Users
CUST_01075,79,3873.4,49.03037974683544,35.68354430379747,2317.36,29.33367088607595,0.599240506329114,1,Frequent High-Value Users
CUST_01076,76,3816.5,50.2171052631579,34.71052631578947,2228.08,29.316842105263156,0.5853947368421053,1,Frequent High-Value Users
CUST_01077,81,3887.1,47.98888888888889,32.27160493827161,2275.9,28.09753086419753,0.5855555555555556,1,Frequent High-Value Users
CUST_01078,80,3732.4,46.655,33.9375,2204.23,27.552875,0.5912499999999999,1,Frequent High-Value Users
CUST_01079,71,3311.6,46.64225352112676,34.66197183098591,1938.89,27.30830985915493,0.5867605633802816,1,Frequent High-Value Users
CUST_01080,78,3727.5,47.78846153846154,33.756410256410255,2224.65,28.521153846153847,0.5970512820512821,1,Frequent High-Value Users
CUST_01081,63,3056.1,48.509523809523806,33.19047619047619,1808.98,28.713968253968254,0.5876190476190477,1,Frequent High-Value Users
CUST_01082,80,3660.7000000000003,45.758750000000006,36.0,2176.64,27.208,0.59425,1,Frequent High-Value Users
CUST_01083,65,2952.8,45.42769230769231,35.276923076923076,1754.69,26.99523076923077,0.5986153846153845,1,Frequent High-Value Users
CUST_01084,85,3931.9,46.25764705882353,35.62352941176471,2344.69,27.584588235294117,0.593764705882353,1,Frequent High-Value Users
CUST_01085,75,3387.3,45.164,36.13333333333333,2009.79,26.7972,0.5941333333333334,1,Frequent High-Value Users
CUST_01086,87,4052.3,46.57816091954023,37.41379310344828,2443.58,28.08712643678161,0.5993103448275862,1,Frequent High-Value Users
CUST_01087,63,3156.0,50.095238095238095,32.74603174603175,1847.29,29.322063492063492,0.5876190476190477,1,Frequent High-Value Users
CUST_01088,70,3387.8,48.39714285714286,33.614285714285714,1999.4,28.562857142857144,0.591,1,Frequent High-Value Users
CUST_01089,78,4050.9,51.934615384615384,31.833333333333332,2440.58,31.28948717948718,0.604102564102564,1,Frequent High-Value Users
CUST_01090,67,3015.6,45.0089552238806,37.208955223880594,1832.59,27.352089552238805,0.6077611940298507,1,Frequent High-Value Users
CUST_01091,73,3463.2,47.441095890410956,34.75342465753425,2053.84,28.134794520547945,0.5932876712328767,1,Frequent High-Value Users
CUST_01092,76,3421.6,45.02105263157895,35.61842105263158,1995.87,26.261447368421052,0.5806578947368422,1,Frequent High-Value Users
CUST_01093,70,3353.2,47.90285714285714,35.52857142857143,1970.89,28.15557142857143,0.591,1,Frequent High-Value Users
CUST_01094,84,3942.1,46.929761904761904,34.94047619047619,2320.89,27.629642857142855,0.5895238095238096,1,Frequent High-Value Users
CUST_01095,62,2584.9,41.69193548387097,39.29032258064516,1555.14,25.082903225806454,0.6008064516129032,1,Frequent High-Value Users
CUST_01096,66,3343.3,50.656060606060606,32.09090909090909,1990.3,30.156060606060606,0.5956060606060607,1,Frequent High-Value Users
CUST_01097,65,3010.8,46.32,35.33846153846154,1836.24,28.249846153846153,0.6073846153846153,1,Frequent High-Value Users
CUST_01098,82,3779.1,46.08658536585366,35.51219512195122,2227.98,27.17048780487805,0.5863414634146341,1,Frequent High-Value Users
CUST_01099,78,3576.8,45.85641025641026,35.217948717948715,2151.28,27.580512820512823,0.5973076923076923,1,Frequent High-Value Users
CUST_01100,83,3802.8,45.81686746987952,35.325301204819276,2234.85,26.92590361445783,0.5881927710843373,1,Frequent High-Value Users
CUST_01101,68,3088.2,45.41470588235294,35.705882352941174,1857.58,27.31735294117647,0.6030882352941176,1,Frequent High-Value Users
CUST_01102,81,3506.4,43.28888888888889,37.39506172839506,2093.02,25.83975308641975,0.5930864197530864,1,Frequent High-Value Users
CUST_01103,73,3245.4,44.45753424657534,35.97260273972603,1916.77,26.257123287671234,0.5857534246575342,1,Frequent High-Value Users
CUST_01104,72,3256.0,45.22222222222222,35.083333333333336,1870.76,25.982777777777777,0.5755555555555555,1,Frequent High-Value Users
CUST_01105,81,3878.2,47.87901234567901,34.82716049382716,2365.02,29.197777777777777,0.6051851851851853,1,Frequent High-Value Users
CUST_01106,78,3560.8,45.65128205128205,35.37179487179487,2134.06,27.35974358974359,0.6044871794871794,1,Frequent High-Value Users
CUST_01107,78,3716.1,47.64230769230769,35.205128205128204,2149.07,27.55217948717949,0.5829487179487179,1,Frequent High-Value Users
CUST_01108,67,3268.2,48.77910447761194,33.76119402985075,1973.76,29.45910447761194,0.6047761194029851,1,Frequent High-Value Users
CUST_01109,58,2933.7,50.58103448275862,33.36206896551724,1797.83,30.99706896551724,0.6081034482758622,1,Frequent High-Value Users
CUST_01110,79,3691.0,46.721518987341774,35.59493670886076,2143.16,27.128607594936707,0.5829113924050633,1,Frequent High-Value Users
CUST_01111,63,2781.0,44.142857142857146,37.26984126984127,1665.53,26.436984126984125,0.6039682539682539,1,Frequent High-Value Users
CUST_01112,61,2776.9,45.52295081967213,36.19672131147541,1669.63,27.370983606557377,0.6,1,Frequent High-Value Users
CUST_01113,77,3509.3,45.57532467532468,35.922077922077925,2072.73,26.91857142857143,0.5907792207792208,1,Frequent High-Value Users
CUST_01114,73,3606.6,49.40547945205479,33.58904109589041,2127.62,29.145479452054794,0.5901369863013698,1,Frequent High-Value Users
CUST_01115,67,3199.6,47.755223880597015,35.47761194029851,1902.8799999999999,28.401194029850746,0.5923880597014926,1,Frequent High-Value Users
CUST_01116,84,4185.9,49.832142857142856,32.785714285714285,2497.45,29.731547619047618,0.5977380952380953,1,Frequent High-Value Users
CUST_01117,57,2865.2,50.266666666666666,33.31578947368421,1738.52,30.500350877192982,0.6056140350877194,1,Frequent High-Value Users
CUST_01118,71,3338.1,47.015492957746474,34.7887323943662,1955.21,27.538169014084506,0.5870422535211267,1,Frequent High-Value Users
CUST_01119,82,3553.4,43.334146341463416,37.47560975609756,2125.4,25.919512195121953,0.5979268292682927,1,Frequent High-Value Users
CUST_01120,71,3614.3,50.9056338028169,33.42253521126761,2136.33,30.089154929577465,0.5922535211267606,1,Frequent High-Value Users
CUST_01121,66,3351.7,50.78333333333333,34.46969696969697,1964.01,29.757727272727273,0.5887878787878787,1,Frequent High-Value Users
CUST_01122,83,4182.4,50.39036144578313,30.42168674698795,2493.23,30.038915662650602,0.5979518072289157,1,Frequent High-Value Users
CUST_01123,65,2996.2,46.09538461538461,35.49230769230769,1791.25,27.557692307692307,0.598,1,Frequent High-Value Users
CUST_01124,80,3752.0,46.9,37.2125,2244.81,28.060125,0.596,1,Frequent High-Value Users
CUST_01125,84,3849.3,45.825,35.79761904761905,2297.15,27.34702380952381,0.596547619047619,1,Frequent High-Value Users
CUST_01126,84,3783.7,45.04404761904762,35.75,2214.32,26.360952380952384,0.5872619047619048,1,Frequent High-Value Users
CUST_01127,81,3875.6,47.84691358024691,36.41975308641975,2298.91,28.381604938271604,0.5948148148148148,1,Frequent High-Value Users
CUST_01128,73,3430.7,46.9958904109589,36.45205479452055,2038.05,27.91849315068493,0.5927397260273973,1,Frequent High-Value Users
CUST_01129,65,3063.4,47.12923076923077,34.90769230769231,1818.29,27.973692307692307,0.5904615384615385,1,Frequent High-Value Users
CUST_01130,66,3245.6,49.17575757575757,34.93939393939394,1951.16,29.563030303030303,0.5987878787878789,1,Frequent High-Value Users
CUST_01131,80,3778.2,47.2275,33.025,2213.98,27.67475,0.5902499999999999,1,Frequent High-Value Users
CUST_01132,65,3009.3,46.29692307692308,35.06153846153846,1814.88,27.92123076923077,0.6023076923076923,1,Frequent High-Value Users
CUST_01133,65,3019.1,46.44769230769231,33.87692307692308,1777.59,27.34753846153846,0.5884615384615385,1,Frequent High-Value Users
CUST_01134,62,3079.4,49.667741935483875,31.419354838709676,1801.6200000000001,29.058387096774194,0.5864516129032258,1,Frequent High-Value Users
CUST_01135,68,3586.4,52.741176470588236,32.044117647058826,2115.02,31.103235294117646,0.5941176470588235,1,Frequent High-Value Users
CUST_01136,60,2966.1,49.434999999999995,31.2,1766.14,29.43566666666667,0.5911666666666666,1,Frequent High-Value Users
CUST_01137,68,3001.7,44.14264705882353,37.544117647058826,1805.57,26.5525,0.5991176470588235,1,Frequent High-Value Users
CUST_01138,68,3173.9,46.675000000000004,34.838235294117645,1911.91,28.116323529411765,0.6002941176470589,1,Frequent High-Value Users
CUST_01139,80,3842.1,48.02625,33.875,2348.04,29.3505,0.6131249999999999,1,Frequent High-Value Users
CUST_01140,69,2930.2,42.46666666666666,38.17391304347826,1759.76,25.50376811594203,0.6020289855072464,1,Frequent High-Value Users
CUST_01141,62,2894.0,46.67741935483871,35.37096774193548,1678.1,27.066129032258065,0.5830645161290322,1,Frequent High-Value Users
CUST_01142,69,3233.5,46.86231884057971,35.20289855072464,1946.77,28.214057971014494,0.6052173913043478,1,Frequent High-Value Users
CUST_01143,57,2742.4,48.112280701754386,34.64912280701754,1660.96,29.13964912280702,0.600701754385965,1,Frequent High-Value Users
CUST_01144,77,3590.1,46.62467532467532,34.35064935064935,2085.42,27.083376623376623,0.5788311688311688,1,Frequent High-Value Users
CUST_01145,92,4244.0,46.130434782608695,35.25,2513.72,27.323043478260868,0.5954347826086956,1,Frequent High-Value Users
CUST_01146,80,3569.8,44.6225,38.125,2147.71,26.846375000000002,0.599375,1,Frequent High-Value Users
CUST_01147,90,4178.2,46.42444444444444,35.355555555555554,2472.34,27.470444444444446,0.5906666666666667,1,Frequent High-Value Users
CUST_01148,75,3506.3,46.75066666666667,35.04,2072.42,27.632266666666666,0.5910666666666666,1,Frequent High-Value Users
CUST_01149,78,3479.3,44.60641025641026,36.38461538461539,2013.38,25.812564102564103,0.5825641025641025,1,Frequent High-Value Users
CUST_01150,73,3582.0,49.06849315068493,34.36986301369863,2126.15,29.125342465753427,0.5973972602739726,1,Frequent High-Value Users
CUST_01151,67,2970.1,44.329850746268654,35.37313432835821,1733.19,25.86850746268657,0.5877611940298508,1,Frequent High-Value Users
CUST_01152,58,2756.7,47.529310344827586,35.91379310344828,1622.5,27.974137931034484,0.5908620689655173,1,Frequent High-Value Users
CUST_01153,76,3561.5,46.86184210526316,34.921052631578945,2143.27,28.20092105263158,0.6003947368421053,1,Frequent High-Value Users
CUST_01154,66,3269.1,49.53181818181818,34.04545454545455,1936.02,29.333636363636362,0.592121212121212,1,Frequent High-Value Users
CUST_01155,75,3455.2,46.06933333333333,33.89333333333333,2064.32,27.52426666666667,0.5998666666666667,1,Frequent High-Value Users
CUST_01156,80,3780.9,47.261250000000004,35.85,2228.76,27.859500000000004,0.590375,1,Frequent High-Value Users
CUST_01157,62,2780.6,44.84838709677419,35.854838709677416,1662.1,26.80806451612903,0.6008064516129032,1,Frequent High-Value Users
CUST_01158,77,3555.0,46.16883116883117,36.285714285714285,2128.67,27.645064935064937,0.5958441558441558,1,Frequent High-Value Users
CUST_01159,72,3480.8,48.34444444444445,34.736111111111114,2049.5299999999997,28.46569444444444,0.5854166666666667,1,Frequent High-Value Users
CUST_01160,73,3236.6,44.33698630136986,37.47945205479452,1911.97,26.191369863013698,0.5913698630136986,1,Frequent High-Value Users
CUST_01161,78,3947.8,50.61282051282051,32.34615384615385,2349.98,30.12794871794872,0.5938461538461538,1,Frequent High-Value Users
CUST_01162,77,3838.2,49.846753246753245,33.311688311688314,2338.58,30.37116883116883,0.6046753246753247,1,Frequent High-Value Users
CUST_01163,81,3733.7,46.09506172839506,37.02469135802469,2243.55,27.69814814814815,0.5941975308641976,1,Frequent High-Value Users
CUST_01164,89,4204.9,47.24606741573033,35.359550561797754,2498.79,28.076292134831462,0.5993258426966293,1,Frequent High-Value Users
CUST_01165,73,3434.1,47.04246575342466,36.89041095890411,2017.98,27.643561643835618,0.5887671232876712,1,Frequent High-Value Users
CUST_01166,77,3542.2,46.0025974025974,36.42857142857143,2078.37,26.991818181818182,0.5896103896103896,1,Frequent High-Value Users
CUST_01167,77,3481.9,45.21948051948052,35.98701298701299,2057.18,26.716623376623374,0.5903896103896104,1,Frequent High-Value Users
CUST_01168,75,3531.3,47.084,35.306666666666665,2117.7400000000002,28.236533333333337,0.5965333333333334,1,Frequent High-Value Users
CUST_01169,71,3207.1,45.170422535211266,36.63380281690141,1913.14,26.945633802816904,0.5945070422535211,1,Frequent High-Value Users
CUST_01170,70,3568.7,50.981428571428566,31.285714285714285,2143.8,30.625714285714288,0.5958571428571429,1,Frequent High-Value Users
CUST_01171,80,3907.1,48.83875,33.925,2287.95,28.599375,0.587875,1,Frequent High-Value Users
CUST_01172,81,3650.6,45.069135802469134,35.123456790123456,2155.31,26.608765432098764,0.595679012345679,1,Frequent High-Value Users
CUST_01173,73,3359.3,46.017808219178086,35.04109589041096,1979.32,27.113972602739725,0.5893150684931507,1,Frequent High-Value Users
CUST_01174,76,3657.7,48.127631578947366,33.60526315789474,2190.31,28.819868421052632,0.6035526315789473,1,Frequent High-Value Users
CUST_01175,69,3199.9,46.37536231884058,35.492753623188406,1879.2,27.234782608695653,0.5860869565217391,1,Frequent High-Value Users
CUST_01176,75,3587.5,47.833333333333336,35.82666666666667,2148.8,28.65066666666667,0.5964,1,Frequent High-Value Users
CUST_01177,61,2811.8,46.09508196721312,36.377049180327866,1652.11,27.08377049180328,0.588688524590164,1,Frequent High-Value Users
CUST_01178,76,3568.6,46.955263157894734,35.3421052631579,2130.32,28.030526315789476,0.5925,1,Frequent High-Value Users
CUST_01179,68,3007.7,44.23088235294117,36.5,1820.49,26.771911764705884,0.6047058823529411,1,Frequent High-Value Users
CUST_01180,62,2990.8,48.23870967741936,35.87096774193548,1774.55,28.621774193548386,0.5996774193548388,1,Frequent High-Value Users
CUST_01181,67,3354.8,50.071641791044776,33.91044776119403,1962.06,29.284477611940297,0.5874626865671642,1,Frequent High-Value Users
CUST_01182,78,3908.5,50.10897435897436,31.743589743589745,2325.82,29.81820512820513,0.5975641025641025,1,Frequent High-Value Users
CUST_01183,61,2941.1,48.21475409836066,34.47540983606557,1753.82,28.751147540983606,0.5929508196721311,1,Frequent High-Value Users
CUST_01184,71,3299.5,46.471830985915496,36.12676056338028,2034.14,28.64985915492958,0.6156338028169014,1,Frequent High-Value Users
CUST_01185,69,3182.6,46.12463768115942,35.57971014492754,1855.48,26.891014492753623,0.587536231884058,1,Frequent High-Value Users
CUST_01186,69,3168.2,45.915942028985505,34.028985507246375,1906.28,27.627246376811595,0.6008695652173913,1,Frequent High-Value Users
CUST_01187,60,2660.7,44.345,38.05,1634.49,27.2415,0.613,1,Frequent High-Value Users
CUST_01188,76,3609.9,47.498684210526314,35.4078947368421,2154.14,28.343947368421052,0.5942105263157894,1,Frequent High-Value Users
CUST_01189,71,3110.6,43.8112676056338,38.54929577464789,1876.76,26.43323943661972,0.5992957746478873,1,Frequent High-Value Users
CUST_01190,64,2981.3,46.5828125,36.421875,1766.48,27.60125,0.5915625,1,Frequent High-Value Users
CUST_01191,89,4234.7,47.58089887640449,33.8876404494382,2515.07,28.25921348314607,0.5916853932584271,1,Frequent High-Value Users
CUST_01192,73,3259.8,44.654794520547945,35.863013698630134,1941.28,26.592876712328767,0.5987671232876712,1,Frequent High-Value Users
CUST_01193,82,3879.8,47.31463414634147,34.24390243902439,2282.99,27.841341463414633,0.5874390243902439,1,Frequent High-Value Users
CUST_01194,81,3580.3,44.20123456790124,38.01234567901235,2118.39,26.15296296296296,0.590246913580247,1,Frequent High-Value Users
CUST_01195,71,3370.6,47.473239436619714,35.225352112676056,1978.8600000000001,27.871267605633804,0.5907042253521126,1,Frequent High-Value Users
CUST_01196,79,3790.2,47.97721518987341,33.18987341772152,2290.37,28.992025316455695,0.6013924050632912,1,Frequent High-Value Users
CUST_01197,70,3159.5,45.135714285714286,37.2,1882.05,26.88642857142857,0.5984285714285714,1,Frequent High-Value Users
CUST_01198,87,4094.0,47.05747126436781,35.195402298850574,2487.73,28.594597701149425,0.6077011494252873,1,Frequent High-Value Users
CUST_01199,64,2996.3,46.8171875,35.375,1782.99,27.85921875,0.595,1,Frequent High-Value Users
CUST_01200,53,2385.1,45.00188679245283,34.60377358490566,1424.0,26.867924528301888,0.5922641509433962,1,Frequent High-Value Users
CUST_01201,63,3088.1,49.01746031746032,33.46031746031746,1845.58,29.294920634920633,0.5973015873015873,1,Frequent High-Value Users
CUST_01202,68,3223.6,47.40588235294118,34.588235294117645,1912.15,28.11985294117647,0.5916176470588236,1,Frequent High-Value Users
CUST_01203,72,3334.9,46.31805555555556,34.791666666666664,1990.2,27.641666666666666,0.5977777777777777,1,Frequent High-Value Users
CUST_01204,66,2912.2,44.124242424242425,37.07575757575758,1755.24,26.594545454545454,0.6018181818181818,1,Frequent High-Value Users
CUST_01205,78,3681.1,47.19358974358974,34.87179487179487,2136.75,27.39423076923077,0.5855128205128205,1,Frequent High-Value Users
CUST_01206,52,2579.7,49.60961538461538,32.90384615384615,1503.68,28.916923076923077,0.5826923076923077,1,Frequent High-Value Users
CUST_01207,72,3333.5,46.298611111111114,36.958333333333336,1949.44,27.075555555555557,0.5815277777777778,1,Frequent High-Value Users
CUST_01208,76,3610.2,47.502631578947366,34.328947368421055,2124.75,27.957236842105264,0.588421052631579,1,Frequent High-Value Users
CUST_01209,78,3944.2,50.56666666666666,34.15384615384615,2300.24,29.490256410256407,0.5792307692307692,1,Frequent High-Value Users
CUST_01210,67,2971.1,44.34477611940299,37.16417910447761,1741.39,25.990895522388062,0.5904477611940299,1,Frequent High-Value Users
CUST_01211,76,3548.5,46.69078947368421,33.85526315789474,2084.31,27.42513157894737,0.5911842105263158,1,Frequent High-Value Users
CUST_01212,79,3630.1,45.950632911392404,35.87341772151899,2103.92,26.631898734177216,0.5772151898734177,1,Frequent High-Value Users
CUST_01213,76,3569.8,46.97105263157895,34.921052631578945,2107.52,27.730526315789472,0.5897368421052631,1,Frequent High-Value Users
CUST_01214,80,3447.2999999999997,43.091249999999995,37.125,2055.69,25.696125000000002,0.5943750000000001,1,Frequent High-Value Users
CUST_01215,76,3786.3,49.819736842105264,32.96052631578947,2275.93,29.94644736842105,0.6,1,Frequent High-Value Users
CUST_01216,76,3809.5,50.125,31.789473684210527,2258.34,29.715000000000003,0.5936842105263157,1,Frequent High-Value Users
CUST_01217,70,3096.8,44.24,36.07142857142857,1831.12,26.15885714285714,0.5907142857142857,1,Frequent High-Value Users
CUST_01218,70,3385.1,48.35857142857143,33.542857142857144,2003.85,28.62642857142857,0.5945714285714285,1,Frequent High-Value Users
CUST_01219,80,3780.9,47.261250000000004,33.825,2232.57,27.907125,0.59375,1,Frequent High-Value Users
CUST_01220,72,3564.2,49.50277777777777,33.56944444444444,2098.92,29.151666666666667,0.5891666666666667,1,Frequent High-Value Users
CUST_01221,63,3028.8,48.076190476190476,34.58730158730159,1821.94,28.91968253968254,0.5988888888888888,1,Frequent High-Value Users
CUST_01222,57,2419.0,42.43859649122807,37.14035087719298,1422.77,24.960877192982455,0.5898245614035087,1,Frequent High-Value Users
CUST_01223,59,2872.6,48.68813559322034,35.30508474576271,1721.64,29.18033898305085,0.5984745762711865,1,Frequent High-Value Users
CUST_01224,70,3212.5,45.892857142857146,35.27142857142857,1917.9,27.39857142857143,0.5964285714285714,1,Frequent High-Value Users
CUST_01225,83,3880.9,46.757831325301204,36.734939759036145,2286.64,27.549879518072288,0.5910843373493976,1,Frequent High-Value Users
CUST_01226,61,2726.6,44.6983606557377,36.377049180327866,1610.65,26.404098360655738,0.5918032786885246,1,Frequent High-Value Users
CUST_01227,77,3342.3,43.40649350649351,38.8051948051948,2018.03,26.208181818181817,0.6053246753246753,1,Frequent High-Value Users
CUST_01228,78,3554.9,45.575641025641026,36.67948717948718,2088.69,26.778076923076924,0.588076923076923,1,Frequent High-Value Users
CUST_01229,77,3660.7,47.541558441558436,34.66233766233766,2163.33,28.095194805194804,0.597012987012987,1,Frequent High-Value Users
CUST_01230,75,3469.8,46.264,34.44,2014.97,26.866266666666668,0.5842666666666667,1,Frequent High-Value Users
CUST_01231,71,3330.6,46.90985915492958,34.816901408450704,1987.51,27.993098591549295,0.5907042253521126,1,Frequent High-Value Users
CUST_01232,67,3271.1,48.82238805970149,31.044776119402986,1881.07,28.075671641791043,0.575820895522388,1,Frequent High-Value Users
CUST_01233,61,2841.2,46.57704918032787,35.557377049180324,1662.57,27.255245901639345,0.589344262295082,1,Frequent High-Value Users
CUST_01234,60,2686.0,44.766666666666666,37.15,1632.08,27.20133333333333,0.6073333333333333,1,Frequent High-Value Users
CUST_01235,75,3520.9,46.94533333333334,35.44,2066.99,27.559866666666665,0.5896,1,Frequent High-Value Users
CUST_01236,79,3936.0,49.822784810126585,35.08860759493671,2288.0099999999998,28.962151898734174,0.5811392405063291,1,Frequent High-Value Users
CUST_01237,72,3417.2,47.46111111111111,33.72222222222222,2006.2,27.86388888888889,0.5894444444444444,1,Frequent High-Value Users
CUST_01238,89,4128.6,46.38876404494383,35.37078651685393,2432.21,27.32820224719101,0.5902247191011236,1,Frequent High-Value Users
CUST_01239,67,3132.2,46.74925373134328,35.582089552238806,1842.87,27.5055223880597,0.5888059701492537,1,Frequent High-Value Users
CUST_01240,69,3275.1,47.46521739130435,35.028985507246375,1943.49,28.166521739130435,0.5998550724637681,1,Frequent High-Value Users
CUST_01241,81,3846.0,47.48148148148148,35.25925925925926,2288.81,28.256913580246913,0.5950617283950618,1,Frequent High-Value Users
CUST_01242,89,4293.2,48.23820224719101,34.348314606741575,2521.07,28.326629213483148,0.5882022471910112,1,Frequent High-Value Users
CUST_01243,77,3666.7,47.61948051948052,33.298701298701296,2146.76,27.880000000000003,0.5875324675324676,1,Frequent High-Value Users
CUST_01244,73,3340.6,45.76164383561644,37.054794520547944,2000.88,27.409315068493154,0.5956164383561643,1,Frequent High-Value Users
CUST_01245,85,3814.3,44.874117647058824,36.32941176470588,2253.56,26.512470588235292,0.5896470588235294,1,Frequent High-Value Users
CUST_01246,73,3401.0,46.58904109589041,35.36986301369863,1996.28,27.346301369863014,0.5912328767123288,1,Frequent High-Value Users
CUST_01247,81,3819.7,47.15679012345679,37.49382716049383,2284.67,28.205802469135804,0.5987654320987654,1,Frequent High-Value Users
CUST_01248,80,3766.5,47.08125,35.3125,2251.63,28.145375,0.59475,1,Frequent High-Value Users
CUST_01249,78,3655.3,46.86282051282051,34.23076923076923,2164.39,27.748589743589744,0.5958974358974358,1,Frequent High-Value Users
CUST_01250,76,3411.8,44.892105263157895,37.526315789473685,1989.84,26.182105263157894,0.5832894736842105,1,Frequent High-Value Users
CUST_01251,58,2736.4,47.179310344827584,35.36206896551724,1616.92,27.87793103448276,0.5865517241379311,1,Frequent High-Value Users
CUST_01252,59,3124.3,52.954237288135594,30.11864406779661,1865.87,31.624915254237287,0.5935593220338984,1,Frequent High-Value Users
CUST_01253,72,3405.8,47.30277777777778,35.30555555555556,2044.22,28.391944444444444,0.5979166666666667,1,Frequent High-Value Users
CUST_01254,96,4326.4,45.06666666666666,36.65625,2535.68,26.41333333333333,0.58875,1,Frequent High-Value Users
CUST_01255,80,3955.7,49.44625,31.675,2347.72,29.3465,0.5936250000000001,1,Frequent High-Value Users
CUST_01256,57,2748.2,48.214035087719296,33.40350877192982,1594.4,27.971929824561403,0.5807017543859649,1,Frequent High-Value Users
CUST_01257,63,3143.3,49.8936507936508,33.53968253968254,1865.35,29.608730158730157,0.5952380952380952,1,Frequent High-Value Users
CUST_01258,78,3535.2,45.32307692307692,35.03846153846154,2115.2400000000002,27.118461538461542,0.6030769230769231,1,Frequent High-Value Users
CUST_01259,70,3121.0,44.58571428571429,35.52857142857143,1821.26,26.018,0.5862857142857143,1,Frequent High-Value Users
CUST_01260,73,3639.9,49.86164383561644,32.178082191780824,2114.81,28.97,0.582876712328767,1,Frequent High-Value Users
CUST_01261,76,3391.2,44.62105263157895,35.94736842105263,2059.9,27.103947368421053,0.6044736842105263,1,Frequent High-Value Users
CUST_01262,61,2934.5,48.10655737704918,34.26229508196721,1780.33,29.185737704918033,0.6029508196721312,1,Frequent High-Value Users
CUST_01263,72,3262.3,45.30972222222223,35.833333333333336,1934.58,26.869166666666665,0.5918055555555556,1,Frequent High-Value Users
CUST_01264,75,3566.8,47.55733333333333,35.24,2150.14,28.668533333333333,0.6068,1,Frequent High-Value Users
CUST_01265,81,3718.8,45.91111111111111,37.77777777777778,2226.28,27.48493827160494,0.595925925925926,1,Frequent High-Value Users
CUST_01266,80,3803.8,47.5475,35.9,2246.61,28.082625,0.59425,1,Frequent High-Value Users
CUST_01267,62,2913.6,46.99354838709677,33.96774193548387,1698.23,27.390806451612903,0.5808064516129032,1,Frequent High-Value Users
CUST_01268,68,3379.2,49.69411764705882,33.044117647058826,1971.6100000000001,28.994264705882355,0.5872058823529411,1,Frequent High-Value Users
CUST_01269,86,4247.7,49.391860465116274,35.47674418604651,2545.87,29.60313953488372,0.5993023255813953,1,Frequent High-Value Users
CUST_01270,59,2966.2,50.27457627118644,31.28813559322034,1769.47,29.99101694915254,0.593728813559322,1,Frequent High-Value Users
CUST_01271,93,4405.9,47.375268817204294,34.634408602150536,2639.14,28.37784946236559,0.5965591397849462,1,Frequent High-Value Users
CUST_01272,78,3568.1,45.74487179487179,34.92307692307692,2147.75,27.53525641025641,0.6042307692307692,1,Frequent High-Value Users
CUST_01273,71,3432.8,48.34929577464789,34.46478873239437,2007.57,28.275633802816902,0.5883098591549295,1,Frequent High-Value Users
CUST_01274,75,3798.3,50.644000000000005,33.906666666666666,2265.52,30.206933333333332,0.5954666666666667,1,Frequent High-Value Users
CUST_01275,69,3247.1,47.05942028985507,35.44927536231884,1938.7,28.097101449275364,0.5947826086956521,1,Frequent High-Value Users
CUST_01276,59,2987.9,50.64237288135593,31.983050847457626,1744.65,29.57033898305085,0.587457627118644,1,Frequent High-Value Users
CUST_01277,85,4076.6,47.96,34.84705882352941,2387.63,28.089764705882356,0.5844705882352941,1,Frequent High-Value Users
CUST_01278,72,3525.8,48.96944444444445,34.388888888888886,2131.05,29.59791666666667,0.6075,1,Frequent High-Value Users
CUST_01279,69,3405.2,49.350724637681154,34.072463768115945,1983.82,28.751014492753622,0.5831884057971015,1,Frequent High-Value Users
CUST_01280,72,3250.5,45.145833333333336,36.638888888888886,1898.31,26.365416666666665,0.5854166666666667,1,Frequent High-Value Users
CUST_01281,72,3113.2,43.23888888888889,37.52777777777778,1855.85,25.775694444444444,0.5968055555555556,1,Frequent High-Value Users
CUST_01282,75,3380.3,45.07066666666667,35.74666666666667,1983.24,26.4432,0.5862666666666666,1,Frequent High-Value Users
CUST_01283,73,3567.9,48.87534246575343,34.45205479452055,2150.53,29.459315068493154,0.6026027397260274,1,Frequent High-Value Users
CUST_01284,68,2916.7,42.89264705882353,37.720588235294116,1744.18,25.649705882352944,0.5944117647058824,1,Frequent High-Value Users
CUST_01285,67,3135.6,46.8,35.67164179104478,1830.54,27.321492537313432,0.5873134328358209,1,Frequent High-Value Users
CUST_01286,72,2974.7,41.31527777777777,38.875,1747.16,24.266111111111112,0.5918055555555556,1,Frequent High-Value Users
CUST_01287,59,2844.2999999999997,48.20847457627118,33.779661016949156,1628.19,27.596440677966104,0.5788135593220338,1,Frequent High-Value Users
CUST_01288,74,3453.2,46.66486486486486,37.567567567567565,2073.41,28.019054054054052,0.5994594594594594,1,Frequent High-Value Users
CUST_01289,77,3650.0,47.4025974025974,35.09090909090909,2125.94,27.609610389610392,0.5827272727272726,1,Frequent High-Value Users
CUST_01290,67,3235.0,48.28358208955224,33.82089552238806,1919.55,28.65,0.5949253731343284,1,Frequent High-Value Users
CUST_01291,71,3417.8,48.138028169014085,32.985915492957744,1999.8,28.166197183098593,0.5873239436619718,1,Frequent High-Value Users
CUST_01292,56,2554.4,45.614285714285714,35.375,1503.1299999999999,26.84160714285714,0.5876785714285715,1,Frequent High-Value Users
CUST_01293,68,3349.1,49.25147058823529,34.10294117647059,1974.64,29.038823529411765,0.5892647058823529,1,Frequent High-Value Users
CUST_01294,75,3494.5,46.593333333333334,35.45333333333333,2063.45,27.512666666666664,0.5952000000000001,1,Frequent High-Value Users
CUST_01295,81,3755.5,46.364197530864196,36.69135802469136,2195.75,27.108024691358025,0.5860493827160493,1,Frequent High-Value Users
CUST_01296,72,3304.4,45.894444444444446,36.763888888888886,1950.32,27.087777777777777,0.5895833333333333,1,Frequent High-Value Users
CUST_01297,82,3832.7,46.74024390243902,35.15853658536585,2264.39,27.61451219512195,0.593780487804878,1,Frequent High-Value Users
CUST_01298,64,2887.0,45.109375,35.640625,1658.66,25.9165625,0.5753125,1,Frequent High-Value Users
CUST_01299,60,2649.7,44.16166666666666,37.233333333333334,1607.55,26.7925,0.6028333333333333,1,Frequent High-Value Users
CUST_01300,76,3395.0,44.671052631578945,37.19736842105263,1998.26,26.292894736842104,0.5902631578947368,1,Frequent High-Value Users
CUST_01301,71,3351.4,47.202816901408454,34.12676056338028,2008.5,28.288732394366196,0.5947887323943661,1,Frequent High-Value Users
CUST_01302,75,3670.0,48.93333333333333,34.28,2187.32,29.16426666666667,0.5937333333333333,1,Frequent High-Value Users
CUST_01303,74,3367.4,45.505405405405405,37.851351351351354,2026.85,27.389864864864865,0.600945945945946,1,Frequent High-Value Users
CUST_01304,46,2116.9,46.0195652173913,33.84782608695652,1269.9,27.606521739130436,0.601086956521739,1,Frequent High-Value Users
CUST_01305,68,3150.3,46.32794117647059,36.23529411764706,1853.61,27.258970588235293,0.5902941176470589,1,Frequent High-Value Users
CUST_01306,75,3969.1,52.92133333333333,31.493333333333332,2337.61,31.168133333333333,0.5869333333333334,1,Frequent High-Value Users
CUST_01307,71,3139.7,44.22112676056338,34.80281690140845,1868.6,26.31830985915493,0.5946478873239437,1,Frequent High-Value Users
CUST_01308,71,3388.2,47.72112676056338,35.521126760563384,2034.01,28.648028169014083,0.5974647887323944,1,Frequent High-Value Users
CUST_01309,88,4029.3,45.7875,35.81818181818182,2439.33,27.71965909090909,0.6060227272727272,1,Frequent High-Value Users
CUST_01310,57,2431.0,42.64912280701754,38.421052631578945,1396.54,24.500701754385965,0.5745614035087719,1,Frequent High-Value Users
CUST_01311,71,3390.6,47.754929577464786,36.521126760563384,2014.02,28.366478873239437,0.5963380281690142,1,Frequent High-Value Users
CUST_01312,73,3431.6,47.00821917808219,35.205479452054796,2032.49,27.842328767123288,0.5924657534246576,1,Frequent High-Value Users
CUST_01313,71,3261.8,45.94084507042254,35.61971830985915,1936.1,27.26901408450704,0.5923943661971831,1,Frequent High-Value Users
CUST_01314,75,3319.5,44.26,35.42666666666667,1970.87,26.278266666666664,0.5950666666666667,1,Frequent High-Value Users
CUST_01315,81,3750.0,46.2962962962963,37.0,2286.18,28.224444444444444,0.6104938271604938,1,Frequent High-Value Users
CUST_01316,60,2941.0,49.016666666666666,33.083333333333336,1740.22,29.003666666666668,0.5876666666666667,1,Frequent High-Value Users
CUST_01317,84,4042.8,48.12857142857143,34.416666666666664,2401.17,28.585357142857145,0.5944047619047619,1,Frequent High-Value Users
CUST_01318,94,4226.2,44.9595744680851,36.319148936170215,2506.2400000000002,26.66212765957447,0.5904255319148937,1,Frequent High-Value Users
CUST_01319,81,3763.6,46.4641975308642,33.98765432098765,2217.38,27.375061728395064,0.5890123456790124,1,Frequent High-Value Users
CUST_01320,74,3648.8,49.30810810810811,33.891891891891895,2160.51,29.196081081081083,0.5921621621621622,1,Frequent High-Value Users
CUST_01321,75,3522.6,46.967999999999996,34.946666666666665,2109.66,28.1288,0.5998666666666667,1,Frequent High-Value Users
CUST_01322,64,2760.3,43.1296875,36.765625,1625.75,25.40234375,0.5884375000000001,1,Frequent High-Value Users
CUST_01323,80,3739.4,46.7425,35.25,2212.59,27.657375000000002,0.5912499999999999,1,Frequent High-Value Users
CUST_01324,73,3281.7,44.95479452054794,35.93150684931507,1989.91,27.259041095890414,0.6061643835616438,1,Frequent High-Value Users
CUST_01325,81,3740.0,46.17283950617284,35.5679012345679,2244.34,27.707901234567903,0.5979012345679012,1,Frequent High-Value Users
CUST_01326,72,3337.1,46.34861111111111,35.208333333333336,1973.97,27.41625,0.5919444444444444,1,Frequent High-Value Users
CUST_01327,76,3473.7,45.70657894736842,37.05263157894737,2083.11,27.40934210526316,0.6023684210526316,1,Frequent High-Value Users
CUST_01328,62,2777.3,44.79516129032258,35.903225806451616,1671.85,26.96532258064516,0.6001612903225807,1,Frequent High-Value Users
CUST_01329,80,3743.5,46.79375,35.1125,2184.68,27.3085,0.586625,1,Frequent High-Value Users
CUST_01330,72,3273.2,45.46111111111111,37.611111111111114,1906.49,26.479027777777777,0.5868055555555556,1,Frequent High-Value Users
CUST_01331,64,2885.7,45.0890625,37.046875,1747.9,27.3109375,0.60203125,1,Frequent High-Value Users
CUST_01332,63,2781.8,44.15555555555556,38.0,1632.01,25.904920634920636,0.5884126984126984,1,Frequent High-Value Users
CUST_01333,71,3041.5,42.83802816901409,37.28169014084507,1811.45,25.513380281690143,0.5938028169014083,1,Frequent High-Value Users
CUST_01334,61,3031.0,49.68852459016394,35.31147540983606,1802.45,29.548360655737707,0.6013114754098361,1,Frequent High-Value Users
CUST_01335,72,3421.4,47.519444444444446,37.125,2048.77,28.45513888888889,0.5975,1,Frequent High-Value Users
CUST_01336,72,3443.1,47.82083333333333,35.97222222222222,1996.02,27.7225,0.5795833333333333,1,Frequent High-Value Users
CUST_01337,79,3800.6,48.10886075949367,36.36708860759494,2276.11,28.811518987341774,0.6051898734177216,1,Frequent High-Value Users
CUST_01338,60,2922.5,48.708333333333336,33.833333333333336,1708.26,28.471,0.587,1,Frequent High-Value Users
CUST_01339,70,3164.5,45.207142857142856,34.94285714285714,1907.69,27.252714285714287,0.6005714285714285,1,Frequent High-Value Users
CUST_01340,77,3791.0,49.23376623376623,33.48051948051948,2280.92,29.622337662337664,0.5993506493506493,1,Frequent High-Value Users
CUST_01341,60,2777.7,46.294999999999995,33.75,1659.32,27.65533333333333,0.5986666666666667,1,Frequent High-Value Users
CUST_01342,63,2886.0,45.80952380952381,34.92063492063492,1717.41,27.26047619047619,0.5963492063492064,1,Frequent High-Value Users
CUST_01343,68,3379.6,49.699999999999996,32.029411764705884,2022.96,29.749411764705883,0.5997058823529412,1,Frequent High-Value Users
CUST_01344,66,3098.4,46.945454545454545,34.45454545454545,1806.39,27.369545454545456,0.5836363636363637,1,Frequent High-Value Users
CUST_01345,100,4889.4,48.894,33.17,2895.81,28.958099999999998,0.5908,1,Frequent High-Value Users
CUST_01346,62,2964.0,47.806451612903224,33.516129032258064,1746.99,28.177258064516128,0.5908064516129032,1,Frequent High-Value Users
CUST_01347,95,4495.0,47.31578947368421,34.578947368421055,2688.12,28.296,0.6005263157894737,1,Frequent High-Value Users
CUST_01348,75,3439.9,45.86533333333333,34.50666666666667,2014.97,26.866266666666668,0.5876,1,Frequent High-Value Users
CUST_01349,78,3627.9,46.511538461538464,35.1025641025641,2132.68,27.34205128205128,0.5891025641025641,1,Frequent High-Value Users
CUST_01350,71,3219.8,45.34929577464789,36.11267605633803,1910.9,26.914084507042254,0.5959154929577465,1,Frequent High-Value Users
CUST_01351,78,3870.3,49.619230769230775,34.03846153846154,2304.56,29.545641025641025,0.5953846153846154,1,Frequent High-Value Users
CUST_01352,69,3284.0,47.594202898550726,34.78260869565217,1991.09,28.856376811594203,0.6068115942028985,1,Frequent High-Value Users
CUST_01353,64,3143.1,49.1109375,34.453125,1858.07,29.03234375,0.5890625,1,Frequent High-Value Users
CUST_01354,73,3653.4,50.04657534246576,33.863013698630134,2166.85,29.682876712328767,0.5878082191780822,1,Frequent High-Value Users
CUST_01355,55,2593.6,47.156363636363636,35.43636363636364,1564.31,28.442,0.6038181818181818,1,Frequent High-Value Users
CUST_01356,82,3793.9,46.267073170731706,35.25609756097561,2261.54,27.579756097560974,0.5965853658536585,1,Frequent High-Value Users
CUST_01357,76,3802.7,50.03552631578947,32.5921052631579,2188.87,28.800921052631576,0.5813157894736842,1,Frequent High-Value Users
CUST_01358,74,3216.8,43.47027027027027,38.67567567567568,1918.91,25.931216216216217,0.5991891891891892,1,Frequent High-Value Users
CUST_01359,70,3211.7,45.88142857142857,34.34285714285714,1893.9,27.055714285714288,0.5902857142857143,1,Frequent High-Value Users
CUST_01360,61,2834.4,46.46557377049181,37.39344262295082,1626.6,26.6655737704918,0.5822950819672131,1,Frequent High-Value Users
CUST_01361,76,3879.3,51.04342105263158,30.82894736842105,2317.17,30.489078947368423,0.5976315789473684,1,Frequent High-Value Users
CUST_01362,74,3585.9,48.45810810810811,32.63513513513514,2118.36,28.62648648648649,0.5901351351351352,1,Frequent High-Value Users
CUST_01363,67,3155.2,47.092537313432835,34.37313432835821,1920.37,28.662238805970148,0.6055223880597015,1,Frequent High-Value Users
CUST_01364,72,3564.5,49.50694444444444,34.208333333333336,2109.43,29.297638888888887,0.5965277777777778,1,Frequent High-Value Users
CUST_01365,70,3393.8,48.48285714285714,32.714285714285715,2030.3,29.004285714285714,0.5992857142857143,1,Frequent High-Value Users
CUST_01366,62,2805.8,45.25483870967742,35.95161290322581,1686.22,27.19709677419355,0.6053225806451613,1,Frequent High-Value Users
CUST_01367,72,3561.5,49.46527777777778,33.15277777777778,2089.27,29.01763888888889,0.5859722222222222,1,Frequent High-Value Users
CUST_01368,67,3212.3,47.94477611940299,33.08955223880597,1915.1,28.583582089552237,0.5901492537313433,1,Frequent High-Value Users
CUST_01369,82,4259.9,51.949999999999996,30.890243902439025,2588.46,31.56658536585366,0.6060975609756097,1,Frequent High-Value Users
CUST_01370,60,2838.1,47.30166666666666,34.233333333333334,1664.53,27.742166666666666,0.5866666666666667,1,Frequent High-Value Users
CUST_01371,68,3301.4,48.550000000000004,32.8235294117647,1893.8799999999999,27.851176470588232,0.5748529411764707,1,Frequent High-Value Users
CUST_01372,74,3422.7,46.2527027027027,36.270270270270274,2032.54,27.466756756756755,0.5951351351351352,1,Frequent High-Value Users
CUST_01373,71,3435.3,48.384507042253524,34.84507042253521,2027.81,28.56070422535211,0.5902816901408451,1,Frequent High-Value Users
CUST_01374,60,2750.3,45.83833333333334,36.43333333333333,1657.34,27.622333333333334,0.5996666666666666,1,Frequent High-Value Users
CUST_01375,89,4195.1,47.13595505617978,34.95505617977528,2489.13,27.967752808988767,0.5939325842696629,1,Frequent High-Value Users
CUST_01376,81,3988.1,49.2358024691358,33.97530864197531,2372.42,29.289135802469136,0.5982716049382716,1,Frequent High-Value Users
CUST_01377,82,3681.4,44.895121951219515,36.573170731707314,2200.29,26.83280487804878,0.5964634146341463,1,Frequent High-Value Users
CUST_01378,65,2858.6,43.97846153846154,36.95384615384615,1675.8,25.78153846153846,0.5860000000000001,1,Frequent High-Value Users
CUST_01379,81,3805.4,46.980246913580245,35.74074074074074,2215.23,27.348518518518517,0.582716049382716,1,Frequent High-Value Users
CUST_01380,75,3565.0,47.53333333333333,34.373333333333335,2070.2,27.602666666666664,0.5806666666666667,1,Frequent High-Value Users
CUST_01381,63,2991.5,47.48412698412698,34.58730158730159,1816.82,28.838412698412696,0.6042857142857143,1,Frequent High-Value Users
CUST_01382,66,3121.6,47.2969696969697,34.621212121212125,1891.84,28.664242424242424,0.6084848484848485,1,Frequent High-Value Users
CUST_01383,81,3403.9,42.02345679012346,39.407407407407405,1993.93,24.616419753086422,0.5885185185185186,1,Frequent High-Value Users
CUST_01384,81,3891.0,48.03703703703704,35.27160493827161,2258.4,27.881481481481483,0.584320987654321,1,Frequent High-Value Users
CUST_01385,78,3583.7,45.944871794871794,35.67948717948718,2115.62,27.12333333333333,0.5941025641025641,1,Frequent High-Value Users
CUST_01386,77,3467.9,45.03766233766234,37.33766233766234,2045.88,26.569870129870132,0.5853246753246754,1,Frequent High-Value Users
CUST_01387,70,3346.7,47.809999999999995,34.25714285714286,1939.69,27.709857142857143,0.5831428571428572,1,Frequent High-Value Users
CUST_01388,75,3714.6,49.528,33.13333333333333,2167.6,28.901333333333334,0.5846666666666667,1,Frequent High-Value Users
CUST_01389,73,3490.9,47.82054794520548,33.49315068493151,2048.21,28.057671232876714,0.5843835616438356,1,Frequent High-Value Users
CUST_01390,72,3058.2,42.474999999999994,36.72222222222222,1805.27,25.073194444444443,0.5919444444444444,1,Frequent High-Value Users
CUST_01391,77,3728.1,48.41688311688311,32.62337662337662,2221.58,28.85168831168831,0.5955844155844155,1,Frequent High-Value Users
CUST_01392,77,3786.5,49.175324675324674,32.84415584415584,2200.13,28.573116883116885,0.5818181818181818,1,Frequent High-Value Users
CUST_01393,90,4380.6,48.67333333333334,34.5,2654.71,29.49677777777778,0.6065555555555556,1,Frequent High-Value Users
CUST_01394,80,3776.6,47.207499999999996,33.125,2231.69,27.896125,0.593125,1,Frequent High-Value Users
CUST_01395,66,3242.7,49.131818181818176,32.84848484848485,1891.11,28.653181818181817,0.5853030303030303,1,Frequent High-Value Users
CUST_01396,66,3036.3,46.00454545454546,35.39393939393939,1847.79,27.99681818181818,0.6093939393939394,1,Frequent High-Value Users
CUST_01397,86,3770.4,43.84186046511628,35.66279069767442,2233.23,25.96779069767442,0.5940697674418605,1,Frequent High-Value Users
CUST_01398,82,4157.0,50.69512195121951,33.15853658536585,2438.57,29.73865853658537,0.5904878048780487,1,Frequent High-Value Users
CUST_01399,69,3045.3,44.13478260869565,37.88405797101449,1838.99,26.652028985507247,0.601304347826087,1,Frequent High-Value Users
CUST_01400,83,3813.8,45.94939759036145,35.69879518072289,2284.04,27.518554216867468,0.6003614457831326,1,Frequent High-Value Users
CUST_01401,64,2973.5,46.4609375,34.75,1783.66,27.8696875,0.60140625,1,Frequent High-Value Users
CUST_01402,62,2725.4,43.958064516129035,36.82258064516129,1654.76,26.68967741935484,0.6033870967741936,1,Frequent High-Value Users
CUST_01403,73,3713.0,50.863013698630134,31.095890410958905,2174.45,29.78698630136986,0.5823287671232876,1,Frequent High-Value Users
CUST_01404,77,3663.7,47.58051948051948,33.74025974025974,2147.58,27.89064935064935,0.5881818181818181,1,Frequent High-Value Users
CUST_01405,72,3242.4,45.03333333333333,35.833333333333336,1934.9,26.873611111111114,0.5980555555555556,1,Frequent High-Value Users
CUST_01406,68,2964.4,43.59411764705882,38.4264705882353,1764.96,25.95529411764706,0.5936764705882352,1,Frequent High-Value Users
CUST_01407,84,3768.4,44.86190476190476,35.964285714285715,2241.36,26.682857142857145,0.5927380952380952,1,Frequent High-Value Users
CUST_01408,71,3309.4,46.611267605633806,35.61971830985915,1963.58,27.65605633802817,0.5919718309859155,1,Frequent High-Value Users
CUST_01409,81,3900.0,48.148148148148145,34.72839506172839,2310.2400000000002,28.521481481481484,0.5912345679012345,1,Frequent High-Value Users
CUST_01410,66,3214.0,48.696969696969695,33.878787878787875,1874.44,28.400606060606062,0.5851515151515151,1,Frequent High-Value Users
CUST_01411,78,3623.9,46.46025641025641,35.666666666666664,2128.2400000000002,27.28512820512821,0.588076923076923,1,Frequent High-Value Users
CUST_01412,67,3228.2,48.1820895522388,35.298507462686565,1911.8,28.534328358208956,0.5926865671641791,1,Frequent High-Value Users
CUST_01413,59,2962.6,50.213559322033895,31.135593220338983,1791.18,30.35898305084746,0.606271186440678,1,Frequent High-Value Users
CUST_01414,73,3557.0,48.726027397260275,33.63013698630137,2122.08,29.069589041095888,0.598082191780822,1,Frequent High-Value Users
CUST_01415,66,3000.4,45.46060606060606,35.5,1805.6200000000001,27.35787878787879,0.6028787878787879,1,Frequent High-Value Users
CUST_01416,84,3720.9,44.29642857142857,36.666666666666664,2184.85,26.010119047619046,0.589047619047619,1,Frequent High-Value Users
CUST_01417,78,3497.1,44.83461538461538,36.3974358974359,2091.91,26.819358974358973,0.6001282051282052,1,Frequent High-Value Users
CUST_01418,89,4196.4,47.15056179775281,36.53932584269663,2530.13,28.428426966292136,0.5982022471910112,1,Frequent High-Value Users
CUST_01419,81,3669.5,45.30246913580247,36.358024691358025,2182.35,26.942592592592593,0.5948148148148148,1,Frequent High-Value Users
CUST_01420,63,3069.9,48.72857142857143,32.87301587301587,1808.29,28.70301587301587,0.5903174603174602,1,Frequent High-Value Users
CUST_01421,82,3741.7,45.630487804878044,37.19512195121951,2183.94,26.63341463414634,0.583170731707317,1,Frequent High-Value Users
CUST_01422,70,3427.1,48.958571428571425,31.557142857142857,2040.33,29.14757142857143,0.5955714285714285,1,Frequent High-Value Users
CUST_01423,69,3202.7,46.415942028985505,33.78260869565217,1902.75,27.57608695652174,0.5915942028985507,1,Frequent High-Value Users
CUST_01424,82,3600.7,43.91097560975609,37.073170731707314,2101.57,25.628902439024394,0.5818292682926829,1,Frequent High-Value Users
CUST_01425,76,3562.3,46.872368421052634,35.26315789473684,2133.68,28.07473684210526,0.5944736842105263,1,Frequent High-Value Users
CUST_01426,75,3654.8,48.73066666666667,33.16,2163.63,28.8484,0.5930666666666667,1,Frequent High-Value Users
CUST_01427,81,3924.0,48.44444444444444,32.95061728395062,2366.69,29.218395061728394,0.5995061728395062,1,Frequent High-Value Users
CUST_01428,83,3819.8,46.02168674698795,36.0,2245.42,27.053253012048195,0.5897590361445784,1,Frequent High-Value Users
CUST_01429,88,4146.8,47.122727272727275,35.55681818181818,2435.37,27.67465909090909,0.5890909090909091,1,Frequent High-Value Users
CUST_01430,65,3014.2,46.372307692307686,35.98461538461538,1788.48,27.515076923076922,0.5924615384615385,1,Frequent High-Value Users
CUST_01431,80,3609.6,45.12,35.05,2105.36,26.317,0.58125,1,Frequent High-Value Users
CUST_01432,61,2766.0,45.34426229508197,36.50819672131148,1619.73,26.55295081967213,0.5839344262295082,1,Frequent High-Value Users
CUST_01433,62,2727.0,43.983870967741936,36.274193548387096,1587.67,25.607580645161292,0.577258064516129,1,Frequent High-Value Users
CUST_01434,63,3092.5,49.08730158730159,33.857142857142854,1791.17,28.43126984126984,0.5793650793650794,1,Frequent High-Value Users
CUST_01435,73,3164.1,43.343835616438355,36.794520547945204,1875.62,25.693424657534244,0.5923287671232877,1,Frequent High-Value Users
CUST_01436,67,3062.5,45.708955223880594,35.38805970149254,1854.02,27.67194029850746,0.6031343283582089,1,Frequent High-Value Users
CUST_01437,63,2937.1,46.62063492063492,34.23809523809524,1748.3,27.75079365079365,0.5922222222222222,1,Frequent High-Value Users
CUST_01438,79,3471.8,43.946835443037976,36.278481012658226,2049.63,25.9446835443038,0.589873417721519,1,Frequent High-Value Users
CUST_01439,73,3328.0,45.58904109589041,36.71232876712329,1949.55,26.706164383561642,0.5839726027397261,1,Frequent High-Value Users
CUST_01440,72,3382.7,46.981944444444444,36.27777777777778,2033.2,28.23888888888889,0.602638888888889,1,Frequent High-Value Users
CUST_01441,74,3504.5,47.358108108108105,34.486486486486484,2079.79,28.10527027027027,0.5922972972972973,1,Frequent High-Value Users
CUST_01442,79,3693.3,46.75063291139241,35.81012658227848,2253.44,28.52455696202532,0.6081012658227848,1,Frequent High-Value Users
CUST_01443,56,2681.3,47.88035714285714,36.42857142857143,1575.06,28.12607142857143,0.5919642857142857,1,Frequent High-Value Users
CUST_01444,60,2875.9,47.931666666666665,34.583333333333336,1687.73,28.128833333333333,0.591,1,Frequent High-Value Users
CUST_01445,71,3096.1,43.60704225352112,38.76056338028169,1820.53,25.641267605633804,0.5915492957746479,1,Frequent High-Value Users
CUST_01446,58,2857.7,49.27068965517241,34.172413793103445,1685.82,29.065862068965515,0.5906896551724138,1,Frequent High-Value Users
CUST_01447,80,3955.2,49.44,33.225,2329.51,29.118875000000003,0.5872499999999999,1,Frequent High-Value Users
CUST_01448,62,2745.3,44.27903225806452,35.435483870967744,1638.8700000000001,26.433387096774194,0.599516129032258,1,Frequent High-Value Users
CUST_01449,69,3189.1,46.21884057971015,36.405797101449274,1888.35,27.367391304347827,0.5921739130434782,1,Frequent High-Value Users
CUST_01450,83,3679.5,44.33132530120482,37.096385542168676,2143.37,25.823734939759035,0.583855421686747,1,Frequent High-Value Users
CUST_01451,70,3034.1,43.34428571428571,36.285714285714285,1819.92,25.998857142857144,0.6005714285714285,1,Frequent High-Value Users
CUST_01452,67,3328.3,49.67611940298508,33.0,1978.74,29.533432835820896,0.5950746268656716,1,Frequent High-Value Users
CUST_01453,75,3385.6,45.141333333333336,36.36,2012.24,26.829866666666668,0.5943999999999999,1,Frequent High-Value Users
CUST_01454,62,2919.5,47.08870967741935,33.29032258064516,1730.57,27.912419354838708,0.5954838709677419,1,Frequent High-Value Users
CUST_01455,70,3128.7,44.69571428571428,37.58571428571429,1892.23,27.03185714285714,0.6074285714285714,1,Frequent High-Value Users
CUST_01456,71,3315.8,46.70140845070423,35.971830985915496,1988.42,28.005915492957747,0.5983098591549295,1,Frequent High-Value Users
CUST_01457,77,3930.3,51.042857142857144,32.4025974025974,2364.71,30.71051948051948,0.6048051948051948,1,Frequent High-Value Users
CUST_01458,84,4091.6,48.70952380952381,32.083333333333336,2343.85,27.90297619047619,0.5755952380952382,1,Frequent High-Value Users
CUST_01459,65,2915.1,44.847692307692306,34.95384615384615,1683.65,25.902307692307694,0.5758461538461539,1,Frequent High-Value Users
CUST_01460,84,4177.9,49.73690476190476,32.333333333333336,2440.63,29.055119047619048,0.5851190476190476,1,Frequent High-Value Users
CUST_01461,76,3399.3,44.727631578947374,37.828947368421055,1971.24,25.937368421052632,0.5826315789473684,1,Frequent High-Value Users
CUST_01462,69,3072.5,44.528985507246375,36.289855072463766,1841.34,26.686086956521738,0.5978260869565217,1,Frequent High-Value Users
CUST_01463,87,4093.1,47.04712643678161,36.172413793103445,2423.52,27.85655172413793,0.5957471264367816,1,Frequent High-Value Users
CUST_01464,60,2667.7,44.461666666666666,37.36666666666667,1607.37,26.789499999999997,0.6,1,Frequent High-Value Users
CUST_01465,74,3450.7,46.63108108108108,36.41891891891892,2028.8799999999999,27.417297297297296,0.5921621621621622,1,Frequent High-Value Users
CUST_01466,71,3433.3,48.35633802816902,33.40845070422535,2058.94,28.999154929577465,0.600281690140845,1,Frequent High-Value Users
CUST_01467,62,2867.1,46.24354838709677,36.41935483870968,1697.69,27.38209677419355,0.5935483870967742,1,Frequent High-Value Users
CUST_01468,74,3154.1,42.622972972972974,40.37837837837838,1888.73,25.52337837837838,0.5978378378378378,1,Frequent High-Value Users
CUST_01469,73,3326.5,45.56849315068493,36.821917808219176,2025.32,27.744109589041095,0.6093150684931506,1,Frequent High-Value Users
CUST_01470,85,3957.7,46.56117647058824,35.8235294117647,2350.28,27.65035294117647,0.5924705882352941,1,Frequent High-Value Users
CUST_01471,62,2896.9,46.7241935483871,34.854838709677416,1662.54,26.815161290322582,0.5696774193548387,1,Frequent High-Value Users
CUST_01472,62,2850.5,45.975806451612904,35.693548387096776,1682.54,27.13774193548387,0.5870967741935483,1,Frequent High-Value Users
CUST_01473,68,3204.0,47.11764705882353,33.88235294117647,1826.81,26.86485294117647,0.5714705882352941,1,Frequent High-Value Users
CUST_01474,68,3217.7,47.31911764705882,35.35294117647059,1928.65,28.3625,0.5960294117647059,1,Frequent High-Value Users
CUST_01475,65,3135.8,48.24307692307693,35.4,1880.1000000000001,28.924615384615386,0.6015384615384616,1,Frequent High-Value Users
CUST_01476,75,3410.8,45.477333333333334,34.88,2002.08,26.694399999999998,0.5858666666666666,1,Frequent High-Value Users
CUST_01477,74,3714.2,50.19189189189189,33.74324324324324,2199.82,29.727297297297298,0.5897297297297297,1,Frequent High-Value Users
CUST_01478,68,3335.8,49.05588235294118,35.5,1957.05,28.78014705882353,0.5916176470588236,1,Frequent High-Value Users
CUST_01479,81,3523.1,43.49506172839506,36.04938271604938,2145.73,26.490493827160495,0.6074074074074074,1,Frequent High-Value Users
CUST_01480,84,4088.3,48.6702380952381,34.61904761904762,2429.03,28.917023809523812,0.5988095238095238,1,Frequent High-Value Users
CUST_01481,74,3587.9,48.48513513513514,33.608108108108105,2113.66,28.56297297297297,0.5925675675675676,1,Frequent High-Value Users
CUST_01482,72,3430.6,47.64722222222222,35.0,2022.45,28.089583333333334,0.5895833333333333,1,Frequent High-Value Users
CUST_01483,60,2843.1,47.385,34.95,1706.3899999999999,28.439833333333333,0.5998333333333333,1,Frequent High-Value Users
CUST_01484,69,3196.8,46.3304347826087,34.44927536231884,1928.84,27.954202898550722,0.6014492753623188,1,Frequent High-Value Users
CUST_01485,69,3703.1,53.66811594202898,30.347826086956523,2147.06,31.116811594202897,0.578695652173913,1,Frequent High-Value Users
CUST_01486,75,3641.5,48.553333333333335,35.053333333333335,2189.73,29.1964,0.5965333333333334,1,Frequent High-Value Users
CUST_01487,75,3441.4,45.885333333333335,34.0,2051.62,27.35493333333333,0.5952000000000001,1,Frequent High-Value Users
CUST_01488,65,2832.7,43.58,34.83076923076923,1689.7,25.995384615384616,0.5932307692307692,1,Frequent High-Value Users
CUST_01489,65,2884.1,44.37076923076923,36.323076923076925,1726.94,26.568307692307695,0.5963076923076923,1,Frequent High-Value Users
CUST_01490,88,4088.4,46.45909090909091,36.14772727272727,2441.14,27.74022727272727,0.5973863636363637,1,Frequent High-Value Users
CUST_01491,78,3422.6,43.87948717948718,37.12820512820513,2046.27,26.23423076923077,0.5993589743589743,1,Frequent High-Value Users
CUST_01492,76,3495.1,45.988157894736844,34.828947368421055,2140.81,28.168552631578947,0.6069736842105263,1,Frequent High-Value Users
CUST_01493,75,3539.8,47.19733333333333,33.053333333333335,2088.58,27.847733333333334,0.5902666666666667,1,Frequent High-Value Users
CUST_01494,73,3204.1,43.891780821917806,36.32876712328767,1873.3,25.661643835616438,0.5869863013698631,1,Frequent High-Value Users
CUST_01495,86,4266.5,49.61046511627907,32.7906976744186,2546.75,29.613372093023255,0.5974418604651163,1,Frequent High-Value Users
CUST_01496,77,3309.1,42.97532467532467,38.22077922077922,1917.48,24.90233766233766,0.5792207792207792,1,Frequent High-Value Users
CUST_01497,78,3684.2,47.233333333333334,34.87179487179487,2178.65,27.931410256410256,0.5920512820512821,1,Frequent High-Value Users
CUST_01498,70,3579.6,51.137142857142855,32.4,2103.96,30.05657142857143,0.588,1,Frequent High-Value Users
CUST_01499,73,3273.7,44.845205479452055,35.986301369863014,1962.85,26.88835616438356,0.5953424657534246,1,Frequent High-Value Users
CUST_01500,66,3115.2,47.199999999999996,36.60606060606061,1833.8,27.784848484848485,0.5915151515151515,1,Frequent High-Value Users
CUST_01501,70,3277.1,46.815714285714286,35.44285714285714,1990.64,28.437714285714286,0.6102857142857143,1,Frequent High-Value Users
CUST_01502,66,3197.8,48.45151515151515,32.71212121212121,1937.6,29.357575757575756,0.6096969696969697,1,Frequent High-Value Users
CUST_01503,72,3393.4,47.13055555555556,36.013888888888886,2070.39,28.755416666666665,0.6111111111111112,1,Frequent High-Value Users
CUST_01504,74,3424.7,46.27972972972973,37.891891891891895,2030.76,27.442702702702704,0.5940540540540541,1,Frequent High-Value Users
CUST_01505,64,2865.5,44.7734375,34.265625,1743.07,27.23546875,0.6065625,1,Frequent High-Value Users
CUST_01506,67,3398.1,50.71791044776119,33.28358208955224,1969.42,29.394328358208956,0.5871641791044776,1,Frequent High-Value Users
CUST_01507,66,3120.2,47.275757575757574,34.24242424242424,1882.64,28.524848484848487,0.6019696969696969,1,Frequent High-Value Users
CUST_01508,80,3892.1,48.65125,34.525,2291.07,28.638375000000003,0.59075,1,Frequent High-Value Users
CUST_01509,76,3257.8,42.86578947368421,38.96052631578947,1947.3,25.62236842105263,0.5977631578947369,1,Frequent High-Value Users
CUST_01510,78,3654.5,46.8525641025641,34.6025641025641,2174.04,27.872307692307693,0.5984615384615385,1,Frequent High-Value Users
CUST_01511,71,3312.6,46.65633802816901,33.929577464788736,1951.93,27.491971830985918,0.592112676056338,1,Frequent High-Value Users
CUST_01512,85,4017.3,47.262352941176474,33.92941176470588,2348.34,27.62752941176471,0.5884705882352942,1,Frequent High-Value Users
CUST_01513,68,3135.8,46.11470588235294,35.35294117647059,1863.01,27.397205882352942,0.5963235294117647,1,Frequent High-Value Users
CUST_01514,65,3255.7,50.08769230769231,32.30769230769231,1959.16,30.140923076923077,0.5993846153846154,1,Frequent High-Value Users
CUST_01515,80,3788.9,47.36125,34.8,2294.45,28.680625,0.6052500000000001,1,Frequent High-Value Users
CUST_01516,65,2896.4,44.56,37.261538461538464,1735.74,26.703692307692307,0.6007692307692307,1,Frequent High-Value Users
CUST_01517,63,3159.5,50.15079365079365,33.55555555555556,1894.79,30.076031746031745,0.5985714285714285,1,Frequent High-Value Users
CUST_01518,72,3191.9,44.331944444444446,36.56944444444444,1867.23,25.93375,0.5811111111111111,1,Frequent High-Value Users
CUST_01519,67,3013.6,44.97910447761194,36.25373134328358,1749.39,26.110298507462687,0.5829850746268657,1,Frequent High-Value Users
CUST_01520,72,3168.2,44.00277777777777,36.583333333333336,1926.57,26.757916666666667,0.6075,1,Frequent High-Value Users
CUST_01521,68,3614.7,53.15735294117647,29.514705882352942,2159.98,31.764411764705883,0.5975,1,Frequent High-Value Users
CUST_01522,84,3820.4,45.48095238095238,37.01190476190476,2218.11,26.40607142857143,0.5852380952380953,1,Frequent High-Value Users
CUST_01523,69,3235.1,46.88550724637681,34.69565217391305,1926.14,27.915072463768116,0.6007246376811595,1,Frequent High-Value Users
CUST_01524,68,3158.8,46.45294117647059,35.705882352941174,1847.14,27.163823529411765,0.585,1,Frequent High-Value Users
CUST_01525,65,3187.2,49.03384615384615,33.44615384615385,1877.78,28.888923076923078,0.5895384615384616,1,Frequent High-Value Users
CUST_01526,85,3989.2,46.93176470588235,34.76470588235294,2355.01,27.706000000000003,0.5901176470588235,1,Frequent High-Value Users
CUST_01527,59,2760.2,46.78305084745762,33.644067796610166,1620.75,27.470338983050848,0.5869491525423729,1,Frequent High-Value Users
CUST_01528,79,3848.1,48.71012658227848,33.12658227848101,2291.93,29.011772151898732,0.5963291139240506,1,Frequent High-Value Users
CUST_01529,58,2860.6,49.320689655172416,33.05172413793103,1669.11,28.777758620689653,0.5818965517241379,1,Frequent High-Value Users
CUST_01530,72,3186.6,44.25833333333333,37.40277777777778,1850.72,25.704444444444444,0.5811111111111111,1,Frequent High-Value Users
CUST_01531,75,3753.4,50.04533333333333,33.81333333333333,2261.83,30.157733333333333,0.6036,1,Frequent High-Value Users
CUST_01532,72,3114.5,43.25694444444444,38.486111111111114,1845.85,25.636805555555554,0.5898611111111111,1,Frequent High-Value Users
CUST_01533,96,4488.6,46.75625,34.71875,2637.08,27.469583333333333,0.5878125,1,Frequent High-Value Users
CUST_01534,78,3661.2,46.93846153846154,34.1025641025641,2200.11,28.206538461538464,0.6014102564102564,1,Frequent High-Value Users
CUST_01535,84,3667.8,43.66428571428572,36.916666666666664,2218.77,26.41392857142857,0.6005952380952382,1,Frequent High-Value Users
CUST_01536,76,3477.6,45.757894736842104,35.81578947368421,2074.23,27.2925,0.5968421052631578,1,Frequent High-Value Users
CUST_01537,66,3071.5,46.53787878787879,35.25757575757576,1816.98,27.53,0.5895454545454546,1,Frequent High-Value Users
CUST_01538,85,4152.4,48.851764705882346,35.694117647058825,2476.51,29.135411764705886,0.6030588235294118,1,Frequent High-Value Users
CUST_01539,69,3165.5,45.8768115942029,35.52173913043478,1876.58,27.1968115942029,0.5917391304347825,1,Frequent High-Value Users
CUST_01540,77,3584.8,46.555844155844156,35.23376623376623,2070.02,26.883376623376623,0.5766233766233766,1,Frequent High-Value Users
CUST_01541,61,2984.2,48.92131147540983,33.42622950819672,1718.09,28.16540983606557,0.5795081967213115,1,Frequent High-Value Users
CUST_01542,80,3639.7999999999997,45.497499999999995,36.7125,2139.98,26.74975,0.58875,1,Frequent High-Value Users
CUST_01543,72,3457.8,48.025000000000006,33.388888888888886,2054.01,28.52791666666667,0.5941666666666667,1,Frequent High-Value Users
CUST_01544,62,2957.9,47.708064516129035,36.11290322580645,1713.49,27.636935483870968,0.5819354838709677,1,Frequent High-Value Users
CUST_01545,66,3086.4,46.763636363636365,35.45454545454545,1805.66,27.35848484848485,0.5883333333333333,1,Frequent High-Value Users
CUST_01546,81,3615.7,44.63827160493827,36.370370370370374,2164.72,26.724938271604938,0.6019753086419752,1,Frequent High-Value Users
CUST_01547,78,3659.5,46.916666666666664,34.01282051282051,2157.51,27.66038461538462,0.5876923076923076,1,Frequent High-Value Users
CUST_01548,66,2961.5,44.871212121212125,36.45454545454545,1737.85,26.331060606060603,0.586969696969697,1,Frequent High-Value Users
CUST_01549,74,3497.2,47.25945945945946,33.108108108108105,2057.84,27.80864864864865,0.5889189189189189,1,Frequent High-Value Users
CUST_01550,67,3215.9,47.99850746268657,33.55223880597015,1941.66,28.98,0.6068656716417911,1,Frequent High-Value Users
CUST_01551,77,3526.0,45.79220779220779,37.35064935064935,2013.1,26.144155844155843,0.5732467532467532,1,Frequent High-Value Users
CUST_01552,80,3705.3,46.316250000000004,36.4375,2185.86,27.32325,0.591625,1,Frequent High-Value Users
CUST_01553,71,3363.9,47.37887323943662,33.50704225352113,2023.8799999999999,28.505352112676054,0.5984507042253522,1,Frequent High-Value Users
CUST_01554,70,3623.2,51.76,31.485714285714284,2130.49,30.435571428571425,0.5870000000000001,1,Frequent High-Value Users
CUST_01555,75,3586.7,47.82266666666666,33.93333333333333,2145.74,28.609866666666665,0.5982666666666666,1,Frequent High-Value Users
CUST_01556,68,2963.8,43.58529411764706,37.61764705882353,1780.97,26.190735294117648,0.6032352941176471,1,Frequent High-Value Users
CUST_01557,61,2768.2,45.380327868852454,33.52459016393443,1631.56,26.746885245901638,0.5888524590163935,1,Frequent High-Value Users
CUST_01558,66,3155.0,47.803030303030305,34.25757575757576,1839.56,27.87212121212121,0.5804545454545454,1,Frequent High-Value Users
CUST_01559,72,3394.9,47.15138888888889,35.80555555555556,1989.31,27.629305555555554,0.5856944444444445,1,Frequent High-Value Users
CUST_01560,65,3012.4,46.34461538461539,35.4,1822.6299999999999,28.040461538461535,0.6044615384615385,1,Frequent High-Value Users
CUST_01561,78,3362.3,43.10641025641026,38.05128205128205,1983.68,25.43179487179487,0.5889743589743589,1,Frequent High-Value Users
CUST_01562,71,3191.9,44.956338028169014,36.67605633802817,1911.2,26.91830985915493,0.5947887323943661,1,Frequent High-Value Users
CUST_01563,86,3669.0,42.66279069767442,37.55813953488372,2163.15,25.152906976744188,0.5911627906976744,1,Frequent High-Value Users
CUST_01564,63,2792.8,44.330158730158736,36.666666666666664,1677.05,26.61984126984127,0.6063492063492064,1,Frequent High-Value Users
CUST_01565,63,2956.6,46.93015873015873,35.36507936507937,1741.47,27.642380952380954,0.5895238095238096,1,Frequent High-Value Users
CUST_01566,61,2739.5,44.90983606557377,36.52459016393443,1624.27,26.62737704918033,0.5932786885245901,1,Frequent High-Value Users
CUST_01567,64,3184.2,49.753125,33.71875,1894.23,29.59734375,0.59375,1,Frequent High-Value Users
CUST_01568,76,3754.8,49.40526315789474,33.0,2269.4900000000002,29.861710526315793,0.6028947368421053,1,Frequent High-Value Users
CUST_01569,82,3777.1,46.06219512195122,35.63414634146341,2246.98,27.40219512195122,0.5908536585365854,1,Frequent High-Value Users
CUST_01570,57,2929.0,51.3859649122807,31.789473684210527,1695.88,29.752280701754387,0.5817543859649122,1,Frequent High-Value Users
CUST_01571,72,3510.2,48.75277777777777,35.22222222222222,2080.27,28.89263888888889,0.5969444444444444,1,Frequent High-Value Users
CUST_01572,65,3127.9,48.121538461538464,32.89230769230769,1873.76,28.827076923076923,0.6021538461538462,1,Frequent High-Value Users
CUST_01573,72,3459.8,48.05277777777778,34.72222222222222,1994.03,27.69486111111111,0.5752777777777778,1,Frequent High-Value Users
CUST_01574,80,3775.5,47.19375,35.1625,2229.17,27.864625,0.59075,1,Frequent High-Value Users
CUST_01575,66,2966.1,44.94090909090909,37.09090909090909,1771.99,26.848333333333333,0.5959090909090908,1,Frequent High-Value Users
CUST_01576,69,3130.0,45.36231884057971,35.78260869565217,1809.64,26.226666666666667,0.5846376811594204,1,Frequent High-Value Users
CUST_01577,70,3236.2,46.231428571428566,37.885714285714286,1942.25,27.74642857142857,0.5997142857142856,1,Frequent High-Value Users
CUST_01578,67,2892.6,43.17313432835821,37.16417910447761,1728.79,25.80283582089552,0.5965671641791045,1,Frequent High-Value Users
CUST_01579,61,2937.4,48.15409836065574,32.83606557377049,1738.46,28.499344262295082,0.5922950819672131,1,Frequent High-Value Users
CUST_01580,65,3200.7,49.24153846153846,32.49230769230769,1912.83,29.428153846153844,0.6033846153846154,1,Frequent High-Value Users
CUST_01581,76,3721.5,48.9671052631579,34.276315789473685,2227.63,29.31092105263158,0.6017105263157895,1,Frequent High-Value Users
CUST_01582,71,3496.0,49.23943661971831,32.63380281690141,2067.91,29.125492957746477,0.5883098591549296,1,Frequent High-Value Users
CUST_01583,69,3201.8,46.40289855072464,36.44927536231884,1916.49,27.77521739130435,0.5984057971014493,1,Frequent High-Value Users
CUST_01584,74,3425.7,46.29324324324324,36.13513513513514,2070.69,27.982297297297297,0.6001351351351352,1,Frequent High-Value Users
CUST_01585,74,3407.7,46.05,35.432432432432435,2029.14,27.420810810810814,0.5940540540540541,1,Frequent High-Value Users
CUST_01586,80,3905.6,48.82,34.2375,2346.59,29.332375000000003,0.59775,1,Frequent High-Value Users
CUST_01587,65,3024.4,46.52923076923077,34.12307692307692,1779.89,27.382923076923078,0.589076923076923,1,Frequent High-Value Users
CUST_01588,83,3691.6,44.47710843373494,37.44578313253012,2198.87,26.492409638554214,0.5919277108433735,1,Frequent High-Value Users
CUST_01589,63,2710.2,43.01904761904762,38.74603174603175,1656.47,26.293174603174602,0.6090476190476191,1,Frequent High-Value Users
CUST_01590,67,3207.1,47.86716417910448,33.492537313432834,1935.21,28.883731343283582,0.6038805970149254,1,Frequent High-Value Users
CUST_01591,70,3097.2,44.245714285714286,34.5,1878.63,26.83757142857143,0.6044285714285714,1,Frequent High-Value Users
CUST_01592,56,2661.0,47.517857142857146,34.357142857142854,1545.7,27.601785714285715,0.5805357142857143,1,Frequent High-Value Users
CUST_01593,70,3246.7,46.38142857142857,36.871428571428574,1928.41,27.548714285714286,0.5965714285714285,1,Frequent High-Value Users
CUST_01594,66,3078.3,46.64090909090909,35.166666666666664,1850.83,28.042878787878788,0.6007575757575757,1,Frequent High-Value Users
CUST_01595,70,3285.8,46.940000000000005,34.47142857142857,1967.22,28.103142857142856,0.597,1,Frequent High-Value Users
CUST_01596,73,3443.9,47.176712328767124,34.6986301369863,2054.4,28.14246575342466,0.5946575342465753,1,Frequent High-Value Users
CUST_01597,74,3547.5,47.939189189189186,34.810810810810814,2068.31,27.950135135135135,0.5847297297297298,1,Frequent High-Value Users
CUST_01598,71,3359.0,47.309859154929576,34.95774647887324,1980.98,27.90112676056338,0.5892957746478874,1,Frequent High-Value Users
CUST_01599,80,3731.0,46.6375,36.6875,2183.55,27.294375000000002,0.5898749999999999,1,Frequent High-Value Users
CUST_01600,66,3350.8,50.76969696969697,30.53030303030303,1950.76,29.5569696969697,0.5846969696969696,1,Frequent High-Value Users
CUST_01601,79,3968.5,50.234177215189874,33.924050632911396,2397.88,30.352911392405066,0.6034177215189873,1,Frequent High-Value Users
CUST_01602,60,2798.5,46.641666666666666,34.25,1684.92,28.082,0.5988333333333333,1,Frequent High-Value Users
CUST_01603,70,3200.4,45.72,35.82857142857143,1906.57,27.236714285714285,0.5995714285714285,1,Frequent High-Value Users
CUST_01604,87,4058.3,46.64712643678161,35.50574712643678,2381.44,27.37287356321839,0.586551724137931,1,Frequent High-Value Users
CUST_01605,63,3018.9,47.91904761904762,36.698412698412696,1793.9,28.474603174603175,0.599047619047619,1,Frequent High-Value Users
CUST_01606,77,3342.5,43.40909090909091,37.753246753246756,1952.35,25.355194805194802,0.5803896103896103,1,Frequent High-Value Users
CUST_01607,62,2954.7,47.656451612903226,33.983870967741936,1755.94,28.32161290322581,0.5919354838709678,1,Frequent High-Value Users
CUST_01608,86,3989.0,46.383720930232556,37.01162790697674,2434.27,28.30546511627907,0.6084883720930232,1,Frequent High-Value Users
CUST_01609,73,3318.6,45.460273972602735,37.38356164383562,1940.96,26.588493150684933,0.583013698630137,1,Frequent High-Value Users
CUST_01610,82,3915.5,47.75,34.890243902439025,2380.63,29.03207317073171,0.6082926829268293,1,Frequent High-Value Users
CUST_01611,67,3103.9,46.32686567164179,35.985074626865675,1827.69,27.278955223880597,0.5904477611940299,1,Frequent High-Value Users
CUST_01612,87,4016.7,46.168965517241375,37.206896551724135,2385.38,27.41816091954023,0.5947126436781609,1,Frequent High-Value Users
CUST_01613,74,3577.2,48.34054054054054,34.86486486486486,2105.34,28.450540540540544,0.5944594594594594,1,Frequent High-Value Users
CUST_01614,85,3951.1,46.48352941176471,36.8235294117647,2366.95,27.84647058823529,0.596,1,Frequent High-Value Users
CUST_01615,76,3744.7,49.272368421052626,34.14473684210526,2183.11,28.72513157894737,0.5810526315789474,1,Frequent High-Value Users
CUST_01616,75,3652.1,48.69466666666666,33.93333333333333,2094.37,27.924933333333332,0.5773333333333333,1,Frequent High-Value Users
CUST_01617,72,3127.1,43.43194444444444,37.763888888888886,1877.1,26.070833333333333,0.6011111111111112,1,Frequent High-Value Users
CUST_01618,58,2541.8,43.824137931034485,36.10344827586207,1503.38,25.92034482758621,0.5951724137931035,1,Frequent High-Value Users
CUST_01619,81,3642.8,44.97283950617284,36.51851851851852,2188.42,27.017530864197532,0.5971604938271604,1,Frequent High-Value Users
CUST_01620,75,3705.7,49.40933333333333,33.96,2197.61,29.30146666666667,0.5972,1,Frequent High-Value Users
CUST_01621,76,3415.1,44.935526315789474,36.723684210526315,1961.82,25.81342105263158,0.5739473684210527,1,Frequent High-Value Users
CUST_01622,81,3672.5,45.339506172839506,36.08641975308642,2225.15,27.47098765432099,0.6058024691358025,1,Frequent High-Value Users
CUST_01623,73,3323.6,45.52876712328767,35.28767123287671,1993.46,27.307671232876714,0.6031506849315069,1,Frequent High-Value Users
CUST_01624,64,3127.9,48.8734375,33.984375,1856.28,29.004375,0.58984375,1,Frequent High-Value Users
CUST_01625,58,2939.5,50.68103448275862,31.724137931034484,1709.33,29.471206896551724,0.5837931034482758,1,Frequent High-Value Users
CUST_01626,65,2997.1,46.10923076923077,35.753846153846155,1788.38,27.513538461538463,0.5915384615384616,1,Frequent High-Value Users
CUST_01627,79,3691.5,46.72784810126582,34.41772151898734,2200.32,27.852151898734178,0.5924050632911392,1,Frequent High-Value Users
CUST_01628,66,3031.4,45.93030303030303,35.621212121212125,1814.89,27.498333333333335,0.6,1,Frequent High-Value Users
CUST_01629,60,2886.2,48.10333333333333,34.983333333333334,1707.3500000000001,28.455833333333334,0.5923333333333333,1,Frequent High-Value Users
CUST_01630,82,3819.3,46.576829268292684,35.4390243902439,2246.66,27.398292682926826,0.585609756097561,1,Frequent High-Value Users
CUST_01631,74,3310.4,44.73513513513514,35.17567567567568,1955.76,26.429189189189188,0.592972972972973,1,Frequent High-Value Users
CUST_01632,63,2802.0,44.476190476190474,38.01587301587302,1688.27,26.79793650793651,0.5966666666666667,1,Frequent High-Value Users
CUST_01633,75,3752.1,50.028,33.46666666666667,2206.38,29.418400000000002,0.5943999999999999,1,Frequent High-Value Users
CUST_01634,63,2785.0,44.20634920634921,36.84126984126984,1649.81,26.187460317460317,0.5936507936507937,1,Frequent High-Value Users
CUST_01635,71,3269.4,46.04788732394366,36.36619718309859,1938.8,27.307042253521125,0.592112676056338,1,Frequent High-Value Users
CUST_01636,78,3473.9,44.537179487179486,38.15384615384615,2091.9,26.81923076923077,0.6044871794871794,1,Frequent High-Value Users
CUST_01637,78,3543.8,45.43333333333334,36.243589743589745,2110.33,27.05551282051282,0.594102564102564,1,Frequent High-Value Users
CUST_01638,60,2825.4,47.09,35.21666666666667,1668.4,27.80666666666667,0.5913333333333333,1,Frequent High-Value Users
CUST_01639,70,3352.4,47.89142857142857,33.9,1981.78,28.31114285714286,0.5908571428571429,1,Frequent High-Value Users
CUST_01640,71,3430.2,48.31267605633803,33.11267605633803,2056.96,28.971267605633802,0.5988732394366197,1,Frequent High-Value Users
CUST_01641,101,4919.4,48.7069306930693,33.91089108910891,2909.83,28.81019801980198,0.5886138613861387,1,Frequent High-Value Users
CUST_01642,74,3583.9,48.43108108108108,32.054054054054056,2127.46,28.74945945945946,0.5941891891891892,1,Frequent High-Value Users
CUST_01643,73,3384.6,46.364383561643834,36.26027397260274,1985.1,27.193150684931506,0.5904109589041097,1,Frequent High-Value Users
CUST_01644,71,3165.2,44.58028169014084,35.63380281690141,1865.16,26.269859154929577,0.5933802816901409,1,Frequent High-Value Users
CUST_01645,85,3896.1,45.836470588235294,36.576470588235296,2341.9,27.551764705882356,0.5947058823529412,1,Frequent High-Value Users
CUST_01646,65,2965.2,45.61846153846154,36.76923076923077,1773.22,27.280307692307694,0.5972307692307692,1,Frequent High-Value Users
CUST_01647,69,3209.2,46.51014492753623,35.04347826086956,1869.16,27.08927536231884,0.587536231884058,1,Frequent High-Value Users
CUST_01648,75,3652.5,48.7,34.42666666666667,2186.73,29.1564,0.6009333333333333,1,Frequent High-Value Users
CUST_01649,70,3096.7,44.238571428571426,36.91428571428571,1830.95,26.156428571428574,0.59,1,Frequent High-Value Users
CUST_01650,79,3624.0,45.87341772151899,34.151898734177216,2148.49,27.196075949367085,0.5958227848101266,1,Frequent High-Value Users
CUST_01651,61,2780.3,45.57868852459017,34.98360655737705,1670.09,27.378524590163934,0.6054098360655737,1,Frequent High-Value Users
CUST_01652,70,3148.1,44.972857142857144,37.07142857142857,1877.95,26.827857142857145,0.5978571428571429,1,Frequent High-Value Users
CUST_01653,73,3502.9,47.984931506849314,33.821917808219176,2062.31,28.250821917808217,0.589041095890411,1,Frequent High-Value Users
CUST_01654,81,3875.0,47.839506172839506,34.41975308641975,2348.86,28.998271604938274,0.6096296296296296,1,Frequent High-Value Users
CUST_01655,66,2853.8,43.23939393939394,36.121212121212125,1691.23,25.62469696969697,0.593939393939394,1,Frequent High-Value Users
CUST_01656,77,3718.6,48.29350649350649,34.12987012987013,2183.54,28.357662337662337,0.584935064935065,1,Frequent High-Value Users
CUST_01657,71,3480.2,49.0169014084507,32.0,2055.1,28.94507042253521,0.5946478873239437,1,Frequent High-Value Users
CUST_01658,72,3391.2,47.099999999999994,34.513888888888886,2038.26,28.309166666666666,0.6013888888888889,1,Frequent High-Value Users
CUST_01659,76,3718.4,48.92631578947368,33.98684210526316,2190.39,28.820921052631576,0.5890789473684211,1,Frequent High-Value Users
CUST_01660,78,3784.0,48.51282051282051,34.12820512820513,2211.48,28.352307692307694,0.5873076923076923,1,Frequent High-Value Users
CUST_01661,72,3575.5,49.65972222222222,33.40277777777778,2100.01,29.16680555555556,0.58875,1,Frequent High-Value Users
CUST_01662,73,3456.6,47.35068493150685,35.205479452054796,2053.6,28.131506849315066,0.5968493150684931,1,Frequent High-Value Users
CUST_01663,77,3650.3,47.40649350649351,33.62337662337662,2184.09,28.364805194805196,0.5997402597402597,1,Frequent High-Value Users
CUST_01664,76,3505.9,46.13026315789474,35.3421052631579,2083.77,27.418026315789472,0.595,1,Frequent High-Value Users
CUST_01665,87,4035.8,46.38850574712644,36.04597701149425,2417.5099999999998,27.787471264367813,0.5971264367816093,1,Frequent High-Value Users
CUST_01666,73,3289.3,45.058904109589044,36.56164383561644,1964.17,26.906438356164383,0.5957534246575342,1,Frequent High-Value Users
CUST_01667,64,2965.7,46.3390625,34.96875,1761.76,27.5275,0.5951562499999999,1,Frequent High-Value Users
CUST_01668,88,4023.5,45.72159090909091,34.09090909090909,2365.18,26.877045454545453,0.5882954545454546,1,Frequent High-Value Users
CUST_01669,75,3252.7,43.36933333333333,36.76,1952.32,26.030933333333333,0.6005333333333334,1,Frequent High-Value Users
CUST_01670,82,3666.6,44.71463414634146,34.4390243902439,2152.88,26.254634146341466,0.588780487804878,1,Frequent High-Value Users
CUST_01671,75,3471.4,46.285333333333334,34.81333333333333,2077.51,27.700133333333337,0.5993333333333334,1,Frequent High-Value Users
CUST_01672,59,2842.8,48.18305084745763,34.71186440677966,1710.79,28.996440677966103,0.5986440677966102,1,Frequent High-Value Users
CUST_01673,59,2875.1,48.73050847457627,34.3728813559322,1669.39,28.294745762711866,0.5811864406779661,1,Frequent High-Value Users
CUST_01674,69,3092.1,44.813043478260866,37.072463768115945,1808.09,26.204202898550722,0.5884057971014492,1,Frequent High-Value Users
CUST_01675,56,2915.4,52.06071428571429,30.857142857142858,1714.36,30.613571428571426,0.5885714285714286,1,Frequent High-Value Users
CUST_01676,74,3353.3,45.314864864864866,35.45945945945946,1985.73,26.83418918918919,0.5909459459459458,1,Frequent High-Value Users
CUST_01677,88,3990.0,45.34090909090909,36.11363636363637,2379.34,27.037954545454546,0.5931818181818183,1,Frequent High-Value Users
CUST_01678,84,4042.6,48.12619047619047,34.88095238095238,2409.68,28.686666666666664,0.5946428571428571,1,Frequent High-Value Users
CUST_01679,70,3154.6,45.065714285714286,35.357142857142854,1846.82,26.383142857142857,0.580857142857143,1,Frequent High-Value Users
CUST_01680,80,3692.3,46.15375,34.7,2186.6,27.3325,0.5925,1,Frequent High-Value Users
CUST_01681,67,3228.3,48.18358208955224,35.791044776119406,1870.54,27.918507462686566,0.5846268656716418,1,Frequent High-Value Users
CUST_01682,65,3140.7,48.318461538461534,35.13846153846154,1884.72,28.99569230769231,0.600923076923077,1,Frequent High-Value Users
CUST_01683,58,2647.2,45.641379310344824,36.41379310344828,1586.35,27.350862068965515,0.5963793103448276,1,Frequent High-Value Users
CUST_01684,78,4030.7000000000003,51.67564102564103,32.14102564102564,2330.8,29.882051282051286,0.5835897435897436,1,Frequent High-Value Users
CUST_01685,86,4182.8,48.63720930232558,33.906976744186046,2432.03,28.279418604651166,0.5875581395348838,1,Frequent High-Value Users
CUST_01686,78,3607.1,46.24487179487179,36.06410256410256,2176.5,27.903846153846153,0.6030769230769231,1,Frequent High-Value Users
CUST_01687,82,3819.8,46.582926829268295,36.048780487804876,2261.55,27.57987804878049,0.593048780487805,1,Frequent High-Value Users
CUST_01688,64,2734.2,42.721875,37.234375,1613.57,25.21203125,0.59390625,1,Frequent High-Value Users
CUST_01689,71,3338.5,47.021126760563384,35.70422535211268,2010.04,28.310422535211266,0.5985915492957746,1,Frequent High-Value Users
CUST_01690,60,2751.9,45.865,36.266666666666666,1629.75,27.1625,0.5918333333333333,1,Frequent High-Value Users
CUST_01691,72,3580.1,49.72361111111111,33.47222222222222,2119.45,29.43680555555555,0.5927777777777777,1,Frequent High-Value Users
CUST_01692,70,3200.9,45.72714285714286,34.7,1948.44,27.834857142857143,0.603,1,Frequent High-Value Users
CUST_01693,70,3358.6,47.98,34.0,1989.53,28.421857142857142,0.5942857142857143,1,Frequent High-Value Users
CUST_01694,82,3824.5,46.640243902439025,34.53658536585366,2291.08,27.939999999999998,0.5997560975609756,1,Frequent High-Value Users
CUST_01695,84,3878.2,46.16904761904762,35.38095238095238,2266.07,26.97702380952381,0.5867857142857142,1,Frequent High-Value Users
CUST_01696,78,3775.3,48.40128205128205,32.37179487179487,2238.99,28.705,0.5921794871794871,1,Frequent High-Value Users
CUST_01697,77,3456.0,44.883116883116884,35.753246753246756,2017.34,26.199220779220777,0.5853246753246754,1,Frequent High-Value Users
CUST_01698,65,3110.6,47.855384615384615,36.41538461538462,1837.73,28.27276923076923,0.5913846153846154,1,Frequent High-Value Users
CUST_01699,63,2935.1,46.58888888888889,35.07936507936508,1721.47,27.324920634920634,0.5879365079365079,1,Frequent High-Value Users
CUST_01700,73,3483.2,47.71506849315068,34.342465753424655,2075.14,28.426575342465753,0.5947945205479452,1,Frequent High-Value Users
CUST_01701,71,3248.6,45.754929577464786,36.2112676056338,1924.82,27.110140845070422,0.5894366197183099,1,Frequent High-Value Users
CUST_01702,71,3315.7,46.699999999999996,35.16901408450704,1950.42,27.470704225352115,0.5912676056338028,1,Frequent High-Value Users
CUST_01703,78,3554.1,45.565384615384616,36.80769230769231,2142.78,27.471538461538465,0.6017948717948718,1,Frequent High-Value Users
CUST_01704,76,3761.9,49.498684210526314,33.473684210526315,2216.63,29.166184210526318,0.5905263157894737,1,Frequent High-Value Users
CUST_01705,73,3377.5,46.26712328767123,35.15068493150685,2020.16,27.673424657534248,0.5990410958904109,1,Frequent High-Value Users
CUST_01706,65,3023.4,46.51384615384615,36.07692307692308,1754.66,26.994769230769233,0.5815384615384614,1,Frequent High-Value Users
CUST_01707,80,3654.5,45.68125,35.1875,2183.36,27.292,0.595625,1,Frequent High-Value Users
CUST_01708,73,3452.9,47.300000000000004,34.57534246575342,2056.16,28.16657534246575,0.5978082191780822,1,Frequent High-Value Users
CUST_01709,81,3878.5,47.882716049382715,33.53086419753087,2305.72,28.465679012345678,0.597283950617284,1,Frequent High-Value Users
CUST_01710,75,3365.4,44.872,35.44,1981.95,26.426000000000002,0.5898666666666667,1,Frequent High-Value Users
CUST_01711,77,3527.5,45.811688311688314,35.532467532467535,2096.17,27.222987012987012,0.5894805194805195,1,Frequent High-Value Users
CUST_01712,67,3166.5,47.26119402985075,36.492537313432834,1847.4,27.57313432835821,0.5828358208955223,1,Frequent High-Value Users
CUST_01713,81,3964.1,48.93950617283951,34.80246913580247,2349.28,29.003456790123458,0.5922222222222222,1,Frequent High-Value Users
CUST_01714,83,3800.4,45.787951807228914,36.91566265060241,2272.11,27.374819277108436,0.5993975903614458,1,Frequent High-Value Users
CUST_01715,57,2840.6,49.835087719298244,34.54385964912281,1718.02,30.140701754385965,0.6064912280701754,1,Frequent High-Value Users
CUST_01716,64,2937.0,45.890625,36.28125,1738.96,27.17125,0.5965625,1,Frequent High-Value Users
CUST_01717,86,3890.0,45.23255813953488,34.0,2279.2,26.502325581395347,0.5873255813953489,1,Frequent High-Value Users
CUST_01718,66,3374.5,51.128787878787875,33.53030303030303,2008.23,30.427727272727275,0.5966666666666667,1,Frequent High-Value Users
CUST_01719,81,3872.0,47.80246913580247,34.48148148148148,2298.94,28.381975308641977,0.5903703703703703,1,Frequent High-Value Users
CUST_01720,61,2983.5,48.90983606557377,35.47540983606557,1788.3799999999999,29.317704918032785,0.5962295081967213,1,Frequent High-Value Users
CUST_01721,72,3236.6,44.952777777777776,35.541666666666664,1917.28,26.628888888888888,0.5943055555555555,1,Frequent High-Value Users
CUST_01722,73,3384.7,46.365753424657534,35.80821917808219,2019.1000000000001,27.65890410958904,0.5905479452054795,1,Frequent High-Value Users
CUST_01723,94,4601.4,48.95106382978723,32.648936170212764,2731.86,29.062340425531918,0.5928723404255318,1,Frequent High-Value Users
CUST_01724,70,3188.2,45.54571428571428,36.0,1910.01,27.285857142857143,0.5988571428571429,1,Frequent High-Value Users
CUST_01725,61,2779.7,45.56885245901639,35.08196721311475,1697.11,27.821475409836065,0.6103278688524589,1,Frequent High-Value Users
CUST_01726,72,3504.7,48.67638888888889,34.31944444444444,2055.98,28.55527777777778,0.5905555555555556,1,Frequent High-Value Users
CUST_01727,56,2675.8,47.78214285714286,33.517857142857146,1562.92,27.909285714285716,0.5846428571428571,1,Frequent High-Value Users
CUST_01728,66,3258.7,49.374242424242425,32.84848484848485,1946.44,29.491515151515152,0.5975757575757575,1,Frequent High-Value Users
CUST_01729,71,3376.2,47.55211267605633,32.183098591549296,1995.32,28.103098591549294,0.5932394366197182,1,Frequent High-Value Users
CUST_01730,66,3051.8,46.23939393939394,36.40909090909091,1814.21,27.488030303030303,0.5922727272727273,1,Frequent High-Value Users
CUST_01731,76,3630.0,47.76315789473684,33.776315789473685,2140.84,28.168947368421055,0.5914473684210527,1,Frequent High-Value Users
CUST_01732,74,3280.1,44.325675675675676,36.45945945945946,1933.02,26.12189189189189,0.5905405405405406,1,Frequent High-Value Users
CUST_01733,78,3571.6,45.78974358974359,34.85897435897436,2145.55,27.507051282051286,0.5998717948717949,1,Frequent High-Value Users
CUST_01734,71,3401.8,47.91267605633803,33.521126760563384,2023.79,28.504084507042254,0.5971830985915493,1,Frequent High-Value Users
CUST_01735,79,3844.8,48.66835443037975,32.9746835443038,2322.03,29.392784810126585,0.600632911392405,1,Frequent High-Value Users
CUST_01736,77,3423.8,44.46493506493507,36.22077922077922,2064.21,26.80792207792208,0.6041558441558442,1,Frequent High-Value Users
CUST_01737,80,3997.7999999999997,49.9725,31.9375,2351.78,29.397250000000003,0.593,1,Frequent High-Value Users
CUST_01738,73,3568.7,48.88630136986301,34.082191780821915,2139.45,29.30753424657534,0.6015068493150685,1,Frequent High-Value Users
CUST_01739,69,3321.8,48.14202898550725,34.73913043478261,1966.35,28.497826086956522,0.5908695652173913,1,Frequent High-Value Users
CUST_01740,68,3188.9,46.89558823529412,36.55882352941177,1854.3799999999999,27.270294117647058,0.5870588235294117,1,Frequent High-Value Users
CUST_01741,74,3453.5,46.66891891891892,33.932432432432435,2058.41,27.81635135135135,0.5939189189189189,1,Frequent High-Value Users
CUST_01742,59,2818.1,47.764406779661016,36.16949152542373,1668.61,28.281525423728812,0.5940677966101694,1,Frequent High-Value Users
CUST_01743,68,3455.4,50.81470588235294,34.455882352941174,2054.28,30.210000000000004,0.5961764705882353,1,Frequent High-Value Users
CUST_01744,62,2888.6,46.59032258064516,36.08064516129032,1721.77,27.77048387096774,0.5967741935483871,1,Frequent High-Value Users
CUST_01745,58,2612.5,45.043103448275865,36.8448275862069,1577.1200000000001,27.191724137931036,0.6075862068965517,1,Frequent High-Value Users
CUST_01746,71,3367.9,47.43521126760564,33.647887323943664,2008.97,28.295352112676056,0.5950704225352113,1,Frequent High-Value Users
CUST_01747,56,2898.1,51.75178571428571,31.392857142857142,1731.17,30.91375,0.5980357142857143,1,Frequent High-Value Users
CUST_01748,72,3343.3,46.43472222222223,34.22222222222222,1998.8,27.76111111111111,0.5979166666666667,1,Frequent High-Value Users
CUST_01749,55,2622.8,47.68727272727273,34.872727272727275,1545.46,28.099272727272727,0.5918181818181818,1,Frequent High-Value Users
CUST_01750,68,3084.0,45.35294117647059,35.69117647058823,1773.81,26.08544117647059,0.578529411764706,1,Frequent High-Value Users
CUST_01751,71,3349.7,47.17887323943662,36.2112676056338,1976.41,27.836760563380285,0.5914084507042254,1,Frequent High-Value Users
CUST_01752,67,3073.3,45.87014925373135,35.59701492537314,1801.72,26.89134328358209,0.5832835820895522,1,Frequent High-Value Users
CUST_01753,80,3573.9,44.67375,34.7375,2166.85,27.085625,0.607875,1,Frequent High-Value Users
CUST_01754,68,3017.8,44.379411764705885,36.720588235294116,1793.71,26.37808823529412,0.5920588235294117,1,Frequent High-Value Users
CUST_01755,67,3045.0,45.44776119402985,36.07462686567164,1779.93,26.566119402985077,0.5849253731343284,1,Frequent High-Value Users
CUST_01756,67,3053.0,45.56716417910448,36.71641791044776,1811.48,27.037014925373136,0.5943283582089552,1,Frequent High-Value Users
CUST_01757,71,3597.0,50.66197183098591,31.169014084507044,2146.78,30.236338028169016,0.5946478873239437,1,Frequent High-Value Users
CUST_01758,70,3343.1,47.75857142857143,35.65714285714286,1972.22,28.17457142857143,0.5897142857142857,1,Frequent High-Value Users
CUST_01759,69,3229.7,46.80724637681159,36.27536231884058,1911.83,27.70768115942029,0.5973913043478261,1,Frequent High-Value Users
CUST_01760,78,3771.7,48.3551282051282,35.05128205128205,2182.56,27.98153846153846,0.5807692307692307,1,Frequent High-Value Users
CUST_01761,64,2805.5,43.8359375,36.140625,1668.8,26.075,0.5975,1,Frequent High-Value Users
CUST_01762,55,2808.6,51.06545454545454,32.18181818181818,1624.42,29.534909090909093,0.5856363636363636,1,Frequent High-Value Users
CUST_01763,67,3095.3,46.19850746268657,35.776119402985074,1850.57,27.62044776119403,0.5985074626865672,1,Frequent High-Value Users
CUST_01764,79,3825.1,48.41898734177215,35.63291139240506,2253.41,28.524177215189873,0.589367088607595,1,Frequent High-Value Users
CUST_01765,78,3851.6,49.37948717948718,32.833333333333336,2268.74,29.086410256410254,0.5941025641025641,1,Frequent High-Value Users
CUST_01766,68,3110.3,45.73970588235294,34.51470588235294,1849.78,27.20264705882353,0.5926470588235294,1,Frequent High-Value Users
CUST_01767,70,3171.9,45.31285714285715,34.75714285714286,1836.98,26.242571428571427,0.5862857142857143,1,Frequent High-Value Users
CUST_01768,89,3979.1,44.708988764044946,36.348314606741575,2386.03,26.80932584269663,0.6025842696629213,1,Frequent High-Value Users
CUST_01769,74,3269.5,44.182432432432435,36.229729729729726,1896.81,25.632567567567566,0.5824324324324325,1,Frequent High-Value Users
CUST_01770,62,2998.7,48.36612903225806,34.17741935483871,1787.48,28.830322580645163,0.5940322580645161,1,Frequent High-Value Users
CUST_01771,65,3225.9,49.62923076923077,34.50769230769231,1933.52,29.74646153846154,0.5995384615384616,1,Frequent High-Value Users
CUST_01772,77,3685.3,47.861038961038965,36.0,2162.0,28.07792207792208,0.5884415584415584,1,Frequent High-Value Users
CUST_01773,79,3864.2,48.91392405063291,34.68354430379747,2299.8,29.11139240506329,0.5944303797468354,1,Frequent High-Value Users
CUST_01774,76,3759.2,49.46315789473684,33.46052631578947,2237.51,29.44092105263158,0.5946052631578947,1,Frequent High-Value Users
CUST_01775,69,3295.8,47.76521739130435,34.20289855072464,1922.59,27.863623188405796,0.5849275362318841,1,Frequent High-Value Users
CUST_01776,57,2781.3,48.794736842105266,32.1578947368421,1604.98,28.157543859649124,0.5782456140350878,1,Frequent High-Value Users
CUST_01777,64,2918.8,45.60625,34.796875,1758.26,27.4728125,0.60203125,1,Frequent High-Value Users
CUST_01778,74,3494.4,47.22162162162162,35.513513513513516,2110.1,28.514864864864865,0.6008108108108108,1,Frequent High-Value Users
CUST_01779,88,4499.7,51.132954545454545,31.386363636363637,2710.61,30.802386363636366,0.6035227272727273,1,Frequent High-Value Users
CUST_01780,82,3798.1,46.31829268292683,35.52439024390244,2258.59,27.54378048780488,0.5935365853658536,1,Frequent High-Value Users
CUST_01781,57,2805.7,49.22280701754386,32.578947368421055,1696.76,29.767719298245613,0.6056140350877194,1,Frequent High-Value Users
CUST_01782,68,3392.1,49.883823529411764,32.794117647058826,2005.57,29.493676470588234,0.5926470588235294,1,Frequent High-Value Users
CUST_01783,80,3979.4,49.7425,32.825,2409.43,30.117874999999998,0.60575,1,Frequent High-Value Users
CUST_01784,62,3000.4,48.39354838709678,33.75806451612903,1775.09,28.63048387096774,0.592741935483871,1,Frequent High-Value Users
CUST_01785,73,3209.9,43.97123287671233,37.93150684931507,1903.6,26.076712328767123,0.5935616438356164,1,Frequent High-Value Users
CUST_01786,73,3501.0,47.95890410958904,34.89041095890411,2104.15,28.823972602739726,0.6021917808219178,1,Frequent High-Value Users
CUST_01787,77,3852.8,50.03636363636364,35.0,2251.0,29.233766233766232,0.5888311688311689,1,Frequent High-Value Users
CUST_01788,69,3357.6,48.66086956521739,34.95652173913044,2020.24,29.278840579710145,0.5989855072463768,1,Frequent High-Value Users
CUST_01789,69,3328.2,48.23478260869565,33.028985507246375,1955.51,28.34072463768116,0.588695652173913,1,Frequent High-Value Users
CUST_01790,67,3068.9,45.8044776119403,35.776119402985074,1841.58,27.486268656716415,0.5977611940298507,1,Frequent High-Value Users
CUST_01791,66,3115.4,47.2030303030303,33.515151515151516,1858.94,28.165757575757578,0.6,1,Frequent High-Value Users
CUST_01792,74,3539.4,47.82972972972973,34.62162162162162,2088.2,28.218918918918916,0.5897297297297297,1,Frequent High-Value Users
CUST_01793,71,3433.8,48.36338028169014,33.647887323943664,1972.67,27.784084507042255,0.5812676056338029,1,Frequent High-Value Users
CUST_01794,66,3276.5,49.64393939393939,33.43939393939394,1964.21,29.760757575757577,0.5959090909090908,1,Frequent High-Value Users
CUST_01795,86,4107.3,47.759302325581395,34.86046511627907,2464.92,28.66186046511628,0.6,1,Frequent High-Value Users
CUST_01796,76,3480.2,45.79210526315789,35.48684210526316,2022.27,26.608815789473685,0.5890789473684211,1,Frequent High-Value Users
CUST_01797,57,2573.1,45.142105263157895,36.96491228070175,1558.3,27.33859649122807,0.6017543859649123,1,Frequent High-Value Users
CUST_01798,70,3261.8,46.59714285714286,37.82857142857143,1905.07,27.215285714285713,0.5861428571428572,1,Frequent High-Value Users
CUST_01799,61,3013.5,49.40163934426229,31.934426229508198,1787.92,29.31016393442623,0.5942622950819673,1,Frequent High-Value Users
CUST_01800,62,2910.8,46.9483870967742,34.83870967741935,1734.3,27.97258064516129,0.5948387096774194,1,Frequent High-Value Users
CUST_01801,70,3284.7,46.92428571428571,35.74285714285714,1967.7,28.11,0.5998571428571429,1,Frequent High-Value Users
CUST_01802,64,2948.5,46.0703125,36.296875,1671.13,26.11140625,0.57375,1,Frequent High-Value Users
CUST_01803,56,2508.3,44.791071428571435,37.285714285714285,1465.09,26.162321428571428,0.5864285714285715,1,Frequent High-Value Users
CUST_01804,84,3900.6,46.43571428571428,35.73809523809524,2300.63,27.388452380952383,0.594047619047619,1,Frequent High-Value Users
CUST_01805,73,3316.9,45.43698630136986,35.35616438356164,1978.89,27.108082191780824,0.5947945205479452,1,Frequent High-Value Users
CUST_01806,60,2569.7,42.82833333333333,38.516666666666666,1541.26,25.687666666666665,0.6011666666666666,1,Frequent High-Value Users
CUST_01807,72,3388.4,47.06111111111111,35.388888888888886,1984.27,27.559305555555554,0.5876388888888889,1,Frequent High-Value Users
CUST_01808,77,3384.1,43.94935064935065,35.753246753246756,2004.97,26.03857142857143,0.5946753246753247,1,Frequent High-Value Users
CUST_01809,82,3912.1,47.708536585365856,34.390243902439025,2330.7400000000002,28.423658536585368,0.593780487804878,1,Frequent High-Value Users
CUST_01810,81,3815.0,47.098765432098766,35.75308641975309,2223.4,27.449382716049385,0.5888888888888889,1,Frequent High-Value Users
CUST_01811,67,2798.2,41.76417910447761,38.40298507462686,1658.69,24.756567164179106,0.5955223880597015,1,Frequent High-Value Users
CUST_01812,56,2550.7,45.54821428571428,36.517857142857146,1507.49,26.919464285714287,0.5917857142857142,1,Frequent High-Value Users
CUST_01813,70,3405.4,48.64857142857143,34.41428571428571,1984.79,28.354142857142858,0.5845714285714286,1,Frequent High-Value Users
CUST_01814,77,4209.3,54.666233766233766,29.441558441558442,2452.57,31.851558441558442,0.5797402597402598,1,Frequent High-Value Users
CUST_01815,69,2999.7,43.473913043478255,36.34782608695652,1772.17,25.683623188405797,0.5879710144927536,1,Frequent High-Value Users
CUST_01816,67,2947.5,43.992537313432834,36.014925373134325,1734.99,25.89537313432836,0.5876119402985074,1,Frequent High-Value Users
CUST_01817,68,3318.8,48.80588235294118,32.14705882352941,1957.96,28.793529411764705,0.5908823529411764,1,Frequent High-Value Users
CUST_01818,69,3454.3,50.062318840579714,33.869565217391305,2097.54,30.39913043478261,0.6027536231884059,1,Frequent High-Value Users
CUST_01819,60,2775.8,46.263333333333335,35.5,1664.4,27.740000000000002,0.6005,1,Frequent High-Value Users
CUST_01820,75,3527.6,47.034666666666666,36.18666666666667,2153.89,28.718533333333333,0.6070666666666666,1,Frequent High-Value Users
CUST_01821,60,2925.3,48.755,32.266666666666666,1724.4,28.740000000000002,0.5868333333333333,1,Frequent High-Value Users
CUST_01822,75,3673.5,48.98,33.973333333333336,2152.14,28.6952,0.5870666666666667,1,Frequent High-Value Users
CUST_01823,78,3773.5,48.37820512820513,33.8974358974359,2219.31,28.452692307692306,0.594102564102564,1,Frequent High-Value Users
CUST_01824,80,3672.8,45.910000000000004,34.9625,2150.18,26.877249999999997,0.589125,1,Frequent High-Value Users
CUST_01825,66,3225.5,48.871212121212125,33.10606060606061,1908.8,28.921212121212122,0.5890909090909091,1,Frequent High-Value Users
CUST_01826,92,4305.6,46.800000000000004,35.31521739130435,2540.53,27.614456521739132,0.5893478260869565,1,Frequent High-Value Users
CUST_01827,86,4015.9,46.69651162790698,34.13953488372093,2346.69,27.287093023255814,0.5895348837209302,1,Frequent High-Value Users
CUST_01828,62,3032.9,48.917741935483875,34.24193548387097,1821.76,29.383225806451613,0.6033870967741934,1,Frequent High-Value Users
CUST_01829,68,3363.0,49.455882352941174,32.88235294117647,2029.86,29.850882352941174,0.604264705882353,1,Frequent High-Value Users
CUST_01830,76,3484.5,45.848684210526315,36.38157894736842,2088.99,27.486710526315786,0.6,1,Frequent High-Value Users
CUST_01831,78,3586.3,45.97820512820513,36.96153846153846,2112.92,27.08871794871795,0.5912820512820512,1,Frequent High-Value Users
CUST_01832,69,3134.1,45.42173913043478,35.73913043478261,1880.96,27.260289855072465,0.5986956521739131,1,Frequent High-Value Users
CUST_01833,71,3242.4,45.667605633802815,36.70422535211268,1926.31,27.13112676056338,0.5971830985915493,1,Frequent High-Value Users
CUST_01834,67,2923.6,43.635820895522386,37.61194029850746,1734.41,25.88671641791045,0.5998507462686566,1,Frequent High-Value Users
CUST_01835,63,3202.4,50.831746031746036,29.714285714285715,1854.78,29.440952380952382,0.5812698412698413,1,Frequent High-Value Users
CUST_01836,78,3683.4,47.223076923076924,34.55128205128205,2182.85,27.985256410256408,0.5915384615384616,1,Frequent High-Value Users
CUST_01837,61,2821.1,46.247540983606555,34.721311475409834,1663.19,27.265409836065576,0.590327868852459,1,Frequent High-Value Users
CUST_01838,75,3730.0,49.733333333333334,33.013333333333335,2221.65,29.622,0.5936,1,Frequent High-Value Users
CUST_01839,90,4138.7,45.98555555555556,35.422222222222224,2457.12,27.301333333333332,0.5924444444444444,1,Frequent High-Value Users
CUST_01840,74,3778.1,51.0554054054054,33.310810810810814,2276.83,30.767972972972974,0.6002702702702702,1,Frequent High-Value Users
CUST_01841,68,3001.3,44.13676470588236,36.470588235294116,1802.34,26.505,0.6038235294117648,1,Frequent High-Value Users
CUST_01842,65,3007.7,46.27230769230769,34.46153846153846,1782.79,27.42753846153846,0.5947692307692307,1,Frequent High-Value Users
CUST_01843,73,3455.1,47.33013698630137,36.24657534246575,2052.12,28.11123287671233,0.5972602739726027,1,Frequent High-Value Users
CUST_01844,64,2879.6,44.99375,36.1875,1698.8600000000001,26.544687500000002,0.5959375,1,Frequent High-Value Users
CUST_01845,62,2963.5,47.79838709677419,34.516129032258064,1813.16,29.24451612903226,0.6088709677419355,1,Frequent High-Value Users
CUST_01846,81,4058.7,50.10740740740741,34.65432098765432,2416.87,29.8379012345679,0.5960493827160493,1,Frequent High-Value Users
CUST_01847,72,3475.0,48.263888888888886,32.861111111111114,2066.17,28.696805555555557,0.5913888888888889,1,Frequent High-Value Users
CUST_01848,64,2757.9,43.0921875,38.03125,1663.62,25.9940625,0.59828125,1,Frequent High-Value Users
CUST_01849,86,4004.6,46.56511627906977,35.45348837209303,2363.71,27.485,0.588953488372093,1,Frequent High-Value Users
CUST_01850,74,3294.8,44.524324324324326,34.7027027027027,1943.92,26.26918918918919,0.5905405405405406,1,Frequent High-Value Users
CUST_01851,78,3502.3,44.90128205128205,34.92307692307692,2070.75,26.548076923076923,0.5898717948717949,1,Frequent High-Value Users
CUST_01852,74,3387.6,45.77837837837838,35.851351351351354,1985.75,26.83445945945946,0.5878378378378378,1,Frequent High-Value Users
CUST_01853,65,3112.6,47.886153846153846,34.44615384615385,1813.76,27.904,0.5860000000000001,1,Frequent High-Value Users
CUST_01854,77,3734.8,48.5038961038961,33.077922077922075,2206.69,28.658311688311688,0.5909090909090909,1,Frequent High-Value Users
CUST_01855,89,3919.3,44.0370786516854,37.68539325842696,2301.09,25.854943820224722,0.5850561797752809,1,Frequent High-Value Users
CUST_01856,76,3575.9,47.05131578947368,33.828947368421055,2054.03,27.026710526315792,0.5756578947368421,1,Frequent High-Value Users
CUST_01857,79,3787.0,47.936708860759495,35.21518987341772,2284.35,28.915822784810125,0.600632911392405,1,Frequent High-Value Users
CUST_01858,92,4195.5,45.60326086956522,36.04347826086956,2436.6,26.48478260869565,0.5838043478260869,1,Frequent High-Value Users
CUST_01859,73,3209.3,43.96301369863014,37.657534246575345,1887.7,25.85890410958904,0.5884931506849315,1,Frequent High-Value Users
CUST_01860,77,3487.3,45.289610389610395,36.311688311688314,2096.73,27.23025974025974,0.5997402597402597,1,Frequent High-Value Users
CUST_01861,69,3481.4,50.45507246376812,32.17391304347826,2059.39,29.846231884057968,0.5907246376811593,1,Frequent High-Value Users
CUST_01862,82,3739.4,45.60243902439024,35.40243902439025,2191.1,26.72073170731707,0.5864634146341464,1,Frequent High-Value Users
CUST_01863,61,2872.7,47.09344262295082,36.78688524590164,1734.8400000000001,28.44,0.600983606557377,1,Frequent High-Value Users
CUST_01864,58,2712.7,46.77068965517241,36.13793103448276,1608.56,27.733793103448274,0.5993103448275862,1,Frequent High-Value Users
CUST_01865,75,3449.5,45.99333333333333,36.026666666666664,2053.25,27.376666666666665,0.5943999999999999,1,Frequent High-Value Users
CUST_01866,55,2328.5,42.336363636363636,36.74545454545454,1386.49,25.208909090909092,0.5941818181818181,1,Frequent High-Value Users
CUST_01867,62,3078.2,49.648387096774194,33.5,1850.3600000000001,29.84451612903226,0.5996774193548388,1,Frequent High-Value Users
CUST_01868,74,3502.7,47.33378378378378,36.66216216216216,2117.09,28.609324324324326,0.6002702702702702,1,Frequent High-Value Users
CUST_01869,58,2652.9,45.7396551724138,34.94827586206897,1625.79,28.030862068965515,0.6117241379310344,1,Frequent High-Value Users
CUST_01870,55,2686.1,48.838181818181816,34.163636363636364,1630.77,29.650363636363636,0.6056363636363636,1,Frequent High-Value Users
CUST_01871,56,2864.0,51.142857142857146,33.107142857142854,1694.5,30.258928571428573,0.5901785714285713,1,Frequent High-Value Users
CUST_01872,57,2481.5,43.53508771929825,36.666666666666664,1486.83,26.08473684210526,0.5985964912280701,1,Frequent High-Value Users
CUST_01873,86,4097.3,47.64302325581396,34.56976744186046,2478.07,28.814767441860468,0.6060465116279069,1,Frequent High-Value Users
CUST_01874,67,2945.7,43.96567164179104,36.298507462686565,1744.88,26.042985074626866,0.5928358208955223,1,Frequent High-Value Users
CUST_01875,63,2848.5,45.214285714285715,37.07936507936508,1670.1299999999999,26.509999999999998,0.5865079365079365,1,Frequent High-Value Users
CUST_01876,55,2490.7,45.28545454545454,37.92727272727273,1477.93,26.871454545454547,0.5936363636363636,1,Frequent High-Value Users
CUST_01877,58,2634.4,45.42068965517242,35.06896551724138,1580.21,27.245,0.596551724137931,1,Frequent High-Value Users
CUST_01878,68,3098.7000000000003,45.569117647058825,36.35294117647059,1817.65,26.73014705882353,0.588529411764706,1,Frequent High-Value Users
CUST_01879,69,3227.4,46.77391304347826,34.43478260869565,1948.02,28.23217391304348,0.606231884057971,1,Frequent High-Value Users
CUST_01880,81,3625.8,44.762962962962966,37.06172839506173,2187.78,27.009629629629632,0.5969135802469135,1,Frequent High-Value Users
CUST_01881,64,3173.6,49.5875,32.3125,1826.33,28.53640625,0.57625,1,Frequent High-Value Users
CUST_01882,64,2862.7,44.7296875,36.796875,1700.75,26.57421875,0.59328125,1,Frequent High-Value Users
CUST_01883,77,3684.8,47.85454545454546,35.701298701298704,2165.59,28.124545454545455,0.5871428571428572,1,Frequent High-Value Users
CUST_01884,63,3036.2,48.19365079365079,34.095238095238095,1802.83,28.616349206349206,0.5955555555555556,1,Frequent High-Value Users
CUST_01885,81,3445.2,42.53333333333333,38.53086419753087,2029.53,25.055925925925926,0.5909876543209877,1,Frequent High-Value Users
CUST_01886,78,3516.5,45.083333333333336,35.743589743589745,2087.7799999999997,26.766410256410254,0.5876923076923077,1,Frequent High-Value Users
CUST_01887,75,3565.9,47.54533333333333,34.52,2095.05,27.934,0.5862666666666666,1,Frequent High-Value Users
CUST_01888,81,3897.2,48.11358024691358,33.17283950617284,2295.08,28.33432098765432,0.5891358024691358,1,Frequent High-Value Users
CUST_01889,65,2799.0,43.06153846153846,37.323076923076925,1678.9,25.829230769230772,0.6007692307692307,1,Frequent High-Value Users
CUST_01890,67,2949.2,44.01791044776119,37.55223880597015,1738.0,25.940298507462686,0.5943283582089552,1,Frequent High-Value Users
CUST_01891,66,3063.1,46.41060606060606,35.25757575757576,1805.32,27.35333333333333,0.5943939393939394,1,Frequent High-Value Users
CUST_01892,76,3535.4,46.51842105263158,34.98684210526316,2107.12,27.725263157894734,0.5960526315789473,1,Frequent High-Value Users
CUST_01893,71,3531.0,49.732394366197184,32.63380281690141,2127.08,29.95887323943662,0.6012676056338028,1,Frequent High-Value Users
CUST_01894,65,3152.0,48.49230769230769,33.246153846153845,1885.59,29.009076923076922,0.5995384615384616,1,Frequent High-Value Users
CUST_01895,85,4140.9,48.71647058823529,33.811764705882354,2415.41,28.416588235294117,0.5858823529411764,1,Frequent High-Value Users
CUST_01896,76,3477.9,45.761842105263156,35.73684210526316,2054.26,27.029736842105265,0.5880263157894736,1,Frequent High-Value Users
CUST_01897,72,3388.3,47.05972222222223,35.666666666666664,1983.32,27.54611111111111,0.5843055555555555,1,Frequent High-Value Users
CUST_01898,69,3430.1,49.71159420289855,33.130434782608695,2018.02,29.246666666666666,0.587391304347826,1,Frequent High-Value Users
CUST_01899,75,3453.5,46.04666666666667,35.053333333333335,2077.79,27.703866666666666,0.6010666666666666,1,Frequent High-Value Users
CUST_01900,78,3772.8,48.369230769230775,34.48717948717949,2277.75,29.201923076923077,0.6017948717948718,1,Frequent High-Value Users
CUST_01901,55,2455.6,44.64727272727273,37.163636363636364,1447.42,26.316727272727274,0.5961818181818181,1,Frequent High-Value Users
CUST_01902,71,3485.5,49.09154929577465,34.36619718309859,2066.01,29.098732394366202,0.5952112676056338,1,Frequent High-Value Users
CUST_01903,63,2740.6,43.5015873015873,36.0,1568.85,24.902380952380952,0.5752380952380952,1,Frequent High-Value Users
CUST_01904,88,4205.5,47.78977272727273,35.72727272727273,2500.44,28.41409090909091,0.5920454545454545,1,Frequent High-Value Users
CUST_01905,80,3716.0,46.45,36.3875,2222.26,27.778250000000003,0.5995,1,Frequent High-Value Users
CUST_01906,64,2924.3,45.6921875,34.40625,1705.96,26.655625,0.5871875,1,Frequent High-Value Users
CUST_01907,60,2652.0,44.2,36.6,1530.9,25.515,0.5821666666666666,1,Frequent High-Value Users
CUST_01908,78,3627.3,46.503846153846155,35.44871794871795,2199.45,28.198076923076922,0.6039743589743589,1,Frequent High-Value Users
CUST_01909,71,3366.2,47.4112676056338,35.42253521126761,1998.3700000000001,28.14605633802817,0.5912676056338028,1,Frequent High-Value Users
CUST_01910,73,3203.2,43.87945205479452,36.67123287671233,1839.11,25.193287671232877,0.5752054794520548,1,Frequent High-Value Users
CUST_01911,70,3326.1,47.51571428571428,34.17142857142857,2024.26,28.918,0.6064285714285714,1,Frequent High-Value Users
CUST_01912,69,3302.8,47.86666666666667,34.98550724637681,1948.78,28.243188405797103,0.5934782608695652,1,Frequent High-Value Users
CUST_01913,78,3656.6,46.87948717948718,35.47435897435897,2177.25,27.91346153846154,0.5985897435897436,1,Frequent High-Value Users
CUST_01914,82,3718.1,45.34268292682927,35.48780487804878,2188.82,26.692926829268295,0.5890243902439024,1,Frequent High-Value Users
CUST_01915,83,4021.9,48.4566265060241,33.86746987951807,2475.37,29.823734939759035,0.6128915662650603,1,Frequent High-Value Users
CUST_01916,70,3297.6,47.10857142857143,36.0,1981.77,28.311,0.596,1,Frequent High-Value Users
CUST_01917,77,3544.8,46.03636363636364,36.16883116883117,2070.28,26.886753246753248,0.584935064935065,1,Frequent High-Value Users
CUST_01918,69,3383.7,49.03913043478261,33.391304347826086,1958.81,28.388550724637682,0.5820289855072465,1,Frequent High-Value Users
CUST_01919,66,3418.7,51.79848484848485,32.31818181818182,2021.24,30.624848484848485,0.5896969696969697,1,Frequent High-Value Users
CUST_01920,85,3938.5,46.33529411764706,36.32941176470588,2358.54,27.747529411764706,0.5994117647058824,1,Frequent High-Value Users
CUST_01921,72,3701.8,51.41388888888889,31.47222222222222,2179.77,30.274583333333332,0.5908333333333333,1,Frequent High-Value Users
CUST_01922,60,2765.0,46.083333333333336,35.18333333333333,1666.34,27.772333333333332,0.5991666666666667,1,Frequent High-Value Users
CUST_01923,75,3517.6,46.90133333333333,35.49333333333333,2079.99,27.733199999999997,0.5910666666666666,1,Frequent High-Value Users
CUST_01924,77,3464.7,44.9961038961039,34.44155844155844,2027.54,26.33168831168831,0.5876623376623377,1,Frequent High-Value Users
CUST_01925,70,3465.4,49.505714285714284,33.785714285714285,2069.66,29.566571428571425,0.5961428571428571,1,Frequent High-Value Users
CUST_01926,79,3695.1,46.77341772151899,36.48101265822785,2213.33,28.016835443037973,0.5983544303797469,1,Frequent High-Value Users
CUST_01927,78,3699.5,47.42948717948718,33.782051282051285,2199.8,28.202564102564104,0.5939743589743589,1,Frequent High-Value Users
CUST_01928,75,3589.2,47.855999999999995,34.24,2148.31,28.644133333333333,0.5972,1,Frequent High-Value Users
CUST_01929,69,3022.4,43.80289855072464,36.492753623188406,1799.81,26.084202898550725,0.5978260869565217,1,Frequent High-Value Users
CUST_01930,86,3791.5,44.08720930232558,36.56976744186046,2259.63,26.274767441860465,0.5977906976744186,1,Frequent High-Value Users
CUST_01931,62,2878.0,46.41935483870968,34.12903225806452,1657.09,26.72725806451613,0.5803225806451613,1,Frequent High-Value Users
CUST_01932,61,3017.7,49.470491803278684,33.9344262295082,1803.09,29.558852459016393,0.5990163934426229,1,Frequent High-Value Users
CUST_01933,62,2847.3,45.9241935483871,35.67741935483871,1672.73,26.97951612903226,0.5866129032258064,1,Frequent High-Value Users
CUST_01934,74,3053.9,41.26891891891892,41.58108108108108,1815.12,24.528648648648648,0.5954054054054054,1,Frequent High-Value Users
CUST_01935,69,3077.3,44.59855072463768,35.78260869565217,1843.05,26.71086956521739,0.5985507246376811,1,Frequent High-Value Users
CUST_01936,84,3943.1,46.94166666666666,34.32142857142857,2326.14,27.692142857142855,0.5892857142857143,1,Frequent High-Value Users
CUST_01937,64,2963.8,46.309375,36.984375,1784.77,27.88703125,0.59796875,1,Frequent High-Value Users
CUST_01938,66,3033.0,45.95454545454545,34.42424242424242,1793.97,27.18136363636364,0.5913636363636364,1,Frequent High-Value Users
CUST_01939,71,3384.7,47.67183098591549,34.46478873239437,1966.01,27.690281690140846,0.5840845070422535,1,Frequent High-Value Users
CUST_01940,72,3557.8,49.41388888888889,33.75,2119.61,29.43902777777778,0.5961111111111111,1,Frequent High-Value Users
CUST_01941,77,3558.8,46.21818181818182,34.61038961038961,2077.31,26.97805194805195,0.5846753246753247,1,Frequent High-Value Users
CUST_01942,73,3508.9,48.06712328767124,34.178082191780824,2094.58,28.692876712328765,0.5920547945205479,1,Frequent High-Value Users
CUST_01943,59,2810.8,47.6406779661017,36.847457627118644,1672.9,28.354237288135593,0.5910169491525423,1,Frequent High-Value Users
CUST_01944,77,3585.0,46.55844155844156,34.33766233766234,2113.08,27.4425974025974,0.5931168831168832,1,Frequent High-Value Users
CUST_01945,65,3196.2,49.17230769230769,31.307692307692307,1876.99,28.87676923076923,0.59,1,Frequent High-Value Users
CUST_01946,69,3309.7,47.96666666666666,33.971014492753625,1942.87,28.157536231884055,0.5865217391304348,1,Frequent High-Value Users
CUST_01947,71,3447.0,48.54929577464789,34.59154929577465,2076.84,29.251267605633807,0.6071830985915493,1,Frequent High-Value Users
CUST_01948,67,3080.1,45.971641791044775,36.0,1804.42,26.93164179104478,0.5886567164179104,1,Frequent High-Value Users
CUST_01949,70,3366.0,48.08571428571429,33.27142857142857,2015.45,28.792142857142856,0.599,1,Frequent High-Value Users
CUST_01950,67,3011.1,44.94179104477612,36.76119402985075,1757.74,26.234925373134327,0.5889552238805971,1,Frequent High-Value Users
CUST_01951,58,2904.8,50.08275862068966,33.91379310344828,1727.67,29.78741379310345,0.5963793103448276,1,Frequent High-Value Users
CUST_01952,77,3710.7,48.19090909090909,33.675324675324674,2180.09,28.312857142857144,0.5883116883116882,1,Frequent High-Value Users
CUST_01953,64,2803.7,43.8078125,37.53125,1676.99,26.20296875,0.60203125,1,Frequent High-Value Users
CUST_01954,58,2680.5,46.21551724137931,36.01724137931034,1624.49,28.00844827586207,0.6043103448275862,1,Frequent High-Value Users
CUST_01955,55,2508.6,45.61090909090909,35.67272727272727,1474.16,26.802909090909093,0.5874545454545455,1,Frequent High-Value Users
CUST_01956,76,3424.8,45.06315789473685,37.026315789473685,2051.24,26.99,0.5971052631578948,1,Frequent High-Value Users
CUST_01957,56,2751.9,49.14107142857143,34.32142857142857,1614.88,28.837142857142858,0.5848214285714286,1,Frequent High-Value Users
CUST_01958,80,3747.7,46.84625,34.95,2231.86,27.89825,0.594,1,Frequent High-Value Users
CUST_01959,80,3512.6,43.9075,36.3125,2071.19,25.889875,0.5925,1,Frequent High-Value Users
CUST_01960,73,3514.1,48.13835616438356,35.342465753424655,2059.31,28.20972602739726,0.5880821917808219,1,Frequent High-Value Users
CUST_01961,75,3422.6,45.63466666666667,36.413333333333334,2062.38,27.4984,0.6033333333333334,1,Frequent High-Value Users
CUST_01962,69,3245.3,47.03333333333334,32.405797101449274,1906.41,27.62913043478261,0.5859420289855073,1,Frequent High-Value Users
CUST_01963,78,3841.5,49.25,32.96153846153846,2282.46,29.262307692307694,0.5943589743589743,1,Frequent High-Value Users
CUST_01964,75,3606.3,48.084,33.306666666666665,2115.17,28.202266666666667,0.5901333333333333,1,Frequent High-Value Users
CUST_01965,68,2822.2,41.502941176470586,37.88235294117647,1633.94,24.02852941176471,0.5816176470588235,1,Frequent High-Value Users
CUST_01966,66,3061.5,46.38636363636363,36.5,1816.16,27.51757575757576,0.592121212121212,1,Frequent High-Value Users
CUST_01967,70,3309.2,47.27428571428571,35.02857142857143,2010.3700000000001,28.71957142857143,0.6062857142857142,1,Frequent High-Value Users
CUST_01968,77,3726.2,48.39220779220779,34.05194805194805,2196.43,28.525064935064933,0.5887012987012987,1,Frequent High-Value Users
CUST_01969,54,2702.1,50.038888888888884,32.870370370370374,1567.38,29.025555555555556,0.5835185185185185,1,Frequent High-Value Users
CUST_01970,70,3255.8,46.511428571428574,33.385714285714286,1926.16,27.516571428571428,0.5932857142857143,1,Frequent High-Value Users
CUST_01971,78,3708.1,47.53974358974359,33.294871794871796,2204.44,28.26205128205128,0.5948717948717949,1,Frequent High-Value Users
CUST_01972,68,3054.7,44.92205882352941,34.911764705882355,1845.59,27.141029411764706,0.6011764705882353,1,Frequent High-Value Users
CUST_01973,80,3791.3,47.39125,33.375,2208.76,27.609500000000004,0.580875,1,Frequent High-Value Users
CUST_01974,62,2974.5,47.975806451612904,36.29032258064516,1755.55,28.315322580645162,0.5922580645161291,1,Frequent High-Value Users
CUST_01975,61,2782.1,45.60819672131147,36.19672131147541,1674.79,27.455573770491803,0.6011475409836066,1,Frequent High-Value Users
CUST_01976,88,3805.1,43.23977272727273,38.36363636363637,2283.02,25.94340909090909,0.6004545454545455,1,Frequent High-Value Users
CUST_01977,78,3795.1,48.65512820512821,34.03846153846154,2314.34,29.671025641025643,0.6087179487179488,1,Frequent High-Value Users
CUST_01978,81,3856.2,47.60740740740741,36.23456790123457,2311.39,28.53567901234568,0.601111111111111,1,Frequent High-Value Users
CUST_01979,71,3459.7,48.72816901408451,33.859154929577464,2082.23,29.32718309859155,0.6047887323943661,1,Frequent High-Value Users
CUST_01980,83,4087.0,49.24096385542169,33.493975903614455,2383.98,28.72265060240964,0.5843373493975904,1,Frequent High-Value Users
CUST_01981,73,3600.6,49.323287671232876,34.02739726027397,2141.03,29.329178082191785,0.5986301369863014,1,Frequent High-Value Users
CUST_01982,82,3436.8,41.91219512195122,39.353658536585364,2065.69,25.191341463414634,0.6015853658536585,1,Frequent High-Value Users
CUST_01983,78,3989.2,51.14358974358974,32.8974358974359,2400.8,30.77948717948718,0.6007692307692307,1,Frequent High-Value Users
CUST_01984,65,3177.8,48.88923076923077,34.215384615384615,1945.45,29.93,0.6149230769230769,1,Frequent High-Value Users
CUST_01985,68,2962.7,43.56911764705882,37.5735294117647,1722.4,25.329411764705885,0.5802941176470588,1,Frequent High-Value Users
CUST_01986,73,3384.7,46.365753424657534,36.49315068493151,1986.73,27.215479452054794,0.5846575342465753,1,Frequent High-Value Users
CUST_01987,64,3083.2,48.175,33.296875,1877.53,29.33640625,0.60625,1,Frequent High-Value Users
CUST_01988,67,2923.3,43.63134328358209,37.91044776119403,1716.49,25.619253731343285,0.5916417910447761,1,Frequent High-Value Users
CUST_01989,76,3593.2,47.27894736842105,36.46052631578947,2148.11,28.264605263157897,0.6061842105263158,1,Frequent High-Value Users
CUST_01990,67,3078.9,45.953731343283586,33.940298507462686,1754.4,26.185074626865674,0.571044776119403,1,Frequent High-Value Users
CUST_01991,80,4094.4,51.18,33.0,2449.44,30.618000000000002,0.6014999999999999,1,Frequent High-Value Users
CUST_01992,80,3608.7,45.10875,36.375,2182.34,27.27925,0.60775,1,Frequent High-Value Users
CUST_01993,63,3009.2,47.76507936507936,34.73015873015873,1823.47,28.943968253968254,0.6049206349206349,1,Frequent High-Value Users
CUST_01994,66,3408.1,51.63787878787878,31.742424242424242,2038.31,30.883484848484848,0.6010606060606061,1,Frequent High-Value Users
CUST_01995,76,3539.5,46.57236842105263,34.89473684210526,2124.08,27.948421052631577,0.6021052631578947,1,Frequent High-Value Users
CUST_01996,70,3289.1,46.98714285714286,34.44285714285714,1965.13,28.073285714285717,0.5981428571428571,1,Frequent High-Value Users
CUST_01997,72,3206.7,44.537499999999994,36.638888888888886,1890.38,26.255277777777778,0.5898611111111111,1,Frequent High-Value Users
CUST_01998,88,3794.2,43.11590909090909,37.15909090909091,2269.48,25.789545454545454,0.5967045454545454,1,Frequent High-Value Users
CUST_01999,69,3369.2,48.82898550724637,33.3768115942029,1992.63,28.878695652173914,0.5960869565217392,1,Frequent High-Value Users
CUST_02000,72,3201.8,44.46944444444445,36.52777777777778,1876.14,26.0575,0.5858333333333333,1,Frequent High-Value Users
CUST_02001,16,781.3,48.83125,36.25,486.73,30.420625,0.61625,1,Frequent High-Value Users
CUST_02002,19,817.8,43.04210526315789,35.21052631578947,491.63,25.875263157894736,0.61,1,Frequent High-Value Users
CUST_02003,19,844.4,44.44210526315789,38.578947368421055,472.55,24.871052631578948,0.5742105263157895,1,Frequent High-Value Users
CUST_02004,15,625.2,41.68,41.13333333333333,376.28999999999996,25.086,0.5953333333333333,1,Frequent High-Value Users
CUST_02005,23,1068.3,46.44782608695652,37.30434782608695,646.4,28.104347826086954,0.6,1,Frequent High-Value Users
CUST_02006,12,593.4,49.449999999999996,36.75,347.6,28.96666666666667,0.5750000000000001,1,Frequent High-Value Users
CUST_02007,15,775.1,51.67333333333333,29.866666666666667,452.09,30.139333333333333,0.59,1,Frequent High-Value Users
CUST_02008,18,781.9,43.43888888888889,36.388888888888886,458.65000000000003,25.480555555555558,0.5805555555555555,1,Frequent High-Value Users
CUST_02009,17,750.9,44.17058823529412,37.470588235294116,448.21,26.365294117647057,0.5964705882352942,1,Frequent High-Value Users
CUST_02010,24,1081.3,45.05416666666667,35.375,638.28,26.595,0.5845833333333333,1,Frequent High-Value Users
CUST_02011,19,908.1,47.794736842105266,32.10526315789474,542.63,28.559473684210527,0.5968421052631578,1,Frequent High-Value Users
CUST_02012,12,498.1,41.50833333333333,35.25,278.06,23.171666666666667,0.5708333333333334,1,Frequent High-Value Users
CUST_02013,13,519.1,39.93076923076923,39.61538461538461,310.01,23.846923076923076,0.6015384615384616,1,Frequent High-Value Users
CUST_02014,18,903.6,50.2,34.22222222222222,531.59,29.53277777777778,0.5894444444444444,1,Frequent High-Value Users
CUST_02015,17,742.9,43.699999999999996,35.705882352941174,447.17,26.304117647058824,0.6076470588235294,1,Frequent High-Value Users
CUST_02016,15,650.1,43.34,41.666666666666664,378.65,25.243333333333332,0.5826666666666667,1,Frequent High-Value Users
CUST_02017,21,994.6,47.36190476190476,33.714285714285715,571.22,27.200952380952383,0.5723809523809523,1,Frequent High-Value Users
CUST_02018,26,1176.4,45.24615384615385,34.61538461538461,708.15,27.236538461538462,0.6026923076923076,1,Frequent High-Value Users
CUST_02019,14,696.1,49.721428571428575,29.857142857142858,406.78000000000003,29.055714285714288,0.585,1,Frequent High-Value Users
CUST_02020,18,908.5,50.47222222222222,30.666666666666668,525.0,29.166666666666668,0.5822222222222222,1,Frequent High-Value Users
CUST_02021,22,967.4,43.97272727272727,37.77272727272727,567.04,25.774545454545454,0.5904545454545455,1,Frequent High-Value Users
CUST_02022,16,650.2,40.6375,39.0,371.37,23.210625,0.568125,1,Frequent High-Value Users
CUST_02023,22,1023.2,46.50909090909091,35.59090909090909,609.89,27.722272727272728,0.5995454545454545,1,Frequent High-Value Users
CUST_02024,18,900.7,50.03888888888889,31.666666666666668,519.77,28.87611111111111,0.58,1,Frequent High-Value Users
CUST_02025,18,781.5,43.416666666666664,36.77777777777778,469.11,26.061666666666667,0.5955555555555556,1,Frequent High-Value Users
CUST_02026,21,1032.0,49.142857142857146,31.095238095238095,615.79,29.32333333333333,0.5971428571428572,1,Frequent High-Value Users
CUST_02027,17,760.5,44.73529411764706,33.76470588235294,463.22,27.24823529411765,0.6129411764705882,1,Frequent High-Value Users
CUST_02028,13,564.2,43.400000000000006,33.38461538461539,338.18,26.013846153846153,0.5938461538461538,1,Frequent High-Value Users
CUST_02029,17,745.0,43.8235294117647,37.76470588235294,427.77,25.162941176470586,0.5811764705882353,1,Frequent High-Value Users
CUST_02030,13,649.1,49.93076923076923,29.923076923076923,375.33,28.87153846153846,0.5746153846153846,1,Frequent High-Value Users
CUST_02031,19,1059.1,55.74210526315789,30.736842105263158,609.33,32.07,0.5768421052631579,1,Frequent High-Value Users
CUST_02032,31,1587.7,51.21612903225807,31.70967741935484,926.13,29.87516129032258,0.5887096774193549,1,Frequent High-Value Users
CUST_02033,21,1093.7,52.08095238095238,31.952380952380953,624.53,29.73952380952381,0.5728571428571428,1,Frequent High-Value Users
CUST_02034,20,973.1,48.655,33.75,562.37,28.1185,0.5820000000000001,1,Frequent High-Value Users
CUST_02035,18,879.7,48.87222222222223,34.888888888888886,525.91,29.21722222222222,0.5855555555555555,1,Frequent High-Value Users
CUST_02036,17,800.8,47.10588235294117,33.11764705882353,473.9,27.876470588235293,0.5858823529411765,1,Frequent High-Value Users
CUST_02037,19,880.3,46.33157894736842,32.68421052631579,513.75,27.039473684210527,0.58,1,Frequent High-Value Users
CUST_02038,17,810.9,47.699999999999996,32.05882352941177,479.95,28.23235294117647,0.5894117647058823,1,Frequent High-Value Users
CUST_02039,19,849.7,44.72105263157895,38.0,527.22,27.74842105263158,0.6226315789473684,1,Frequent High-Value Users
CUST_02040,11,442.5,40.22727272727273,38.45454545454545,257.01,23.364545454545453,0.5745454545454546,1,Frequent High-Value Users
CUST_02041,18,840.8,46.71111111111111,36.833333333333336,495.31,27.517222222222223,0.5933333333333333,1,Frequent High-Value Users
CUST_02042,13,623.8,47.98461538461538,37.23076923076923,351.06,27.004615384615384,0.5638461538461539,1,Frequent High-Value Users
CUST_02043,18,786.4,43.68888888888889,39.77777777777778,489.88,27.215555555555554,0.6233333333333334,1,Frequent High-Value Users
CUST_02044,14,695.2,49.65714285714286,35.714285714285715,420.42,30.03,0.5992857142857143,1,Frequent High-Value Users
CUST_02045,18,896.5,49.80555555555556,33.05555555555556,534.09,29.671666666666667,0.6005555555555556,1,Frequent High-Value Users
CUST_02046,15,814.0,54.266666666666666,32.86666666666667,494.97,32.998000000000005,0.608,1,Frequent High-Value Users
CUST_02047,20,1043.2,52.160000000000004,34.55,622.34,31.117,0.5980000000000001,1,Frequent High-Value Users
CUST_02048,13,640.7,49.284615384615385,35.0,386.47,29.72846153846154,0.6038461538461539,1,Frequent High-Value Users
CUST_02049,24,1137.7,47.40416666666667,32.708333333333336,664.35,27.681250000000002,0.5841666666666666,1,Frequent High-Value Users
CUST_02050,21,946.0,45.04761904761905,36.0,566.36,26.96952380952381,0.5995238095238096,1,Frequent High-Value Users
CUST_02051,21,972.7,46.31904761904762,38.523809523809526,575.93,27.425238095238093,0.589047619047619,1,Frequent High-Value Users
CUST_02052,18,933.0,51.833333333333336,33.55555555555556,550.55,30.58611111111111,0.5905555555555556,1,Frequent High-Value Users
CUST_02053,13,573.4,44.107692307692304,41.07692307692308,362.72,27.901538461538465,0.6238461538461538,1,Frequent High-Value Users
CUST_02054,19,831.8,43.77894736842105,34.78947368421053,529.04,27.844210526315788,0.6326315789473684,1,Frequent High-Value Users
CUST_02055,23,1139.2,49.5304347826087,33.17391304347826,663.8,28.86086956521739,0.5856521739130435,1,Frequent High-Value Users
CUST_02056,19,942.1999999999999,49.589473684210525,33.526315789473685,545.85,28.728947368421053,0.5826315789473684,1,Frequent High-Value Users
CUST_02057,15,700.9,46.72666666666667,35.93333333333333,404.49,26.966,0.5693333333333334,1,Frequent High-Value Users
CUST_02058,15,769.4,51.29333333333333,33.4,488.48,32.565333333333335,0.628,1,Frequent High-Value Users
CUST_02059,9,410.1,45.56666666666667,32.55555555555556,235.07,26.11888888888889,0.5844444444444444,1,Frequent High-Value Users
CUST_02060,14,723.4,51.67142857142857,28.785714285714285,418.15999999999997,29.868571428571425,0.5678571428571428,1,Frequent High-Value Users
CUST_02061,16,639.1,39.94375,41.25,378.88,23.68,0.599375,1,Frequent High-Value Users
CUST_02062,12,571.7,47.64166666666667,34.333333333333336,333.72,27.810000000000002,0.5983333333333333,1,Frequent High-Value Users
CUST_02063,17,835.5,49.14705882352941,32.0,495.44,29.143529411764707,0.5894117647058823,1,Frequent High-Value Users
CUST_02064,16,697.7,43.60625,38.6875,429.0,26.8125,0.60875,1,Frequent High-Value Users
CUST_02065,17,811.3,47.7235294117647,35.05882352941177,494.06,29.06235294117647,0.6141176470588235,1,Frequent High-Value Users
CUST_02066,21,1021.2,48.62857142857143,33.857142857142854,582.49,27.73761904761905,0.5761904761904761,1,Frequent High-Value Users
CUST_02067,24,1315.1,54.79583333333333,30.041666666666668,764.3,31.84583333333333,0.57625,1,Frequent High-Value Users
CUST_02068,22,1081.0,49.13636363636363,35.04545454545455,655.7,29.80454545454546,0.6,1,Frequent High-Value Users
CUST_02069,21,995.7,47.41428571428572,33.76190476190476,611.98,29.14190476190476,0.6109523809523809,1,Frequent High-Value Users
CUST_02070,26,1179.9,45.38076923076923,33.42307692307692,712.47,27.40269230769231,0.6065384615384615,1,Frequent High-Value Users
CUST_02071,13,549.9,42.3,35.15384615384615,324.18,24.936923076923076,0.5946153846153847,1,Frequent High-Value Users
CUST_02072,24,1204.2,50.175000000000004,34.458333333333336,696.29,29.012083333333333,0.5866666666666667,1,Frequent High-Value Users
CUST_02073,15,672.0,44.8,34.53333333333333,386.90999999999997,25.793999999999997,0.572,1,Frequent High-Value Users
CUST_02074,19,940.9,49.52105263157895,31.31578947368421,560.0600000000001,29.47684210526316,0.5989473684210526,1,Frequent High-Value Users
CUST_02075,19,944.4,49.705263157894734,32.36842105263158,556.07,29.266842105263162,0.5805263157894737,1,Frequent High-Value Users
CUST_02076,20,1035.0,51.75,31.1,607.85,30.392500000000002,0.5905,1,Frequent High-Value Users
CUST_02077,15,668.0,44.53333333333333,35.53333333333333,374.53000000000003,24.968666666666667,0.5606666666666666,1,Frequent High-Value Users
CUST_02078,20,988.4,49.42,31.7,575.66,28.782999999999998,0.585,1,Frequent High-Value Users
CUST_02079,12,643.1,53.59166666666667,33.333333333333336,393.71000000000004,32.80916666666667,0.6191666666666666,1,Frequent High-Value Users
CUST_02080,11,478.4,43.49090909090909,43.45454545454545,284.35,25.85,0.5990909090909091,1,Frequent High-Value Users
CUST_02081,23,999.5,43.45652173913044,37.17391304347826,611.0,26.565217391304348,0.6126086956521739,1,Frequent High-Value Users
CUST_02082,10,487.5,48.75,37.8,303.74,30.374000000000002,0.635,1,Frequent High-Value Users
CUST_02083,20,850.8,42.54,43.3,492.27,24.6135,0.585,1,Frequent High-Value Users
CUST_02084,10,447.2,44.72,38.5,277.42,27.742,0.62,1,Frequent High-Value Users
CUST_02085,24,1026.7,42.77916666666667,41.666666666666664,607.32,25.305000000000003,0.5879166666666666,1,Frequent High-Value Users
CUST_02086,22,1123.6,51.07272727272727,30.545454545454547,667.02,30.319090909090907,0.5986363636363636,1,Frequent High-Value Users
CUST_02087,24,997.6,41.56666666666667,39.208333333333336,585.46,24.394166666666667,0.5941666666666666,1,Frequent High-Value Users
CUST_02088,25,1138.2,45.528,34.12,685.14,27.4056,0.6004,1,Frequent High-Value Users
CUST_02089,20,1000.9,50.045,32.05,602.99,30.1495,0.6025,1,Frequent High-Value Users
CUST_02090,18,895.2,49.733333333333334,32.5,532.03,29.557222222222222,0.5988888888888888,1,Frequent High-Value Users
CUST_02091,15,737.9,49.193333333333335,32.53333333333333,461.54,30.769333333333336,0.6173333333333333,1,Frequent High-Value Users
CUST_02092,20,955.1,47.755,35.65,553.15,27.6575,0.581,1,Frequent High-Value Users
CUST_02093,23,1129.5,49.108695652173914,32.47826086956522,666.23,28.966521739130435,0.5847826086956521,1,Frequent High-Value Users
CUST_02094,12,653.1,54.425000000000004,30.583333333333332,399.14,33.26166666666666,0.6141666666666666,1,Frequent High-Value Users
CUST_02095,15,614.1,40.940000000000005,39.666666666666664,363.84,24.255999999999997,0.594,1,Frequent High-Value Users
CUST_02096,24,1166.3,48.59583333333333,35.125,692.89,28.870416666666667,0.595,1,Frequent High-Value Users
CUST_02097,19,982.5,51.71052631578947,33.1578947368421,567.7,29.878947368421056,0.5752631578947368,1,Frequent High-Value Users
CUST_02098,19,924.5,48.6578947368421,34.89473684210526,540.04,28.42315789473684,0.5889473684210526,1,Frequent High-Value Users
CUST_02099,16,740.7,46.29375,35.9375,449.01,28.063125,0.61375,1,Frequent High-Value Users
CUST_02100,21,998.1,47.52857142857143,35.523809523809526,599.05,28.526190476190475,0.5995238095238096,1,Frequent High-Value Users
CUST_02101,18,775.0,43.05555555555556,40.333333333333336,461.4,25.633333333333333,0.5855555555555555,1,Frequent High-Value Users
CUST_02102,26,1328.6,51.099999999999994,32.96153846153846,772.2,29.700000000000003,0.583076923076923,1,Frequent High-Value Users
CUST_02103,12,622.5,51.875,30.0,359.59,29.965833333333332,0.5716666666666667,1,Frequent High-Value Users
CUST_02104,23,1215.7,52.856521739130436,30.695652173913043,742.82,32.296521739130434,0.6069565217391305,1,Frequent High-Value Users
CUST_02105,19,871.1,45.847368421052636,35.31578947368421,526.37,27.703684210526315,0.6052631578947368,1,Frequent High-Value Users
CUST_02106,16,700.3,43.76875,39.5625,406.36,25.3975,0.584375,1,Frequent High-Value Users
CUST_02107,22,1084.3,49.28636363636363,33.95454545454545,659.43,29.974090909090908,0.6086363636363636,1,Frequent High-Value Users
CUST_02108,16,865.6,54.1,27.625,494.9,30.93125,0.57125,1,Frequent High-Value Users
CUST_02109,21,1055.6,50.266666666666666,33.333333333333336,597.73,28.463333333333335,0.5714285714285714,1,Frequent High-Value Users
CUST_02110,19,939.0,49.421052631578945,28.94736842105263,547.4399999999999,28.812631578947364,0.5852631578947368,1,Frequent High-Value Users
CUST_02111,20,957.2,47.86,32.7,577.94,28.897000000000002,0.6,1,Frequent High-Value Users
CUST_02112,22,1105.9,50.26818181818182,31.181818181818183,645.27,29.330454545454543,0.5818181818181819,1,Frequent High-Value Users
CUST_02113,18,807.4,44.855555555555554,33.44444444444444,492.3,27.35,0.6055555555555556,1,Frequent High-Value Users
CUST_02114,27,1234.8,45.733333333333334,35.44444444444444,716.88,26.551111111111112,0.5840740740740741,1,Frequent High-Value Users
CUST_02115,20,893.6,44.68,35.85,520.47,26.023500000000002,0.588,1,Frequent High-Value Users
CUST_02116,24,1133.6,47.23333333333333,34.625,654.6,27.275000000000002,0.5816666666666667,1,Frequent High-Value Users
CUST_02117,7,353.20000000000005,50.45714285714286,34.57142857142857,207.05,29.57857142857143,0.5742857142857142,1,Frequent High-Value Users
CUST_02118,17,723.5,42.55882352941177,37.05882352941177,441.65999999999997,25.979999999999997,0.6058823529411765,1,Frequent High-Value Users
CUST_02119,26,1404.0,54.0,31.23076923076923,827.9399999999999,31.84384615384615,0.5934615384615385,1,Frequent High-Value Users
CUST_02120,18,935.2,51.955555555555556,32.166666666666664,524.38,29.13222222222222,0.5622222222222223,1,Frequent High-Value Users
CUST_02121,16,776.5,48.53125,32.375,463.92,28.995,0.5975,1,Frequent High-Value Users
CUST_02122,15,811.6,54.10666666666667,25.733333333333334,469.32,31.288,0.58,1,Frequent High-Value Users
CUST_02123,18,799.1,44.394444444444446,37.77777777777778,491.81,27.322777777777777,0.6061111111111112,1,Frequent High-Value Users
CUST_02124,18,853.8,47.43333333333333,38.22222222222222,506.05,28.11388888888889,0.6016666666666667,1,Frequent High-Value Users
CUST_02125,19,839.1,44.16315789473684,38.473684210526315,519.48,27.341052631578947,0.6173684210526316,1,Frequent High-Value Users
CUST_02126,14,558.5,39.892857142857146,40.07142857142857,343.64,24.545714285714286,0.6157142857142857,1,Frequent High-Value Users
CUST_02127,16,721.7,45.10625,37.0625,423.1,26.44375,0.5925,1,Frequent High-Value Users
CUST_02128,22,1002.0,45.54545454545455,38.13636363636363,607.32,27.60545454545455,0.5922727272727273,1,Frequent High-Value Users
CUST_02129,21,939.4,44.733333333333334,37.142857142857146,558.29,26.585238095238093,0.5957142857142858,1,Frequent High-Value Users
CUST_02130,20,936.5,46.825,34.95,552.04,27.601999999999997,0.5885,1,Frequent High-Value Users
CUST_02131,19,862.1,45.373684210526314,33.05263157894737,506.52,26.658947368421053,0.5794736842105263,1,Frequent High-Value Users
CUST_02132,23,1135.7,49.37826086956522,33.0,687.03,29.87086956521739,0.5991304347826086,1,Frequent High-Value Users
CUST_02133,20,915.4,45.769999999999996,34.8,526.9,26.345,0.579,1,Frequent High-Value Users
CUST_02134,19,904.6,47.61052631578948,31.36842105263158,539.62,28.40105263157895,0.5952631578947368,1,Frequent High-Value Users
CUST_02135,18,924.9,51.38333333333333,29.444444444444443,518.79,28.821666666666665,0.5672222222222223,1,Frequent High-Value Users
CUST_02136,16,705.8,44.1125,39.25,404.4,25.275,0.56375,1,Frequent High-Value Users
CUST_02137,18,837.8,46.544444444444444,33.72222222222222,510.19,28.343888888888888,0.6005555555555556,1,Frequent High-Value Users
CUST_02138,16,759.0,47.4375,32.8125,430.2,26.8875,0.57125,1,Frequent High-Value Users
CUST_02139,20,915.9,45.795,40.85,523.78,26.189,0.58,1,Frequent High-Value Users
CUST_02140,17,815.4,47.96470588235294,36.470588235294116,497.29,29.252352941176472,0.61,1,Frequent High-Value Users
CUST_02141,20,936.7,46.835,35.55,553.51,27.6755,0.595,1,Frequent High-Value Users
CUST_02142,17,780.3,45.9,33.0,439.54,25.85529411764706,0.5599999999999999,1,Frequent High-Value Users
CUST_02143,16,706.9,44.18125,40.0,403.16,25.1975,0.56375,1,Frequent High-Value Users
CUST_02144,13,654.0,50.30769230769231,33.92307692307692,386.57,29.736153846153847,0.5969230769230769,1,Frequent High-Value Users
CUST_02145,26,1154.4,44.400000000000006,37.34615384615385,692.77,26.645,0.5988461538461538,1,Frequent High-Value Users
CUST_02146,16,728.1,45.50625,35.75,428.17,26.760625,0.58875,1,Frequent High-Value Users
CUST_02147,17,865.7,50.92352941176471,34.705882352941174,499.76,29.39764705882353,0.581764705882353,1,Frequent High-Value Users
CUST_02148,19,875.7,46.08947368421053,31.736842105263158,521.48,27.446315789473687,0.5931578947368421,1,Frequent High-Value Users
CUST_02149,17,831.0,48.88235294117647,31.58823529411765,499.09,29.358235294117645,0.601764705882353,1,Frequent High-Value Users
CUST_02150,22,1081.4,49.154545454545456,33.18181818181818,643.38,29.244545454545456,0.5945454545454546,1,Frequent High-Value Users
CUST_02151,24,1070.8,44.61666666666667,35.416666666666664,614.64,25.61,0.5766666666666667,1,Frequent High-Value Users
CUST_02152,22,1011.1,45.95909090909091,32.54545454545455,585.87,26.630454545454544,0.5850000000000001,1,Frequent High-Value Users
CUST_02153,32,1463.3,45.728125,33.59375,841.24,26.28875,0.5771875,1,Frequent High-Value Users
CUST_02154,19,901.9000000000001,47.468421052631584,31.36842105263158,506.24,26.64421052631579,0.5615789473684211,1,Frequent High-Value Users
CUST_02155,16,707.0,44.1875,39.5625,407.33,25.458125,0.5756249999999999,1,Frequent High-Value Users
CUST_02156,19,968.2,50.95789473684211,35.36842105263158,564.38,29.70421052631579,0.5905263157894737,1,Frequent High-Value Users
CUST_02157,12,513.4,42.78333333333333,41.666666666666664,327.1,27.258333333333336,0.6316666666666667,1,Frequent High-Value Users
CUST_02158,19,917.4,48.28421052631579,35.63157894736842,546.1,28.742105263157896,0.5973684210526315,1,Frequent High-Value Users
CUST_02159,18,896.0,49.77777777777778,30.77777777777778,538.44,29.913333333333338,0.5916666666666667,1,Frequent High-Value Users
CUST_02160,18,787.2,43.733333333333334,36.94444444444444,483.28,26.848888888888887,0.6216666666666666,1,Frequent High-Value Users
CUST_02161,18,837.3,46.516666666666666,34.94444444444444,496.11,27.561666666666667,0.5916666666666667,1,Frequent High-Value Users
CUST_02162,18,855.2,47.51111111111111,32.44444444444444,497.86,27.65888888888889,0.5916666666666667,1,Frequent High-Value Users
CUST_02163,20,937.8,46.89,34.1,545.09,27.2545,0.5820000000000001,1,Frequent High-Value Users
CUST_02164,24,1165.4,48.55833333333334,37.125,698.6,29.108333333333334,0.6070833333333333,1,Frequent High-Value Users
CUST_02165,19,995.1999999999999,52.37894736842105,35.31578947368421,602.71,31.721578947368425,0.598421052631579,1,Frequent High-Value Users
CUST_02166,20,872.2,43.61,37.6,514.89,25.7445,0.5905,1,Frequent High-Value Users
CUST_02167,15,568.5,37.9,39.06666666666667,330.95,22.063333333333333,0.5813333333333334,1,Frequent High-Value Users
CUST_02168,21,1121.7,53.41428571428572,33.714285714285715,714.15,34.00714285714285,0.6380952380952382,1,Frequent High-Value Users
CUST_02169,10,378.5,37.85,42.9,219.17000000000002,21.917,0.591,1,Frequent High-Value Users
CUST_02170,24,1161.8,48.40833333333333,33.875,687.21,28.633750000000003,0.5954166666666666,1,Frequent High-Value Users
CUST_02171,18,970.0,53.888888888888886,30.944444444444443,580.71,32.26166666666667,0.5911111111111111,1,Frequent High-Value Users
CUST_02172,24,989.8,41.24166666666667,40.0,587.49,24.47875,0.595,1,Frequent High-Value Users
CUST_02173,19,891.1999999999999,46.90526315789473,36.05263157894737,514.7,27.089473684210528,0.5778947368421052,1,Frequent High-Value Users
CUST_02174,24,960.3,40.012499999999996,39.708333333333336,593.32,24.721666666666668,0.6154166666666666,1,Frequent High-Value Users
CUST_02175,18,885.2,49.17777777777778,36.44444444444444,511.54,28.41888888888889,0.5811111111111111,1,Frequent High-Value Users
CUST_02176,19,1005.6,52.92631578947368,34.526315789473685,584.93,30.785789473684208,0.5868421052631579,1,Frequent High-Value Users
CUST_02177,15,748.1,49.873333333333335,28.933333333333334,408.85,27.256666666666668,0.5473333333333333,1,Frequent High-Value Users
CUST_02178,18,747.2,41.51111111111111,38.833333333333336,449.59999999999997,24.977777777777774,0.6061111111111112,1,Frequent High-Value Users
CUST_02179,19,996.1999999999999,52.431578947368415,28.57894736842105,608.89,32.04684210526316,0.61,1,Frequent High-Value Users
CUST_02180,20,801.6999999999999,40.084999999999994,40.55,460.46999999999997,23.0235,0.5775,1,Frequent High-Value Users
CUST_02181,9,418.7,46.52222222222222,31.77777777777778,234.0,26.0,0.5622222222222223,1,Frequent High-Value Users
CUST_02182,24,1175.1,48.9625,33.0,689.72,28.738333333333333,0.5841666666666666,1,Frequent High-Value Users
CUST_02183,12,566.7,47.225,33.083333333333336,342.72,28.560000000000002,0.6075,1,Frequent High-Value Users
CUST_02184,10,410.8,41.08,37.5,261.53,26.153,0.643,1,Frequent High-Value Users
CUST_02185,23,1175.0,51.08695652173913,35.08695652173913,685.55,29.80652173913043,0.5856521739130435,1,Frequent High-Value Users
CUST_02186,12,529.2,44.1,35.916666666666664,294.75,24.5625,0.5625,1,Frequent High-Value Users
CUST_02187,17,781.3,45.95882352941176,35.8235294117647,481.6,28.329411764705885,0.6064705882352941,1,Frequent High-Value Users
CUST_02188,17,686.2,40.36470588235294,38.23529411764706,411.56,24.209411764705884,0.5958823529411765,1,Frequent High-Value Users
CUST_02189,20,940.0,47.0,32.2,545.17,27.258499999999998,0.5825,1,Frequent High-Value Users
CUST_02190,22,1038.0,47.18181818181818,35.63636363636363,637.59,28.98136363636364,0.6113636363636364,1,Frequent High-Value Users
CUST_02191,17,785.7,46.21764705882353,36.94117647058823,483.63,28.448823529411765,0.6170588235294118,1,Frequent High-Value Users
CUST_02192,18,835.4,46.41111111111111,35.22222222222222,498.58,27.698888888888888,0.5944444444444444,1,Frequent High-Value Users
CUST_02193,16,762.8,47.675,36.0625,445.21000000000004,27.825625000000002,0.579375,1,Frequent High-Value Users
CUST_02194,23,1016.9,44.21304347826087,36.73913043478261,604.89,26.299565217391304,0.5934782608695652,1,Frequent High-Value Users
CUST_02195,17,843.5,49.61764705882353,31.705882352941178,483.25,28.426470588235293,0.5758823529411765,1,Frequent High-Value Users
CUST_02196,20,1012.3,50.614999999999995,32.6,600.53,30.0265,0.5875,1,Frequent High-Value Users
CUST_02197,14,633.6,45.25714285714286,34.0,366.01,26.143571428571427,0.5878571428571429,1,Frequent High-Value Users
CUST_02198,23,932.1,40.52608695652174,38.26086956521739,563.08,24.481739130434786,0.6026086956521739,1,Frequent High-Value Users
CUST_02199,11,504.8,45.89090909090909,37.45454545454545,307.03999999999996,27.91272727272727,0.6036363636363636,1,Frequent High-Value Users
CUST_02200,16,760.7,47.54375,35.3125,432.29,27.018125,0.5625,1,Frequent High-Value Users
CUST_02201,29,1387.9,47.858620689655176,35.758620689655174,842.74,29.06,0.6027586206896551,1,Frequent High-Value Users
CUST_02202,22,998.0,45.36363636363637,34.72727272727273,565.89,25.722272727272728,0.5740909090909091,1,Frequent High-Value Users
CUST_02203,20,974.1,48.705,32.55,592.96,29.648000000000003,0.614,1,Frequent High-Value Users
CUST_02204,19,939.5,49.44736842105263,34.8421052631579,575.33,30.280526315789476,0.6105263157894737,1,Frequent High-Value Users
CUST_02205,15,693.4,46.22666666666667,34.8,413.9,27.59333333333333,0.5986666666666667,1,Frequent High-Value Users
CUST_02206,10,594.3,59.42999999999999,29.0,350.86,35.086,0.599,1,Frequent High-Value Users
CUST_02207,17,835.0,49.11764705882353,35.529411764705884,491.84,28.93176470588235,0.5858823529411765,1,Frequent High-Value Users
CUST_02208,19,876.8,46.147368421052626,36.31578947368421,540.51,28.447894736842105,0.616842105263158,1,Frequent High-Value Users
CUST_02209,19,961.4000000000001,50.6,30.473684210526315,549.84,28.938947368421054,0.5694736842105264,1,Frequent High-Value Users
CUST_02210,23,1115.4,48.49565217391305,35.65217391304348,681.97,29.65086956521739,0.6069565217391305,1,Frequent High-Value Users
CUST_02211,25,1211.4,48.456,33.12,721.14,28.8456,0.5980000000000001,1,Frequent High-Value Users
CUST_02212,17,797.3,46.9,38.94117647058823,483.51,28.441764705882353,0.6123529411764705,1,Frequent High-Value Users
CUST_02213,15,734.7,48.980000000000004,36.0,438.26,29.217333333333332,0.6,1,Frequent High-Value Users
CUST_02214,17,665.9,39.17058823529412,37.8235294117647,406.22,23.89529411764706,0.6076470588235294,1,Frequent High-Value Users
CUST_02215,24,1236.2,51.50833333333333,31.166666666666668,736.54,30.689166666666665,0.60125,1,Frequent High-Value Users
CUST_02216,24,1214.4,50.6,33.375,692.48,28.853333333333335,0.5741666666666666,1,Frequent High-Value Users
CUST_02217,15,767.3,51.15333333333333,28.866666666666667,455.85,30.39,0.5973333333333334,1,Frequent High-Value Users
CUST_02218,27,1371.9,50.81111111111112,33.370370370370374,790.76,29.287407407407407,0.5762962962962963,1,Frequent High-Value Users
CUST_02219,13,585.1,45.00769230769231,36.23076923076923,345.31,26.56230769230769,0.5915384615384616,1,Frequent High-Value Users
CUST_02220,14,668.2,47.728571428571435,36.642857142857146,381.65999999999997,27.26142857142857,0.5835714285714285,1,Frequent High-Value Users
CUST_02221,19,725.6,38.189473684210526,41.68421052631579,429.45,22.602631578947367,0.5931578947368421,1,Frequent High-Value Users
CUST_02222,17,788.0,46.35294117647059,34.470588235294116,448.29,26.37,0.5770588235294118,1,Frequent High-Value Users
CUST_02223,21,988.5,47.07142857142857,36.04761904761905,580.02,27.619999999999997,0.5966666666666667,1,Frequent High-Value Users
CUST_02224,29,1499.7,51.713793103448275,34.758620689655174,873.1,30.106896551724137,0.5848275862068966,1,Frequent High-Value Users
CUST_02225,11,470.70000000000005,42.790909090909096,37.54545454545455,282.01,25.637272727272727,0.5981818181818181,1,Frequent High-Value Users
CUST_02226,18,755.4,41.96666666666667,40.44444444444444,440.34000000000003,24.463333333333335,0.5766666666666667,1,Frequent High-Value Users
CUST_02227,17,746.8,43.92941176470588,37.0,461.17,27.12764705882353,0.6141176470588235,1,Frequent High-Value Users
CUST_02228,17,787.7,46.33529411764706,36.88235294117647,471.18,27.716470588235296,0.5952941176470589,1,Frequent High-Value Users
CUST_02229,18,819.7,45.53888888888889,38.44444444444444,492.74,27.374444444444446,0.5922222222222222,1,Frequent High-Value Users
CUST_02230,23,977.1,42.482608695652175,36.95652173913044,573.61,24.939565217391305,0.5834782608695652,1,Frequent High-Value Users
CUST_02231,17,780.9,45.93529411764706,33.05882352941177,472.96000000000004,27.821176470588238,0.6070588235294118,1,Frequent High-Value Users
CUST_02232,19,861.1,45.32105263157895,34.94736842105263,516.73,27.196315789473687,0.5952631578947368,1,Frequent High-Value Users
CUST_02233,22,1032.5,46.93181818181818,31.40909090909091,610.01,27.72772727272727,0.5836363636363636,1,Frequent High-Value Users
CUST_02234,12,612.4,51.03333333333333,31.5,384.07,32.005833333333335,0.6275000000000001,1,Frequent High-Value Users
CUST_02235,15,660.4,44.026666666666664,34.06666666666667,405.17,27.011333333333333,0.6193333333333333,1,Frequent High-Value Users
CUST_02236,16,844.0,52.75,29.5625,507.21000000000004,31.700625000000002,0.600625,1,Frequent High-Value Users
CUST_02237,19,822.9,43.310526315789474,37.68421052631579,486.2,25.589473684210525,0.5900000000000001,1,Frequent High-Value Users
CUST_02238,25,1087.0,43.48,38.08,650.57,26.022800000000004,0.596,1,Frequent High-Value Users
CUST_02239,18,873.6,48.53333333333333,34.833333333333336,509.5,28.305555555555557,0.5866666666666667,1,Frequent High-Value Users
CUST_02240,17,777.1,45.71176470588235,37.470588235294116,463.74,27.278823529411767,0.5988235294117646,1,Frequent High-Value Users
CUST_02241,23,1089.0,47.34782608695652,34.82608695652174,659.73,28.683913043478263,0.6017391304347826,1,Frequent High-Value Users
CUST_02242,15,649.5,43.3,39.733333333333334,380.11,25.340666666666667,0.586,1,Frequent High-Value Users
CUST_02243,20,804.9,40.245,41.1,469.3,23.465,0.576,1,Frequent High-Value Users
CUST_02244,30,1454.9,48.49666666666667,33.166666666666664,884.4399999999999,29.481333333333332,0.6013333333333333,1,Frequent High-Value Users
CUST_02245,16,782.4,48.9,34.5,466.05,29.128125,0.585,1,Frequent High-Value Users
CUST_02246,15,669.5,44.63333333333333,39.93333333333333,406.85,27.123333333333335,0.6126666666666666,1,Frequent High-Value Users
CUST_02247,15,660.7,44.04666666666667,40.6,388.79,25.919333333333334,0.5846666666666667,1,Frequent High-Value Users
CUST_02248,16,775.2,48.45,36.3125,440.63,27.539375,0.57375,1,Frequent High-Value Users
CUST_02249,18,857.1,47.61666666666667,30.555555555555557,499.19,27.732777777777777,0.59,1,Frequent High-Value Users
CUST_02250,20,849.8,42.489999999999995,36.45,513.52,25.676,0.6035,1,Frequent High-Value Users
CUST_02251,15,781.7,52.11333333333334,28.866666666666667,471.95,31.46333333333333,0.6093333333333334,1,Frequent High-Value Users
CUST_02252,28,1312.8,46.885714285714286,35.392857142857146,793.27,28.331071428571427,0.6067857142857144,1,Frequent High-Value Users
CUST_02253,23,1127.3,49.01304347826087,32.0,655.58,28.503478260869567,0.5852173913043479,1,Frequent High-Value Users
CUST_02254,18,866.7,48.150000000000006,33.111111111111114,486.78,27.043333333333333,0.5611111111111111,1,Frequent High-Value Users
CUST_02255,13,648.4,49.87692307692308,35.92307692307692,358.55,27.58076923076923,0.5592307692307692,1,Frequent High-Value Users
CUST_02256,12,590.5,49.208333333333336,31.25,364.08,30.34,0.6141666666666666,1,Frequent High-Value Users
CUST_02257,15,648.5,43.233333333333334,38.53333333333333,411.08,27.40533333333333,0.6286666666666666,1,Frequent High-Value Users
CUST_02258,17,690.7,40.629411764705885,38.705882352941174,418.27,24.60411764705882,0.5970588235294118,1,Frequent High-Value Users
CUST_02259,20,973.5,48.675,35.55,571.37,28.5685,0.585,1,Frequent High-Value Users
CUST_02260,19,836.0,44.0,37.1578947368421,516.91,27.20578947368421,0.6126315789473684,1,Frequent High-Value Users
CUST_02261,28,1490.9,53.246428571428574,30.142857142857142,931.15,33.25535714285714,0.6217857142857143,1,Frequent High-Value Users
CUST_02262,11,582.4,52.945454545454545,34.45454545454545,345.12,31.374545454545455,0.5881818181818181,1,Frequent High-Value Users
CUST_02263,12,556.1,46.34166666666667,37.166666666666664,331.43,27.61916666666667,0.6083333333333333,1,Frequent High-Value Users
CUST_02264,20,983.7,49.185,35.0,605.81,30.290499999999998,0.6115,1,Frequent High-Value Users
CUST_02265,28,1099.0,39.25,38.785714285714285,643.39,22.978214285714284,0.5832142857142857,1,Frequent High-Value Users
CUST_02266,22,967.1,43.95909090909091,38.09090909090909,581.13,26.415,0.5954545454545455,1,Frequent High-Value Users
CUST_02267,19,709.3,37.33157894736842,40.8421052631579,423.55,22.292105263157897,0.5984210526315789,1,Frequent High-Value Users
CUST_02268,12,542.5,45.208333333333336,35.333333333333336,317.41,26.450833333333335,0.585,1,Frequent High-Value Users
CUST_02269,15,870.9,58.059999999999995,27.933333333333334,500.7,33.38,0.5786666666666667,1,Frequent High-Value Users
CUST_02270,14,657.9,46.99285714285714,33.357142857142854,390.98,27.927142857142858,0.5964285714285714,1,Frequent High-Value Users
CUST_02271,20,939.8,46.989999999999995,36.5,577.24,28.862000000000002,0.6145,1,Frequent High-Value Users
CUST_02272,18,894.9,49.71666666666667,32.111111111111114,509.53000000000003,28.307222222222222,0.5777777777777778,1,Frequent High-Value Users
CUST_02273,15,719.2,47.94666666666667,33.2,423.93,28.262,0.584,1,Frequent High-Value Users
CUST_02274,25,1133.4,45.336000000000006,35.16,669.82,26.792800000000003,0.5864,1,Frequent High-Value Users
CUST_02275,22,958.9,43.586363636363636,37.90909090909091,564.1,25.64090909090909,0.5845454545454545,1,Frequent High-Value Users
CUST_02276,21,1000.3,47.63333333333333,39.857142857142854,612.0,29.142857142857142,0.6033333333333333,1,Frequent High-Value Users
CUST_02277,20,905.1,45.255,36.65,542.21,27.110500000000002,0.6,1,Frequent High-Value Users
CUST_02278,15,639.9,42.66,37.6,378.15,25.209999999999997,0.5920000000000001,1,Frequent High-Value Users
CUST_02279,16,716.1,44.75625,34.875,438.81,27.425625,0.61375,1,Frequent High-Value Users
CUST_02280,22,980.5,44.56818181818182,38.27272727272727,596.85,27.129545454545454,0.5990909090909091,1,Frequent High-Value Users
CUST_02281,18,845.0,46.94444444444444,33.05555555555556,498.62,27.70111111111111,0.59,1,Frequent High-Value Users
CUST_02282,18,841.7,46.76111111111111,36.888888888888886,506.08,28.115555555555556,0.5983333333333333,1,Frequent High-Value Users
CUST_02283,19,888.6,46.76842105263158,37.68421052631579,527.61,27.768947368421053,0.5957894736842105,1,Frequent High-Value Users
CUST_02284,18,925.8000000000001,51.43333333333334,31.11111111111111,527.16,29.286666666666665,0.5727777777777778,1,Frequent High-Value Users
CUST_02285,15,758.2,50.54666666666667,34.53333333333333,468.51,31.233999999999998,0.6093333333333334,1,Frequent High-Value Users
CUST_02286,21,973.8,46.37142857142857,38.095238095238095,596.26,28.393333333333334,0.6233333333333333,1,Frequent High-Value Users
CUST_02287,28,1425.7,50.917857142857144,30.714285714285715,832.59,29.735357142857143,0.5882142857142857,1,Frequent High-Value Users
CUST_02288,19,949.9,49.99473684210526,35.05263157894737,558.96,29.418947368421055,0.5821052631578948,1,Frequent High-Value Users
CUST_02289,22,1059.0,48.13636363636363,31.90909090909091,633.4,28.79090909090909,0.5954545454545455,1,Frequent High-Value Users
CUST_02290,19,830.9,43.73157894736842,37.578947368421055,485.14,25.533684210526314,0.5831578947368421,1,Frequent High-Value Users
CUST_02291,17,836.9,49.22941176470588,33.588235294117645,477.14,28.06705882352941,0.5829411764705883,1,Frequent High-Value Users
CUST_02292,20,984.1,49.205,34.9,560.37,28.0185,0.5725,1,Frequent High-Value Users
CUST_02293,12,486.9,40.574999999999996,40.666666666666664,292.03,24.33583333333333,0.6,1,Frequent High-Value Users
CUST_02294,19,895.3,47.12105263157895,33.05263157894737,533.17,28.061578947368417,0.6052631578947368,1,Frequent High-Value Users
CUST_02295,28,1364.0,48.714285714285715,33.25,815.6700000000001,29.13107142857143,0.6021428571428571,1,Frequent High-Value Users
CUST_02296,11,471.5,42.86363636363637,36.72727272727273,293.8,26.70909090909091,0.6245454545454545,1,Frequent High-Value Users
CUST_02297,20,919.8,45.989999999999995,33.9,549.19,27.459500000000002,0.5915,1,Frequent High-Value Users
CUST_02298,13,663.1,51.00769230769231,34.84615384615385,405.49,31.191538461538464,0.6153846153846154,1,Frequent High-Value Users
CUST_02299,13,551.7,42.43846153846154,38.07692307692308,317.74,24.441538461538464,0.5738461538461539,1,Frequent High-Value Users
CUST_02300,12,577.0,48.083333333333336,35.916666666666664,326.46000000000004,27.205000000000002,0.5683333333333334,1,Frequent High-Value Users
CUST_02301,19,989.1999999999999,52.06315789473684,31.736842105263158,586.76,30.882105263157893,0.5968421052631578,1,Frequent High-Value Users
CUST_02302,15,815.5,54.36666666666667,31.6,458.81,30.587333333333333,0.5693333333333332,1,Frequent High-Value Users
CUST_02303,15,767.4,51.16,31.533333333333335,447.59,29.839333333333332,0.5753333333333334,1,Frequent High-Value Users
CUST_02304,15,583.2,38.88,36.4,346.15999999999997,23.077333333333332,0.5993333333333334,1,Frequent High-Value Users
CUST_02305,16,808.0,50.5,33.375,448.7,28.04375,0.555,1,Frequent High-Value Users
CUST_02306,16,862.1,53.88125,30.6875,522.68,32.6675,0.6,1,Frequent High-Value Users
CUST_02307,24,1185.2,49.38333333333333,36.166666666666664,705.87,29.41125,0.6079166666666667,1,Frequent High-Value Users
CUST_02308,10,373.5,37.35,41.0,213.2,21.32,0.5770000000000001,1,Frequent High-Value Users
CUST_02309,23,1098.9,47.77826086956522,34.78260869565217,660.29,28.708260869565216,0.6056521739130435,1,Frequent High-Value Users
CUST_02310,19,847.1,44.58421052631579,36.89473684210526,511.92,26.943157894736842,0.5989473684210527,1,Frequent High-Value Users
CUST_02311,19,898.1,47.26842105263158,32.73684210526316,532.3,28.015789473684208,0.5931578947368421,1,Frequent High-Value Users
CUST_02312,13,687.7,52.900000000000006,28.846153846153847,382.63,29.43307692307692,0.5653846153846154,1,Frequent High-Value Users
CUST_02313,24,1206.9,50.2875,32.041666666666664,714.11,29.754583333333333,0.5883333333333333,1,Frequent High-Value Users
CUST_02314,15,725.3,48.35333333333333,34.6,433.6,28.90666666666667,0.5813333333333334,1,Frequent High-Value Users
CUST_02315,19,874.6,46.03157894736842,35.68421052631579,523.65,27.560526315789474,0.5989473684210527,1,Frequent High-Value Users
CUST_02316,24,1121.9,46.74583333333334,35.041666666666664,662.74,27.614166666666666,0.5933333333333334,1,Frequent High-Value Users
CUST_02317,15,676.8,45.12,38.86666666666667,412.08,27.471999999999998,0.602,1,Frequent High-Value Users
CUST_02318,19,780.9,41.1,40.73684210526316,475.53,25.027894736842104,0.6010526315789474,1,Frequent High-Value Users
CUST_02319,12,667.9,55.65833333333333,28.25,382.85,31.90416666666667,0.5741666666666666,1,Frequent High-Value Users
CUST_02320,11,429.1,39.00909090909091,43.81818181818182,256.88,23.35272727272727,0.5990909090909091,1,Frequent High-Value Users
CUST_02321,18,805.2,44.733333333333334,33.44444444444444,465.51,25.861666666666665,0.5844444444444444,1,Frequent High-Value Users
CUST_02322,27,1373.4,50.86666666666667,31.296296296296298,798.3299999999999,29.567777777777774,0.5833333333333334,1,Frequent High-Value Users
CUST_02323,16,726.1,45.38125,36.8125,419.64,26.2275,0.580625,1,Frequent High-Value Users
CUST_02324,19,1005.5,52.921052631578945,34.10526315789474,615.04,32.37052631578947,0.6173684210526316,1,Frequent High-Value Users
CUST_02325,21,954.4,45.44761904761905,36.80952380952381,558.78,26.608571428571427,0.5923809523809523,1,Frequent High-Value Users
CUST_02326,23,1053.9,45.821739130434786,35.91304347826087,643.27,27.968260869565217,0.6143478260869566,1,Frequent High-Value Users
CUST_02327,19,962.0,50.63157894736842,32.63157894736842,576.43,30.338421052631578,0.6021052631578947,1,Frequent High-Value Users
CUST_02328,18,797.6,44.31111111111111,34.666666666666664,456.53000000000003,25.36277777777778,0.5711111111111111,1,Frequent High-Value Users
CUST_02329,16,717.3,44.83125,35.4375,425.08,26.5675,0.583125,1,Frequent High-Value Users
CUST_02330,20,843.2,42.160000000000004,39.25,483.46000000000004,24.173000000000002,0.58,1,Frequent High-Value Users
CUST_02331,17,709.0,41.705882352941174,37.88235294117647,412.27,24.251176470588234,0.5823529411764706,1,Frequent High-Value Users
CUST_02332,21,887.3,42.25238095238095,37.476190476190474,552.1800000000001,26.294285714285717,0.62,1,Frequent High-Value Users
CUST_02333,19,801.1,42.16315789473684,36.26315789473684,451.04,23.738947368421055,0.5668421052631579,1,Frequent High-Value Users
CUST_02334,16,772.8,48.3,32.625,459.74,28.73375,0.5975,1,Frequent High-Value Users
CUST_02335,19,948.7,49.93157894736842,32.31578947368421,557.23,29.327894736842108,0.5863157894736842,1,Frequent High-Value Users
CUST_02336,18,788.7,43.81666666666667,38.166666666666664,451.96999999999997,25.109444444444442,0.565,1,Frequent High-Value Users
CUST_02337,24,1156.2,48.175000000000004,34.333333333333336,716.57,29.857083333333335,0.61,1,Frequent High-Value Users
CUST_02338,26,1090.8,41.95384615384615,37.53846153846154,675.1,25.965384615384615,0.615,1,Frequent High-Value Users
CUST_02339,22,1054.3,47.92272727272727,34.18181818181818,593.74,26.98818181818182,0.5695454545454545,1,Frequent High-Value Users
CUST_02340,13,636.5,48.96153846153846,30.615384615384617,380.52,29.27076923076923,0.5984615384615385,1,Frequent High-Value Users
CUST_02341,20,933.1,46.655,39.15,542.23,27.1115,0.585,1,Frequent High-Value Users
CUST_02342,19,852.6,44.873684210526314,37.8421052631579,537.67,28.29842105263158,0.6278947368421053,1,Frequent High-Value Users
CUST_02343,23,1090.9,47.4304347826087,35.608695652173914,631.08,27.43826086956522,0.5821739130434783,1,Frequent High-Value Users
CUST_02344,14,741.2,52.94285714285714,30.214285714285715,416.96999999999997,29.783571428571427,0.5707142857142857,1,Frequent High-Value Users
CUST_02345,14,607.6,43.4,36.285714285714285,367.52,26.25142857142857,0.6078571428571429,1,Frequent High-Value Users
CUST_02346,13,518.8,39.9076923076923,39.84615384615385,318.27,24.482307692307693,0.6176923076923077,1,Frequent High-Value Users
CUST_02347,25,1179.4,47.176,34.28,724.67,28.9868,0.614,1,Frequent High-Value Users
CUST_02348,14,580.9,41.49285714285714,42.714285714285715,321.77,22.983571428571427,0.5578571428571428,1,Frequent High-Value Users
CUST_02349,22,1034.4,47.01818181818182,35.81818181818182,609.78,27.717272727272725,0.5922727272727273,1,Frequent High-Value Users
CUST_02350,15,656.0,43.733333333333334,38.93333333333333,405.35,27.023333333333333,0.62,1,Frequent High-Value Users
CUST_02351,12,601.6,50.13333333333333,32.25,358.99,29.915833333333335,0.6,1,Frequent High-Value Users
CUST_02352,27,1291.3,47.82592592592592,36.44444444444444,801.91,29.70037037037037,0.6125925925925926,1,Frequent High-Value Users
CUST_02353,21,854.5,40.69047619047619,41.714285714285715,501.91,23.90047619047619,0.5919047619047619,1,Frequent High-Value Users
CUST_02354,22,995.6,45.25454545454546,38.27272727272727,576.51,26.205,0.5754545454545454,1,Frequent High-Value Users
CUST_02355,10,456.7,45.67,39.2,261.88,26.188,0.584,1,Frequent High-Value Users
CUST_02356,26,1297.7,49.91153846153846,33.23076923076923,767.26,29.509999999999998,0.5961538461538461,1,Frequent High-Value Users
CUST_02357,16,725.4,45.3375,33.25,448.59,28.036875,0.615625,1,Frequent High-Value Users
CUST_02358,26,1170.1,45.00384615384615,35.0,691.54,26.597692307692306,0.595,1,Frequent High-Value Users
CUST_02359,17,801.8,47.16470588235294,37.411764705882355,491.48,28.910588235294117,0.6129411764705882,1,Frequent High-Value Users
CUST_02360,17,795.2,46.7764705882353,36.05882352941177,468.61,27.56529411764706,0.5970588235294118,1,Frequent High-Value Users
CUST_02361,16,577.6,36.1,41.625,334.55,20.909375,0.575,1,Frequent High-Value Users
CUST_02362,8,307.0,38.375,40.5,184.43,23.05375,0.6025,1,Frequent High-Value Users
CUST_02363,19,847.7,44.61578947368421,34.526315789473685,530.67,27.929999999999996,0.6278947368421053,1,Frequent High-Value Users
CUST_02364,21,994.0,47.333333333333336,34.95238095238095,572.53,27.263333333333332,0.5733333333333333,1,Frequent High-Value Users
CUST_02365,19,951.7,50.08947368421053,34.89473684210526,540.75,28.460526315789473,0.5689473684210526,1,Frequent High-Value Users
CUST_02366,23,1157.3,50.31739130434782,31.434782608695652,718.78,31.251304347826085,0.6173913043478261,1,Frequent High-Value Users
CUST_02367,23,1046.1,45.48260869565217,35.34782608695652,615.6800000000001,26.768695652173914,0.5852173913043479,1,Frequent High-Value Users
CUST_02368,15,835.9,55.72666666666667,31.2,520.89,34.726,0.6086666666666667,1,Frequent High-Value Users
CUST_02369,19,851.8,44.83157894736842,39.68421052631579,476.87,25.09842105263158,0.5673684210526315,1,Frequent High-Value Users
CUST_02370,17,905.5,53.26470588235294,35.588235294117645,537.84,31.637647058823532,0.5929411764705882,1,Frequent High-Value Users
CUST_02371,19,988.5,52.026315789473685,33.0,564.46,29.708421052631582,0.5763157894736842,1,Frequent High-Value Users
CUST_02372,20,957.5,47.875,34.45,551.03,27.551499999999997,0.5835,1,Frequent High-Value Users
CUST_02373,9,358.8,39.86666666666667,44.333333333333336,196.45,21.827777777777776,0.5522222222222223,1,Frequent High-Value Users
CUST_02374,12,526.1,43.84166666666667,36.583333333333336,312.56,26.046666666666667,0.5983333333333333,1,Frequent High-Value Users
CUST_02375,19,838.2,44.11578947368421,34.78947368421053,503.63,26.506842105263157,0.6005263157894737,1,Frequent High-Value Users
CUST_02376,19,1078.1,56.74210526315789,32.26315789473684,655.31,34.489999999999995,0.61,1,Frequent High-Value Users
CUST_02377,13,523.6,40.276923076923076,39.38461538461539,319.13,24.548461538461538,0.6123076923076923,1,Frequent High-Value Users
CUST_02378,21,923.3,43.96666666666666,36.523809523809526,554.28,26.39428571428571,0.6047619047619047,1,Frequent High-Value Users
CUST_02379,23,1170.3,50.88260869565217,33.47826086956522,719.65,31.289130434782606,0.6217391304347827,1,Frequent High-Value Users
CUST_02380,17,831.1,48.88823529411765,34.23529411764706,499.3,29.370588235294118,0.6011764705882353,1,Frequent High-Value Users
CUST_02381,18,887.1,49.28333333333333,33.0,522.85,29.047222222222224,0.5961111111111111,1,Frequent High-Value Users
CUST_02382,17,831.8,48.92941176470588,34.411764705882355,489.22,28.777647058823533,0.5841176470588235,1,Frequent High-Value Users
CUST_02383,19,840.8,44.252631578947366,33.10526315789474,504.58,26.556842105263158,0.6078947368421053,1,Frequent High-Value Users
CUST_02384,17,758.5,44.61764705882353,32.88235294117647,452.26,26.603529411764704,0.5976470588235294,1,Frequent High-Value Users
CUST_02385,19,880.7,46.352631578947374,34.31578947368421,533.75,28.092105263157894,0.6047368421052631,1,Frequent High-Value Users
CUST_02386,12,603.5,50.291666666666664,35.666666666666664,340.96,28.41333333333333,0.5683333333333334,1,Frequent High-Value Users
CUST_02387,21,1065.4,50.733333333333334,34.714285714285715,644.8199999999999,30.705714285714283,0.5995238095238096,1,Frequent High-Value Users
CUST_02388,28,1357.2,48.471428571428575,29.571428571428573,803.84,28.708571428571428,0.5932142857142857,1,Frequent High-Value Users
CUST_02389,24,1124.7,46.862500000000004,35.25,669.5,27.895833333333332,0.5912499999999999,1,Frequent High-Value Users
CUST_02390,11,490.3,44.57272727272727,35.27272727272727,297.82,27.074545454545454,0.6118181818181818,1,Frequent High-Value Users
CUST_02391,19,1044.0,54.94736842105263,32.78947368421053,609.84,32.09684210526316,0.5900000000000001,1,Frequent High-Value Users
CUST_02392,25,1193.0,47.72,36.96,697.14,27.8856,0.5856,1,Frequent High-Value Users
CUST_02393,20,1050.0,52.5,32.85,634.5699999999999,31.728499999999997,0.609,1,Frequent High-Value Users
CUST_02394,23,1218.2,52.96521739130435,31.26086956521739,737.46,32.063478260869566,0.6069565217391305,1,Frequent High-Value Users
CUST_02395,19,912.5,48.026315789473685,34.8421052631579,550.6800000000001,28.983157894736845,0.6,1,Frequent High-Value Users
CUST_02396,21,1025.1,48.81428571428571,32.523809523809526,623.5600000000001,29.693333333333335,0.6028571428571429,1,Frequent High-Value Users
CUST_02397,16,789.9,49.36875,29.3125,445.04,27.815,0.566875,1,Frequent High-Value Users
CUST_02398,19,994.0,52.31578947368421,32.26315789473684,596.47,31.393157894736845,0.6052631578947368,1,Frequent High-Value Users
CUST_02399,16,791.4,49.4625,32.3125,480.22,30.01375,0.5975,1,Frequent High-Value Users
CUST_02400,16,808.3,50.51875,31.9375,504.96999999999997,31.560624999999998,0.62125,1,Frequent High-Value Users
CUST_02401,16,756.8,47.3,38.3125,456.74,28.54625,0.606875,1,Frequent High-Value Users
CUST_02402,20,954.7,47.735,34.7,587.17,29.3585,0.619,1,Frequent High-Value Users
CUST_02403,16,741.6,46.35,39.1875,458.98,28.68625,0.613125,1,Frequent High-Value Users
CUST_02404,19,795.2,41.852631578947374,35.94736842105263,473.7,24.931578947368422,0.5900000000000001,1,Frequent High-Value Users
CUST_02405,17,729.6999999999999,42.923529411764704,35.94117647058823,439.88,25.87529411764706,0.6,1,Frequent High-Value Users
CUST_02406,14,650.8,46.48571428571428,35.42857142857143,400.64,28.617142857142856,0.62,1,Frequent High-Value Users
CUST_02407,7,255.7,36.528571428571425,40.714285714285715,154.37,22.052857142857142,0.5971428571428571,1,Frequent High-Value Users
CUST_02408,14,616.5,44.035714285714285,37.57142857142857,369.11,26.365000000000002,0.5992857142857143,1,Frequent High-Value Users
CUST_02409,22,1046.4,47.56363636363637,34.31818181818182,599.32,27.241818181818186,0.5759090909090909,1,Frequent High-Value Users
CUST_02410,26,1167.5,44.90384615384615,34.69230769230769,672.48,25.864615384615384,0.575,1,Frequent High-Value Users
CUST_02411,12,574.9,47.90833333333333,33.916666666666664,349.06,29.088333333333335,0.6066666666666667,1,Frequent High-Value Users
CUST_02412,22,1034.1,47.00454545454545,35.18181818181818,605.15,27.50681818181818,0.5890909090909091,1,Frequent High-Value Users
CUST_02413,16,770.9,48.18125,28.0625,444.13,27.758125,0.575,1,Frequent High-Value Users
CUST_02414,15,795.4,53.026666666666664,24.466666666666665,467.27,31.151333333333334,0.5786666666666667,1,Frequent High-Value Users
CUST_02415,17,796.9,46.87647058823529,33.8235294117647,469.43,27.613529411764706,0.5888235294117647,1,Frequent High-Value Users
CUST_02416,18,918.8,51.044444444444444,31.0,525.47,29.192777777777778,0.5783333333333334,1,Frequent High-Value Users
CUST_02417,18,773.2,42.955555555555556,38.666666666666664,461.66,25.64777777777778,0.5972222222222222,1,Frequent High-Value Users
CUST_02418,18,816.5,45.361111111111114,35.0,496.32,27.573333333333334,0.6094444444444445,1,Frequent High-Value Users
CUST_02419,26,1179.9,45.38076923076923,35.53846153846154,688.3199999999999,26.47384615384615,0.5869230769230769,1,Frequent High-Value Users
CUST_02420,17,928.5,54.61764705882353,27.823529411764707,559.6,32.91764705882353,0.6005882352941176,1,Frequent High-Value Users
CUST_02421,22,1018.7,46.304545454545455,36.86363636363637,602.66,27.39363636363636,0.5863636363636364,1,Frequent High-Value Users
CUST_02422,12,487.6,40.63333333333333,41.666666666666664,287.27,23.939166666666665,0.5833333333333334,1,Frequent High-Value Users
CUST_02423,18,809.8000000000001,44.988888888888894,37.94444444444444,460.66,25.592222222222222,0.5755555555555555,1,Frequent High-Value Users
CUST_02424,18,786.1,43.672222222222224,38.833333333333336,469.27,26.070555555555554,0.5955555555555556,1,Frequent High-Value Users
CUST_02425,20,875.1,43.755,38.15,515.27,25.7635,0.5945,1,Frequent High-Value Users
CUST_02426,15,665.7,44.38,33.2,388.90999999999997,25.92733333333333,0.592,1,Frequent High-Value Users
CUST_02427,15,743.3,49.55333333333333,30.0,432.74,28.849333333333334,0.5760000000000001,1,Frequent High-Value Users
CUST_02428,19,838.1,44.11052631578948,37.68421052631579,496.13,26.112105263157893,0.5973684210526315,1,Frequent High-Value Users
CUST_02429,17,763.3,44.9,38.705882352941174,464.49,27.32294117647059,0.6076470588235294,1,Frequent High-Value Users
CUST_02430,16,754.1,47.13125,35.25,427.06,26.69125,0.575625,1,Frequent High-Value Users
CUST_02431,13,609.6,46.892307692307696,36.69230769230769,368.66,28.35846153846154,0.6076923076923078,1,Frequent High-Value Users
CUST_02432,27,1371.7,50.803703703703704,31.62962962962963,819.05,30.335185185185182,0.6,1,Frequent High-Value Users
CUST_02433,12,598.3000000000001,49.85833333333334,32.0,352.56,29.38,0.5908333333333333,1,Frequent High-Value Users
CUST_02434,17,770.1,45.300000000000004,37.0,444.19,26.128823529411765,0.5788235294117647,1,Frequent High-Value Users
CUST_02435,16,837.8,52.3625,30.4375,488.33,30.520625,0.594375,1,Frequent High-Value Users
CUST_02436,13,519.8,39.98461538461538,39.0,305.95,23.534615384615385,0.5915384615384616,1,Frequent High-Value Users
CUST_02437,16,818.6,51.1625,34.625,482.94,30.18375,0.5975,1,Frequent High-Value Users
CUST_02438,16,768.6,48.0375,30.75,432.22,27.01375,0.5625,1,Frequent High-Value Users
CUST_02439,19,927.5,48.81578947368421,34.21052631578947,540.52,28.448421052631577,0.5878947368421052,1,Frequent High-Value Users
CUST_02440,22,1182.2,53.73636363636364,30.454545454545453,693.96,31.543636363636367,0.5809090909090909,1,Frequent High-Value Users
CUST_02441,13,609.2,46.861538461538466,32.53846153846154,353.88,27.22153846153846,0.5861538461538461,1,Frequent High-Value Users
CUST_02442,22,1044.7,47.48636363636364,37.09090909090909,634.53,28.842272727272725,0.6131818181818182,1,Frequent High-Value Users
CUST_02443,20,968.5,48.425,33.55,558.63,27.9315,0.584,1,Frequent High-Value Users
CUST_02444,15,805.7,53.71333333333334,29.266666666666666,478.83,31.922,0.5920000000000001,1,Frequent High-Value Users
CUST_02445,19,778.6,40.97894736842105,37.8421052631579,459.94,24.20736842105263,0.5978947368421053,1,Frequent High-Value Users
CUST_02446,15,777.3,51.82,33.266666666666666,457.98,30.532,0.586,1,Frequent High-Value Users
CUST_02447,23,1084.0,47.130434782608695,36.65217391304348,667.69,29.03,0.6139130434782609,1,Frequent High-Value Users
CUST_02448,26,1020.7,39.25769230769231,41.42307692307692,598.5,23.01923076923077,0.583076923076923,1,Frequent High-Value Users
CUST_02449,15,763.7,50.913333333333334,30.733333333333334,459.09,30.605999999999998,0.6,1,Frequent High-Value Users
CUST_02450,18,865.2,48.06666666666667,32.166666666666664,512.11,28.450555555555557,0.5988888888888889,1,Frequent High-Value Users
CUST_02451,16,764.1,47.75625,31.375,453.04,28.315,0.59375,1,Frequent High-Value Users
CUST_02452,30,1513.1,50.43666666666666,32.0,905.84,30.194666666666667,0.5906666666666667,1,Frequent High-Value Users
CUST_02453,15,640.0,42.666666666666664,40.06666666666667,388.23,25.882,0.6073333333333333,1,Frequent High-Value Users
CUST_02454,23,1023.1,44.482608695652175,34.43478260869565,619.5500000000001,26.936956521739134,0.6060869565217392,1,Frequent High-Value Users
CUST_02455,13,546.7,42.05384615384616,37.30769230769231,325.36,25.02769230769231,0.5992307692307692,1,Frequent High-Value Users
CUST_02456,19,853.1,44.9,37.68421052631579,498.01,26.211052631578948,0.5821052631578948,1,Frequent High-Value Users
CUST_02457,17,818.5,48.14705882352941,34.588235294117645,477.98,28.116470588235295,0.5888235294117647,1,Frequent High-Value Users
CUST_02458,20,798.6,39.93,39.2,481.17,24.058500000000002,0.602,1,Frequent High-Value Users
CUST_02459,18,849.2,47.17777777777778,36.388888888888886,511.72,28.428888888888892,0.5972222222222222,1,Frequent High-Value Users
CUST_02460,22,893.5,40.61363636363637,40.22727272727273,530.86,24.13,0.5895454545454546,1,Frequent High-Value Users
CUST_02461,30,1411.0,47.03333333333333,34.4,837.86,27.92866666666667,0.5886666666666667,1,Frequent High-Value Users
CUST_02462,15,721.4,48.093333333333334,34.2,403.68,26.912,0.5666666666666667,1,Frequent High-Value Users
CUST_02463,17,671.6,39.50588235294118,42.294117647058826,408.12,24.007058823529412,0.6035294117647059,1,Frequent High-Value Users
CUST_02464,20,981.1,49.055,35.95,610.05,30.502499999999998,0.6165,1,Frequent High-Value Users
CUST_02465,21,908.3,43.25238095238095,37.95238095238095,526.44,25.06857142857143,0.5852380952380953,1,Frequent High-Value Users
CUST_02466,11,517.9,47.08181818181818,33.54545454545455,292.09999999999997,26.55454545454545,0.5745454545454546,1,Frequent High-Value Users
CUST_02467,15,688.0,45.86666666666667,32.06666666666667,403.73,26.915333333333333,0.5820000000000001,1,Frequent High-Value Users
CUST_02468,21,838.4,39.923809523809524,39.476190476190474,497.02,23.66761904761905,0.5847619047619047,1,Frequent High-Value Users
CUST_02469,14,665.9,47.56428571428571,35.42857142857143,386.0,27.571428571428573,0.5714285714285714,1,Frequent High-Value Users
CUST_02470,15,845.0,56.333333333333336,28.266666666666666,459.26,30.61733333333333,0.5446666666666666,1,Frequent High-Value Users
CUST_02471,20,893.1,44.655,39.65,535.72,26.786,0.596,1,Frequent High-Value Users
CUST_02472,15,707.9,47.193333333333335,29.533333333333335,435.42,29.028000000000002,0.6166666666666667,1,Frequent High-Value Users
CUST_02473,20,914.6,45.730000000000004,34.65,524.25,26.2125,0.573,1,Frequent High-Value Users
CUST_02474,18,911.8,50.65555555555555,32.888888888888886,561.82,31.212222222222223,0.6144444444444445,1,Frequent High-Value Users
CUST_02475,25,1022.3,40.891999999999996,39.8,599.67,23.9868,0.59,1,Frequent High-Value Users
CUST_02476,15,720.6,48.04,33.666666666666664,396.95,26.46333333333333,0.5453333333333333,1,Frequent High-Value Users
CUST_02477,15,720.9,48.059999999999995,33.93333333333333,408.08,27.205333333333332,0.5613333333333334,1,Frequent High-Value Users
CUST_02478,22,952.3,43.28636363636363,39.63636363636363,554.94,25.224545454545456,0.5881818181818181,1,Frequent High-Value Users
CUST_02479,15,681.5,45.43333333333333,37.0,414.32,27.621333333333332,0.606,1,Frequent High-Value Users
CUST_02480,22,960.9,43.67727272727273,38.13636363636363,564.29,25.649545454545454,0.5913636363636363,1,Frequent High-Value Users
CUST_02481,21,940.7,44.7952380952381,35.904761904761905,577.08,27.48,0.6119047619047618,1,Frequent High-Value Users
CUST_02482,23,1095.4,47.626086956521746,35.69565217391305,666.64,28.984347826086957,0.6004347826086956,1,Frequent High-Value Users
CUST_02483,23,1104.9,48.039130434782614,34.43478260869565,626.98,27.26,0.5726086956521739,1,Frequent High-Value Users
CUST_02484,19,898.8,47.305263157894736,33.26315789473684,518.5699999999999,27.29315789473684,0.5763157894736842,1,Frequent High-Value Users
CUST_02485,23,1133.2,49.2695652173913,32.52173913043478,657.23,28.57521739130435,0.5739130434782609,1,Frequent High-Value Users
CUST_02486,27,1468.4,54.385185185185186,30.88888888888889,892.62,33.06,0.6096296296296296,1,Frequent High-Value Users
CUST_02487,16,855.4,53.4625,32.1875,502.92,31.4325,0.579375,1,Frequent High-Value Users
CUST_02488,18,823.9,45.77222222222222,34.77777777777778,501.42,27.85666666666667,0.6116666666666667,1,Frequent High-Value Users
CUST_02489,16,783.0,48.9375,33.4375,486.18,30.38625,0.620625,1,Frequent High-Value Users
CUST_02490,19,889.9,46.83684210526316,35.36842105263158,533.0,28.05263157894737,0.5973684210526315,1,Frequent High-Value Users
CUST_02491,22,980.3,44.559090909090905,38.86363636363637,569.77,25.898636363636363,0.5740909090909091,1,Frequent High-Value Users
CUST_02492,20,899.8,44.989999999999995,37.15,529.3100000000001,26.465500000000002,0.589,1,Frequent High-Value Users
CUST_02493,22,1055.6,47.98181818181818,34.95454545454545,631.4,28.7,0.6013636363636364,1,Frequent High-Value Users
CUST_02494,16,657.6,41.1,39.125,369.53,23.095625,0.573125,1,Frequent High-Value Users
CUST_02495,13,507.9,39.06923076923077,40.46153846153846,311.78,23.983076923076922,0.6130769230769231,1,Frequent High-Value Users
CUST_02496,14,744.6,53.18571428571429,28.285714285714285,440.3,31.45,0.5885714285714286,1,Frequent High-Value Users
CUST_02497,29,1317.0,45.41379310344828,34.724137931034484,767.78,26.475172413793103,0.5851724137931034,1,Frequent High-Value Users
CUST_02498,11,424.6,38.6,41.63636363636363,254.47,23.133636363636363,0.5927272727272728,1,Frequent High-Value Users
CUST_02499,23,1095.9,47.64782608695653,34.130434782608695,654.78,28.468695652173913,0.5973913043478261,1,Frequent High-Value Users
CUST_02500,22,1022.2,46.46363636363637,33.0,617.41,28.064090909090908,0.605,1,Frequent High-Value Users
CUST_02501,13,601.8,46.29230769230769,35.46153846153846,355.99,27.383846153846154,0.5969230769230769,1,Frequent High-Value Users
CUST_02502,16,582.7,36.41875,42.75,338.92,21.1825,0.58375,1,Frequent High-Value Users
CUST_02503,16,671.2,41.95,41.3125,401.15000000000003,25.071875000000002,0.599375,1,Frequent High-Value Users
CUST_02504,16,796.8,49.8,33.125,470.55,29.409375,0.589375,1,Frequent High-Value Users
CUST_02505,19,785.8,41.357894736842105,35.26315789473684,457.23,24.064736842105265,0.5815789473684211,1,Frequent High-Value Users
CUST_02506,19,913.6,48.08421052631579,29.789473684210527,536.29,28.22578947368421,0.5857894736842105,1,Frequent High-Value Users
CUST_02507,19,914.8,48.147368421052626,35.94736842105263,522.66,27.508421052631576,0.5794736842105263,1,Frequent High-Value Users
CUST_02508,17,815.9,47.99411764705882,34.1764705882353,485.57,28.562941176470588,0.5994117647058823,1,Frequent High-Value Users
CUST_02509,20,831.4,41.57,40.35,469.45,23.4725,0.5625,1,Frequent High-Value Users
CUST_02510,21,935.6,44.55238095238095,36.523809523809526,569.26,27.107619047619046,0.608095238095238,1,Frequent High-Value Users
CUST_02511,18,779.8,43.32222222222222,34.388888888888886,464.62,25.81222222222222,0.5944444444444444,1,Frequent High-Value Users
CUST_02512,14,622.2,44.44285714285714,35.285714285714285,352.3,25.164285714285715,0.5614285714285715,1,Frequent High-Value Users
CUST_02513,13,633.6,48.73846153846154,38.15384615384615,387.0,29.76923076923077,0.6084615384615385,1,Frequent High-Value Users
CUST_02514,14,619.0,44.214285714285715,34.357142857142854,368.99,26.356428571428573,0.5914285714285714,1,Frequent High-Value Users
CUST_02515,22,947.8,43.08181818181818,38.18181818181818,576.58,26.20818181818182,0.600909090909091,1,Frequent High-Value Users
CUST_02516,20,909.4,45.47,34.5,526.36,26.318,0.583,1,Frequent High-Value Users
CUST_02517,19,883.0,46.473684210526315,41.0,525.11,27.63736842105263,0.5873684210526315,1,Frequent High-Value Users
CUST_02518,21,1096.8,52.22857142857143,30.285714285714285,645.69,30.747142857142858,0.5866666666666667,1,Frequent High-Value Users
CUST_02519,25,1163.2,46.528,34.12,704.26,28.1704,0.6064,1,Frequent High-Value Users
CUST_02520,21,997.2,47.48571428571429,35.095238095238095,566.17,26.96047619047619,0.5685714285714285,1,Frequent High-Value Users
CUST_02521,18,953.0,52.94444444444444,29.5,549.13,30.50722222222222,0.581111111111111,1,Frequent High-Value Users
CUST_02522,17,846.1,49.77058823529412,32.1764705882353,502.09,29.534705882352938,0.5970588235294118,1,Frequent High-Value Users
CUST_02523,18,878.5,48.80555555555556,35.27777777777778,499.77,27.765,0.5683333333333334,1,Frequent High-Value Users
CUST_02524,24,1066.6,44.44166666666666,35.791666666666664,640.19,26.674583333333334,0.59875,1,Frequent High-Value Users
CUST_02525,16,892.3,55.76875,28.5,536.05,33.503125,0.59875,1,Frequent High-Value Users
CUST_02526,13,630.5,48.5,33.38461538461539,367.58,28.275384615384613,0.5838461538461538,1,Frequent High-Value Users
CUST_02527,20,924.7,46.235,35.05,549.41,27.470499999999998,0.5905,1,Frequent High-Value Users
CUST_02528,12,604.1,50.34166666666667,33.5,364.05,30.337500000000002,0.605,1,Frequent High-Value Users
CUST_02529,16,767.8,47.9875,33.0625,439.61,27.475625,0.58,1,Frequent High-Value Users
CUST_02530,12,538.3,44.85833333333333,38.25,316.18,26.348333333333333,0.5875,1,Frequent High-Value Users
CUST_02531,21,856.4,40.78095238095238,36.80952380952381,481.3,22.91904761904762,0.5595238095238095,1,Frequent High-Value Users
CUST_02532,22,1173.5,53.34090909090909,29.454545454545453,689.79,31.354090909090907,0.595,1,Frequent High-Value Users
CUST_02533,28,1259.1,44.96785714285714,36.32142857142857,755.89,26.99607142857143,0.6046428571428571,1,Frequent High-Value Users
CUST_02534,17,883.8,51.98823529411764,31.058823529411764,549.54,32.32588235294117,0.6158823529411765,1,Frequent High-Value Users
CUST_02535,17,825.7,48.57058823529412,32.294117647058826,467.3,27.488235294117647,0.5605882352941176,1,Frequent High-Value Users
CUST_02536,20,993.4,49.67,37.55,601.13,30.0565,0.61,1,Frequent High-Value Users
CUST_02537,18,823.6,45.75555555555556,35.5,478.98,26.61,0.5833333333333334,1,Frequent High-Value Users
CUST_02538,21,862.0,41.04761904761905,40.523809523809526,513.31,24.44333333333333,0.5947619047619048,1,Frequent High-Value Users
CUST_02539,17,865.1,50.88823529411765,31.88235294117647,482.12,28.36,0.5635294117647058,1,Frequent High-Value Users
CUST_02540,22,922.7,41.940909090909095,40.72727272727273,568.0,25.818181818181817,0.6045454545454546,1,Frequent High-Value Users
CUST_02541,20,994.3,49.714999999999996,30.35,587.89,29.3945,0.592,1,Frequent High-Value Users
CUST_02542,20,839.5,41.975,39.65,496.82,24.841,0.596,1,Frequent High-Value Users
CUST_02543,14,655.0,46.785714285714285,31.714285714285715,381.44,27.245714285714286,0.5835714285714285,1,Frequent High-Value Users
CUST_02544,16,798.8,49.925,32.625,471.21,29.450625,0.585,1,Frequent High-Value Users
CUST_02545,17,883.1,51.94705882352941,32.294117647058826,530.8,31.2235294117647,0.6052941176470588,1,Frequent High-Value Users
CUST_02546,9,478.8,53.2,28.88888888888889,290.94,32.32666666666667,0.6077777777777778,1,Frequent High-Value Users
CUST_02547,20,921.5,46.075,35.1,560.5699999999999,28.028499999999998,0.6115,1,Frequent High-Value Users
CUST_02548,14,705.2,50.371428571428574,29.785714285714285,438.82,31.344285714285714,0.6135714285714285,1,Frequent High-Value Users
CUST_02549,19,884.9,46.57368421052632,32.31578947368421,506.75,26.67105263157895,0.578421052631579,1,Frequent High-Value Users
CUST_02550,20,814.2,40.71,39.6,484.96999999999997,24.2485,0.5890000000000001,1,Frequent High-Value Users
CUST_02551,25,1116.8,44.672,35.44,662.3,26.491999999999997,0.5924,1,Frequent High-Value Users
CUST_02552,28,1204.0,43.0,42.035714285714285,684.9,24.460714285714285,0.5671428571428571,1,Frequent High-Value Users
CUST_02553,23,1011.2,43.96521739130435,37.21739130434783,605.65,26.332608695652173,0.6008695652173913,1,Frequent High-Value Users
CUST_02554,16,737.4,46.0875,35.75,426.49,26.655625,0.571875,1,Frequent High-Value Users
CUST_02555,17,775.1,45.59411764705882,35.588235294117645,459.5,27.029411764705884,0.591764705882353,1,Frequent High-Value Users
CUST_02556,14,585.9,41.85,39.214285714285715,339.91,24.279285714285717,0.5857142857142856,1,Frequent High-Value Users
CUST_02557,8,383.9,47.9875,26.625,216.37,27.04625,0.565,1,Frequent High-Value Users
CUST_02558,14,572.3,40.878571428571426,37.857142857142854,344.31,24.59357142857143,0.6035714285714285,1,Frequent High-Value Users
CUST_02559,22,987.7,44.89545454545455,35.86363636363637,620.98,28.226363636363637,0.6154545454545454,1,Frequent High-Value Users
CUST_02560,14,638.2,45.58571428571429,33.0,363.66,25.975714285714286,0.5599999999999999,1,Frequent High-Value Users
CUST_02561,17,777.6,45.741176470588236,34.411764705882355,467.0,27.470588235294116,0.6,1,Frequent High-Value Users
CUST_02562,13,631.1,48.54615384615385,32.69230769230769,377.83,29.063846153846153,0.5976923076923076,1,Frequent High-Value Users
CUST_02563,9,483.4,53.71111111111111,36.0,289.5,32.166666666666664,0.5944444444444444,1,Frequent High-Value Users
CUST_02564,19,835.6,43.97894736842105,38.31578947368421,478.15000000000003,25.165789473684214,0.5747368421052631,1,Frequent High-Value Users
CUST_02565,14,679.0,48.5,33.785714285714285,401.27,28.662142857142857,0.6021428571428571,1,Frequent High-Value Users
CUST_02566,24,1276.2,53.175000000000004,29.041666666666668,746.27,31.094583333333333,0.5866666666666667,1,Frequent High-Value Users
CUST_02567,17,816.6,48.03529411764706,35.35294117647059,487.36,28.668235294117647,0.5970588235294118,1,Frequent High-Value Users
CUST_02568,15,812.4,54.16,33.4,464.57,30.971333333333334,0.5806666666666668,1,Frequent High-Value Users
CUST_02569,19,921.6,48.50526315789474,31.05263157894737,555.43,29.233157894736838,0.61,1,Frequent High-Value Users
CUST_02570,24,996.0,41.5,38.125,576.1,24.004166666666666,0.5766666666666667,1,Frequent High-Value Users
CUST_02571,28,1270.0,45.357142857142854,37.32142857142857,745.13,26.611785714285713,0.5875,1,Frequent High-Value Users
CUST_02572,27,1224.2,45.34074074074074,33.48148148148148,729.0600000000001,27.002222222222226,0.592962962962963,1,Frequent High-Value Users
CUST_02573,22,1109.3,50.42272727272727,32.22727272727273,664.25,30.193181818181817,0.5945454545454546,1,Frequent High-Value Users
CUST_02574,20,970.4,48.519999999999996,34.35,577.58,28.879,0.5980000000000001,1,Frequent High-Value Users
CUST_02575,13,612.7,47.13076923076923,34.46153846153846,356.62,27.432307692307692,0.5792307692307692,1,Frequent High-Value Users
CUST_02576,19,965.8,50.83157894736842,34.1578947368421,537.48,28.28842105263158,0.5589473684210526,1,Frequent High-Value Users
CUST_02577,14,703.4,50.24285714285714,30.357142857142858,418.49,29.892142857142858,0.5928571428571429,1,Frequent High-Value Users
CUST_02578,21,1072.4,51.06666666666667,28.19047619047619,624.51,29.73857142857143,0.5885714285714285,1,Frequent High-Value Users
CUST_02579,13,576.2,44.323076923076925,32.38461538461539,328.18,25.244615384615386,0.573076923076923,1,Frequent High-Value Users
CUST_02580,11,594.1,54.00909090909091,28.454545454545453,352.37,32.03363636363636,0.6000000000000001,1,Frequent High-Value Users
CUST_02581,20,1010.5,50.525,31.5,594.65,29.732499999999998,0.5810000000000001,1,Frequent High-Value Users
CUST_02582,17,897.8,52.811764705882354,27.352941176470587,528.84,31.108235294117648,0.5876470588235294,1,Frequent High-Value Users
CUST_02583,19,939.7,49.45789473684211,35.78947368421053,544.07,28.63526315789474,0.578421052631579,1,Frequent High-Value Users
CUST_02584,17,773.5,45.5,38.35294117647059,447.95,26.349999999999998,0.5811764705882353,1,Frequent High-Value Users
CUST_02585,23,1136.5,49.41304347826087,33.78260869565217,690.98,30.042608695652174,0.6021739130434782,1,Frequent High-Value Users
CUST_02586,17,782.2,46.01176470588236,37.411764705882355,473.5,27.852941176470587,0.6076470588235294,1,Frequent High-Value Users
CUST_02587,25,1136.9,45.476000000000006,36.64,663.45,26.538,0.5832,1,Frequent High-Value Users
CUST_02588,20,865.2,43.260000000000005,37.95,499.90999999999997,24.9955,0.5780000000000001,1,Frequent High-Value Users
CUST_02589,19,789.0,41.526315789473685,38.78947368421053,456.94,24.049473684210525,0.5810526315789474,1,Frequent High-Value Users
CUST_02590,17,841.0,49.470588235294116,34.8235294117647,482.68,28.39294117647059,0.5770588235294118,1,Frequent High-Value Users
CUST_02591,20,931.4,46.57,31.5,539.4399999999999,26.971999999999998,0.576,1,Frequent High-Value Users
CUST_02592,14,642.3,45.878571428571426,36.214285714285715,403.39,28.81357142857143,0.6114285714285714,1,Frequent High-Value Users
CUST_02593,19,844.1,44.42631578947368,38.68421052631579,519.1800000000001,27.32526315789474,0.6178947368421053,1,Frequent High-Value Users
CUST_02594,14,624.1,44.57857142857143,36.92857142857143,367.83,26.273571428571426,0.6,1,Frequent High-Value Users
CUST_02595,15,610.7,40.71333333333334,42.266666666666666,360.53999999999996,24.035999999999998,0.5886666666666667,1,Frequent High-Value Users
CUST_02596,18,766.8,42.599999999999994,36.111111111111114,454.65999999999997,25.258888888888887,0.5977777777777777,1,Frequent High-Value Users
CUST_02597,17,776.6,45.682352941176475,35.88235294117647,454.45,26.73235294117647,0.5852941176470587,1,Frequent High-Value Users
CUST_02598,26,1210.1,46.54230769230769,34.26923076923077,729.9,28.073076923076922,0.6007692307692308,1,Frequent High-Value Users
CUST_02599,18,914.7,50.81666666666667,32.333333333333336,534.28,29.682222222222222,0.585,1,Frequent High-Value Users
CUST_02600,17,877.1,51.59411764705882,29.705882352941178,514.3,30.252941176470586,0.5888235294117647,1,Frequent High-Value Users
CUST_02601,17,698.9,41.11176470588235,38.35294117647059,405.27,23.839411764705883,0.5776470588235294,1,Frequent High-Value Users
CUST_02602,19,853.3,44.91052631578947,35.473684210526315,504.51,26.55315789473684,0.5968421052631578,1,Frequent High-Value Users
CUST_02603,19,961.3,50.59473684210526,32.05263157894737,586.79,30.883684210526315,0.6047368421052631,1,Frequent High-Value Users
CUST_02604,17,798.4,46.96470588235294,33.705882352941174,467.94,27.525882352941178,0.5788235294117647,1,Frequent High-Value Users
CUST_02605,12,609.6,50.800000000000004,31.583333333333332,370.35,30.8625,0.6075,1,Frequent High-Value Users
CUST_02606,18,762.9,42.38333333333333,38.77777777777778,437.82,24.323333333333334,0.5722222222222223,1,Frequent High-Value Users
CUST_02607,15,857.8,57.18666666666666,30.466666666666665,515.0,34.333333333333336,0.6080000000000001,1,Frequent High-Value Users
CUST_02608,25,1324.8,52.992,30.52,777.93,31.117199999999997,0.5836,1,Frequent High-Value Users
CUST_02609,12,527.5,43.958333333333336,31.5,302.05,25.170833333333334,0.5783333333333333,1,Frequent High-Value Users
CUST_02610,21,1014.2,48.2952380952381,33.95238095238095,573.5,27.30952380952381,0.569047619047619,1,Frequent High-Value Users
CUST_02611,16,733.2,45.825,38.0,423.74,26.48375,0.570625,1,Frequent High-Value Users
CUST_02612,22,873.1,39.68636363636364,41.45454545454545,515.44,23.429090909090913,0.595,1,Frequent High-Value Users
CUST_02613,20,949.5,47.475,30.6,562.24,28.112000000000002,0.591,1,Frequent High-Value Users
CUST_02614,20,980.3,49.015,35.3,587.29,29.3645,0.5945,1,Frequent High-Value Users
CUST_02615,16,671.7,41.98125,36.625,406.02,25.37625,0.604375,1,Frequent High-Value Users
CUST_02616,13,509.4,39.184615384615384,41.0,304.02,23.386153846153846,0.59,1,Frequent High-Value Users
CUST_02617,15,803.0,53.53333333333333,32.333333333333336,477.44,31.829333333333334,0.596,1,Frequent High-Value Users
CUST_02618,16,743.2,46.45,36.1875,427.99,26.749375,0.5675,1,Frequent High-Value Users
CUST_02619,17,872.0,51.294117647058826,35.94117647058823,477.48,28.087058823529414,0.5488235294117647,1,Frequent High-Value Users
CUST_02620,19,867.3,45.647368421052626,36.78947368421053,492.88,25.94105263157895,0.5710526315789474,1,Frequent High-Value Users
CUST_02621,20,959.0,47.95,34.65,575.59,28.779500000000002,0.597,1,Frequent High-Value Users
CUST_02622,21,1041.5,49.595238095238095,33.04761904761905,608.42,28.972380952380952,0.5857142857142857,1,Frequent High-Value Users
CUST_02623,13,656.8,50.52307692307692,30.615384615384617,393.0,30.23076923076923,0.6015384615384616,1,Frequent High-Value Users
CUST_02624,17,780.0,45.88235294117647,39.11764705882353,470.55,27.679411764705883,0.5958823529411764,1,Frequent High-Value Users
CUST_02625,15,728.2,48.54666666666667,30.533333333333335,423.1,28.206666666666667,0.5813333333333334,1,Frequent High-Value Users
CUST_02626,16,868.7,54.29375,29.75,535.54,33.47125,0.613125,1,Frequent High-Value Users
CUST_02627,13,596.0,45.84615384615385,35.53846153846154,338.29,26.022307692307695,0.5753846153846154,1,Frequent High-Value Users
CUST_02628,25,988.1,39.524,42.32,582.68,23.307199999999998,0.5912000000000001,1,Frequent High-Value Users
CUST_02629,25,1174.5,46.98,33.8,669.46,26.7784,0.5712,1,Frequent High-Value Users
CUST_02630,24,939.5,39.145833333333336,41.083333333333336,558.8299999999999,23.28458333333333,0.5975,1,Frequent High-Value Users
CUST_02631,18,783.2,43.51111111111111,36.611111111111114,452.42,25.134444444444444,0.5761111111111111,1,Frequent High-Value Users
CUST_02632,25,1213.6,48.544,32.6,715.91,28.6364,0.5851999999999999,1,Frequent High-Value Users
CUST_02633,19,1025.7,53.98421052631579,31.57894736842105,619.27,32.59315789473684,0.6026315789473684,1,Frequent High-Value Users
CUST_02634,21,881.7,41.98571428571429,40.0,529.39,25.209047619047617,0.599047619047619,1,Frequent High-Value Users
CUST_02635,25,1148.1,45.924,35.0,678.77,27.1508,0.5904,1,Frequent High-Value Users
CUST_02636,25,1161.2,46.448,34.96,713.95,28.558000000000003,0.6175999999999999,1,Frequent High-Value Users
CUST_02637,20,895.8,44.79,38.3,517.48,25.874000000000002,0.5845,1,Frequent High-Value Users
CUST_02638,13,525.6,40.43076923076923,39.92307692307692,331.75,25.51923076923077,0.6230769230769231,1,Frequent High-Value Users
CUST_02639,21,885.9,42.18571428571428,40.285714285714285,542.9,25.85238095238095,0.61,1,Frequent High-Value Users
CUST_02640,15,768.7,51.24666666666667,33.666666666666664,462.56,30.837333333333333,0.6,1,Frequent High-Value Users
CUST_02641,19,890.1,46.847368421052636,35.05263157894737,509.37,26.80894736842105,0.5836842105263158,1,Frequent High-Value Users
CUST_02642,17,865.0,50.88235294117647,33.588235294117645,526.31,30.95941176470588,0.6123529411764705,1,Frequent High-Value Users
CUST_02643,17,875.6,51.50588235294118,31.0,519.76,30.574117647058824,0.591764705882353,1,Frequent High-Value Users
CUST_02644,20,949.2,47.46,37.0,555.94,27.797000000000004,0.5940000000000001,1,Frequent High-Value Users
CUST_02645,16,834.6,52.1625,27.3125,482.27,30.141875,0.576875,1,Frequent High-Value Users
CUST_02646,19,858.0,45.1578947368421,31.157894736842106,523.49,27.552105263157895,0.6036842105263158,1,Frequent High-Value Users
CUST_02647,18,863.4,47.96666666666667,34.0,515.41,28.633888888888887,0.5894444444444444,1,Frequent High-Value Users
CUST_02648,20,844.9,42.245,41.35,509.38,25.469,0.6,1,Frequent High-Value Users
CUST_02649,22,936.4,42.56363636363636,36.5,556.62,25.30090909090909,0.5931818181818183,1,Frequent High-Value Users
CUST_02650,10,562.0,56.2,30.7,330.53000000000003,33.053000000000004,0.5850000000000001,1,Frequent High-Value Users
CUST_02651,18,814.0,45.22222222222222,34.166666666666664,459.34000000000003,25.518888888888892,0.5605555555555556,1,Frequent High-Value Users
CUST_02652,22,1047.5,47.61363636363637,33.09090909090909,589.28,26.785454545454545,0.5740909090909091,1,Frequent High-Value Users
CUST_02653,12,429.0,35.75,42.833333333333336,252.19,21.015833333333333,0.5866666666666667,1,Frequent High-Value Users
CUST_02654,16,641.8,40.1125,39.5625,378.53999999999996,23.658749999999998,0.585,1,Frequent High-Value Users
CUST_02655,15,709.5,47.3,35.86666666666667,429.65999999999997,28.644,0.6146666666666667,1,Frequent High-Value Users
CUST_02656,20,970.1,48.505,37.25,541.23,27.061500000000002,0.5559999999999999,1,Frequent High-Value Users
CUST_02657,19,887.2,46.694736842105264,33.526315789473685,527.34,27.754736842105263,0.5910526315789474,1,Frequent High-Value Users
CUST_02658,24,1294.9,53.95416666666667,30.625,795.06,33.1275,0.6141666666666666,1,Frequent High-Value Users
CUST_02659,13,632.0,48.61538461538461,35.07692307692308,366.54,28.19538461538462,0.5892307692307692,1,Frequent High-Value Users
CUST_02660,12,634.8000000000001,52.900000000000006,29.833333333333332,382.65,31.8875,0.5883333333333334,1,Frequent High-Value Users
CUST_02661,19,829.8,43.67368421052631,34.21052631578947,499.14,26.27052631578947,0.5994736842105264,1,Frequent High-Value Users
CUST_02662,16,773.0,48.3125,31.875,461.7,28.85625,0.59875,1,Frequent High-Value Users
CUST_02663,21,1006.4,47.923809523809524,35.19047619047619,592.28,28.20380952380952,0.5947619047619048,1,Frequent High-Value Users
CUST_02664,21,1092.2,52.00952380952381,32.80952380952381,631.66,30.079047619047618,0.5828571428571429,1,Frequent High-Value Users
CUST_02665,14,749.5,53.535714285714285,31.357142857142858,451.2,32.22857142857143,0.5985714285714285,1,Frequent High-Value Users
CUST_02666,21,1145.0,54.523809523809526,29.952380952380953,682.03,32.477619047619044,0.5919047619047619,1,Frequent High-Value Users
CUST_02667,14,601.4,42.957142857142856,35.214285714285715,350.06,25.004285714285714,0.5828571428571429,1,Frequent High-Value Users
CUST_02668,21,901.5,42.92857142857143,36.857142857142854,515.55,24.549999999999997,0.5757142857142857,1,Frequent High-Value Users
CUST_02669,18,772.8,42.93333333333333,36.05555555555556,451.76,25.09777777777778,0.5866666666666667,1,Frequent High-Value Users
CUST_02670,19,980.8,51.62105263157895,34.473684210526315,578.35,30.439473684210526,0.5963157894736842,1,Frequent High-Value Users
CUST_02671,21,1081.8,51.51428571428571,29.285714285714285,621.74,29.606666666666666,0.5666666666666667,1,Frequent High-Value Users
CUST_02672,25,1178.5,47.14,35.8,729.25,29.17,0.6116,1,Frequent High-Value Users
CUST_02673,19,854.1,44.95263157894737,39.89473684210526,500.83,26.359473684210524,0.5857894736842105,1,Frequent High-Value Users
CUST_02674,15,705.0,47.0,34.666666666666664,430.97,28.731333333333335,0.6046666666666667,1,Frequent High-Value Users
CUST_02675,17,875.0,51.470588235294116,30.58823529411765,497.23,29.248823529411766,0.571764705882353,1,Frequent High-Value Users
CUST_02676,14,571.1,40.792857142857144,37.92857142857143,335.32,23.951428571428572,0.5892857142857143,1,Frequent High-Value Users
CUST_02677,13,582.9,44.83846153846154,36.23076923076923,340.6,26.200000000000003,0.5892307692307692,1,Frequent High-Value Users
CUST_02678,22,1028.0,46.72727272727273,31.136363636363637,606.55,27.57045454545454,0.59,1,Frequent High-Value Users
CUST_02679,19,906.9,47.73157894736842,35.26315789473684,553.88,29.15157894736842,0.6010526315789474,1,Frequent High-Value Users
CUST_02680,14,699.2,49.94285714285714,33.785714285714285,407.23,29.087857142857143,0.5857142857142856,1,Frequent High-Value Users
CUST_02681,13,722.7,55.5923076923077,27.53846153846154,412.92,31.763076923076923,0.5776923076923077,1,Frequent High-Value Users
CUST_02682,18,817.9,45.43888888888889,38.94444444444444,470.21000000000004,26.12277777777778,0.58,1,Frequent High-Value Users
CUST_02683,24,1053.8,43.90833333333333,39.083333333333336,618.95,25.789583333333336,0.5933333333333334,1,Frequent High-Value Users
CUST_02684,20,847.7,42.385000000000005,37.6,512.97,25.648500000000002,0.6144999999999999,1,Frequent High-Value Users
CUST_02685,15,782.0,52.13333333333333,30.533333333333335,498.49,33.23266666666667,0.6386666666666667,1,Frequent High-Value Users
CUST_02686,15,792.7,52.84666666666667,30.333333333333332,480.15999999999997,32.010666666666665,0.6,1,Frequent High-Value Users
CUST_02687,15,634.5,42.3,40.733333333333334,389.71000000000004,25.980666666666668,0.6206666666666667,1,Frequent High-Value Users
CUST_02688,20,1071.3,53.565,30.0,638.04,31.901999999999997,0.5995,1,Frequent High-Value Users
CUST_02689,17,756.8,44.51764705882353,36.11764705882353,425.09,25.005294117647058,0.571764705882353,1,Frequent High-Value Users
CUST_02690,20,1006.0,50.3,33.4,605.33,30.2665,0.5985,1,Frequent High-Value Users
CUST_02691,15,730.7,48.71333333333334,31.933333333333334,407.62,27.174666666666667,0.5673333333333334,1,Frequent High-Value Users
CUST_02692,20,1088.4,54.42,30.3,678.1,33.905,0.627,1,Frequent High-Value Users
CUST_02693,20,939.5,46.975,35.1,579.3,28.964999999999996,0.618,1,Frequent High-Value Users
CUST_02694,18,752.0,41.77777777777778,36.833333333333336,429.8,23.87777777777778,0.575,1,Frequent High-Value Users
CUST_02695,13,596.6,45.892307692307696,34.23076923076923,334.37,25.720769230769232,0.5792307692307692,1,Frequent High-Value Users
CUST_02696,21,963.1,45.86190476190476,34.285714285714285,584.12,27.815238095238094,0.6104761904761905,1,Frequent High-Value Users
CUST_02697,16,688.7,43.04375,36.625,405.99,25.374375,0.585625,1,Frequent High-Value Users
CUST_02698,28,1354.0,48.357142857142854,33.82142857142857,772.13,27.576071428571428,0.5750000000000001,1,Frequent High-Value Users
CUST_02699,20,882.0,44.1,35.95,514.79,25.7395,0.5875,1,Frequent High-Value Users
CUST_02700,19,873.8,45.98947368421052,35.73684210526316,523.46,27.550526315789476,0.5973684210526315,1,Frequent High-Value Users
CUST_02701,18,830.6,46.144444444444446,35.72222222222222,476.58000000000004,26.47666666666667,0.5688888888888889,1,Frequent High-Value Users
CUST_02702,10,495.9,49.589999999999996,30.1,291.56,29.156,0.58,1,Frequent High-Value Users
CUST_02703,19,819.1,43.11052631578948,35.94736842105263,480.12,25.269473684210528,0.5963157894736842,1,Frequent High-Value Users
CUST_02704,24,1011.3000000000001,42.1375,39.416666666666664,633.23,26.384583333333335,0.6241666666666666,1,Frequent High-Value Users
CUST_02705,18,819.8,45.544444444444444,36.333333333333336,469.07,26.059444444444445,0.5822222222222222,1,Frequent High-Value Users
CUST_02706,23,985.0,42.82608695652174,38.65217391304348,605.92,26.344347826086956,0.61,1,Frequent High-Value Users
CUST_02707,13,604.7,46.51538461538462,35.61538461538461,367.58,28.275384615384613,0.6123076923076923,1,Frequent High-Value Users
CUST_02708,19,756.2,39.800000000000004,41.05263157894737,444.01,23.36894736842105,0.5857894736842105,1,Frequent High-Value Users
CUST_02709,15,624.7,41.64666666666667,37.333333333333336,351.69,23.446,0.5666666666666667,1,Frequent High-Value Users
CUST_02710,15,800.5,53.36666666666667,32.0,459.69,30.646,0.5820000000000001,1,Frequent High-Value Users
CUST_02711,17,825.7,48.57058823529412,35.8235294117647,479.63,28.213529411764707,0.5847058823529412,1,Frequent High-Value Users
CUST_02712,17,947.9,55.758823529411764,26.88235294117647,543.99,31.999411764705883,0.5794117647058823,1,Frequent High-Value Users
CUST_02713,13,588.8,45.29230769230769,37.38461538461539,343.33,26.41,0.5884615384615385,1,Frequent High-Value Users
CUST_02714,30,1376.5,45.88333333333333,37.46666666666667,848.28,28.276,0.6136666666666667,1,Frequent High-Value Users
CUST_02715,17,701.9,41.28823529411765,39.88235294117647,422.76,24.868235294117646,0.6,1,Frequent High-Value Users
CUST_02716,21,1052.0,50.095238095238095,31.238095238095237,594.35,28.302380952380954,0.5733333333333333,1,Frequent High-Value Users
CUST_02717,15,766.9,51.126666666666665,32.8,466.79,31.119333333333334,0.6186666666666666,1,Frequent High-Value Users
CUST_02718,25,1226.9,49.076,32.96,722.99,28.9196,0.5812,1,Frequent High-Value Users
CUST_02719,13,618.5,47.57692307692308,37.53846153846154,352.47,27.113076923076925,0.5807692307692307,1,Frequent High-Value Users
CUST_02720,18,727.6,40.422222222222224,40.72222222222222,421.43,23.412777777777777,0.5816666666666667,1,Frequent High-Value Users
CUST_02721,16,777.9,48.61875,30.3125,459.0,28.6875,0.590625,1,Frequent High-Value Users
CUST_02722,14,619.4,44.24285714285714,35.92857142857143,349.93,24.995,0.5671428571428572,1,Frequent High-Value Users
CUST_02723,21,969.8,46.18095238095238,35.80952380952381,579.11,27.576666666666668,0.6014285714285714,1,Frequent High-Value Users
CUST_02724,17,740.1,43.53529411764706,38.05882352941177,442.32,26.018823529411765,0.5958823529411764,1,Frequent High-Value Users
CUST_02725,21,1000.2,47.62857142857143,36.38095238095238,599.76,28.56,0.5938095238095238,1,Frequent High-Value Users
CUST_02726,21,919.5,43.785714285714285,35.80952380952381,530.38,25.256190476190476,0.5752380952380952,1,Frequent High-Value Users
CUST_02727,10,530.7,53.07000000000001,30.6,298.53,29.852999999999998,0.5690000000000001,1,Frequent High-Value Users
CUST_02728,20,1044.5,52.225,31.8,622.18,31.108999999999998,0.596,1,Frequent High-Value Users
CUST_02729,15,657.3,43.82,37.266666666666666,382.08,25.471999999999998,0.5760000000000001,1,Frequent High-Value Users
CUST_02730,26,1215.6,46.75384615384615,35.84615384615385,703.87,27.071923076923078,0.578076923076923,1,Frequent High-Value Users
CUST_02731,12,522.0,43.5,35.5,304.0,25.333333333333332,0.5791666666666667,1,Frequent High-Value Users
CUST_02732,18,942.5,52.361111111111114,35.166666666666664,559.98,31.11,0.5922222222222222,1,Frequent High-Value Users
CUST_02733,18,807.5,44.861111111111114,37.333333333333336,479.51,26.639444444444443,0.5905555555555556,1,Frequent High-Value Users
CUST_02734,23,1075.5,46.76086956521739,37.30434782608695,642.77,27.946521739130436,0.5978260869565217,1,Frequent High-Value Users
CUST_02735,18,832.0,46.22222222222222,39.77777777777778,515.06,28.61444444444444,0.6122222222222222,1,Frequent High-Value Users
CUST_02736,19,851.5,44.81578947368421,35.68421052631579,500.0,26.31578947368421,0.5752631578947368,1,Frequent High-Value Users
CUST_02737,17,763.5,44.911764705882355,36.94117647058823,415.56,24.44470588235294,0.5423529411764706,1,Frequent High-Value Users
CUST_02738,22,1017.0,46.22727272727273,38.0,609.92,27.723636363636363,0.5945454545454546,1,Frequent High-Value Users
CUST_02739,17,855.3,50.311764705882354,29.823529411764707,506.88,29.816470588235294,0.5947058823529412,1,Frequent High-Value Users
CUST_02740,23,1060.8,46.12173913043478,37.130434782608695,634.23,27.57521739130435,0.6008695652173913,1,Frequent High-Value Users
CUST_02741,15,641.5,42.766666666666666,37.8,390.54,26.036,0.6106666666666667,1,Frequent High-Value Users
CUST_02742,17,687.1999999999999,40.423529411764704,39.23529411764706,422.55,24.855882352941176,0.6176470588235294,1,Frequent High-Value Users
CUST_02743,14,727.5,51.964285714285715,34.42857142857143,431.98,30.85571428571429,0.5971428571428571,1,Frequent High-Value Users
CUST_02744,15,680.0,45.333333333333336,38.06666666666667,408.25,27.216666666666665,0.6006666666666667,1,Frequent High-Value Users
CUST_02745,22,878.3,39.92272727272727,41.04545454545455,520.89,23.67681818181818,0.5890909090909091,1,Frequent High-Value Users
CUST_02746,21,992.1,47.24285714285715,32.0,601.08,28.622857142857146,0.6066666666666667,1,Frequent High-Value Users
CUST_02747,15,591.7,39.44666666666667,42.93333333333333,347.4,23.16,0.584,1,Frequent High-Value Users
CUST_02748,19,851.2,44.800000000000004,37.421052631578945,500.71999999999997,26.353684210526314,0.5894736842105263,1,Frequent High-Value Users
CUST_02749,17,841.5,49.5,30.941176470588236,500.9,29.46470588235294,0.5994117647058823,1,Frequent High-Value Users
CUST_02750,26,1276.5,49.09615384615385,31.26923076923077,756.38,29.091538461538462,0.5980769230769231,1,Frequent High-Value Users
CUST_02751,17,910.6,53.56470588235294,33.411764705882355,537.37,31.61,0.5952941176470588,1,Frequent High-Value Users
CUST_02752,13,604.3,46.48461538461538,35.69230769230769,344.83,26.525384615384613,0.5723076923076923,1,Frequent High-Value Users
CUST_02753,14,751.7,53.69285714285714,27.642857142857142,428.76,30.625714285714285,0.5750000000000001,1,Frequent High-Value Users
CUST_02754,27,1352.5,50.092592592592595,33.55555555555556,799.13,29.597407407407406,0.5948148148148148,1,Frequent High-Value Users
CUST_02755,18,726.2,40.34444444444445,39.111111111111114,452.49,25.138333333333335,0.6177777777777779,1,Frequent High-Value Users
CUST_02756,19,878.6,46.242105263157896,34.526315789473685,515.23,27.117368421052632,0.5831578947368421,1,Frequent High-Value Users
CUST_02757,24,1077.3,44.887499999999996,36.958333333333336,611.45,25.477083333333336,0.5679166666666667,1,Frequent High-Value Users
CUST_02758,17,804.6,47.32941176470588,34.705882352941174,470.0,27.647058823529413,0.59,1,Frequent High-Value Users
CUST_02759,18,832.2,46.233333333333334,34.666666666666664,519.3,28.849999999999998,0.6166666666666667,1,Frequent High-Value Users
CUST_02760,14,688.5,49.17857142857143,32.57142857142857,404.45,28.889285714285712,0.5842857142857143,1,Frequent High-Value Users
CUST_02761,21,1037.4,49.400000000000006,31.904761904761905,610.79,29.085238095238093,0.5895238095238095,1,Frequent High-Value Users
CUST_02762,21,1036.0,49.333333333333336,32.76190476190476,609.12,29.005714285714287,0.589047619047619,1,Frequent High-Value Users
CUST_02763,17,811.0,47.705882352941174,33.76470588235294,488.40000000000003,28.729411764705883,0.6005882352941176,1,Frequent High-Value Users
CUST_02764,23,1069.3,46.49130434782609,36.65217391304348,610.87,26.559565217391306,0.5817391304347826,1,Frequent High-Value Users
CUST_02765,16,815.8,50.9875,33.25,485.40999999999997,30.338124999999998,0.60875,1,Frequent High-Value Users
CUST_02766,13,722.6,55.58461538461539,26.076923076923077,425.77,32.75153846153846,0.5969230769230769,1,Frequent High-Value Users
CUST_02767,22,907.9,41.268181818181816,38.40909090909091,532.01,24.18227272727273,0.5868181818181818,1,Frequent High-Value Users
CUST_02768,13,551.2,42.400000000000006,38.76923076923077,331.05,25.465384615384615,0.5953846153846154,1,Frequent High-Value Users
CUST_02769,20,801.1,40.055,40.8,475.12,23.756,0.5935,1,Frequent High-Value Users
CUST_02770,14,687.1,49.07857142857143,36.785714285714285,397.12,28.365714285714287,0.5885714285714286,1,Frequent High-Value Users
CUST_02771,17,798.1,46.94705882352941,36.588235294117645,477.99,28.117058823529412,0.6070588235294118,1,Frequent High-Value Users
CUST_02772,18,773.2,42.955555555555556,38.333333333333336,460.52,25.584444444444443,0.5905555555555556,1,Frequent High-Value Users
CUST_02773,23,1190.8,51.77391304347826,31.47826086956522,731.58,31.807826086956524,0.6134782608695651,1,Frequent High-Value Users
CUST_02774,13,687.9,52.91538461538461,31.923076923076923,405.15,31.165384615384614,0.58,1,Frequent High-Value Users
CUST_02775,21,966.2,46.00952380952381,37.61904761904762,574.47,27.35571428571429,0.5952380952380952,1,Frequent High-Value Users
CUST_02776,29,1355.4,46.73793103448276,34.62068965517241,820.0,28.275862068965516,0.5972413793103448,1,Frequent High-Value Users
CUST_02777,18,792.5,44.02777777777778,37.666666666666664,470.77,26.153888888888886,0.5872222222222222,1,Frequent High-Value Users
CUST_02778,24,1103.3,45.97083333333333,36.916666666666664,626.35,26.097916666666666,0.5733333333333334,1,Frequent High-Value Users
CUST_02779,16,752.3000000000001,47.018750000000004,34.75,452.54,28.28375,0.606875,1,Frequent High-Value Users
CUST_02780,13,621.2,47.784615384615385,33.69230769230769,384.04,29.54153846153846,0.6084615384615385,1,Frequent High-Value Users
CUST_02781,18,909.6,50.53333333333333,31.61111111111111,519.72,28.873333333333335,0.5711111111111111,1,Frequent High-Value Users
CUST_02782,16,856.4,53.525,29.125,505.13,31.570625,0.591875,1,Frequent High-Value Users
CUST_02783,13,578.4,44.49230769230769,32.76923076923077,335.26,25.78923076923077,0.583076923076923,1,Frequent High-Value Users
CUST_02784,11,447.6,40.690909090909095,39.09090909090909,268.15,24.377272727272725,0.6036363636363636,1,Frequent High-Value Users
CUST_02785,16,778.4,48.65,32.5,479.82,29.98875,0.613125,1,Frequent High-Value Users
CUST_02786,19,843.1,44.373684210526314,35.68421052631579,493.02,25.948421052631577,0.58,1,Frequent High-Value Users
CUST_02787,17,825.5,48.55882352941177,35.294117647058826,465.7,27.394117647058824,0.5741176470588235,1,Frequent High-Value Users
CUST_02788,23,984.9,42.82173913043478,38.21739130434783,572.29,24.882173913043477,0.5808695652173913,1,Frequent High-Value Users
CUST_02789,14,659.7,47.121428571428574,35.357142857142854,397.86,28.41857142857143,0.6107142857142858,1,Frequent High-Value Users
CUST_02790,19,991.8,52.199999999999996,32.05263157894737,570.71,30.037368421052633,0.5794736842105263,1,Frequent High-Value Users
CUST_02791,16,808.7,50.54375,30.1875,493.15999999999997,30.822499999999998,0.610625,1,Frequent High-Value Users
CUST_02792,20,1047.8,52.39,31.6,617.75,30.8875,0.5925,1,Frequent High-Value Users
CUST_02793,18,957.0,53.166666666666664,30.555555555555557,565.62,31.423333333333332,0.5877777777777777,1,Frequent High-Value Users
CUST_02794,13,524.4,40.33846153846154,39.61538461538461,307.08,23.62153846153846,0.5861538461538461,1,Frequent High-Value Users
CUST_02795,15,703.4,46.89333333333333,37.06666666666667,410.49,27.366,0.594,1,Frequent High-Value Users
CUST_02796,14,653.2,46.65714285714286,36.42857142857143,383.7,27.407142857142855,0.5914285714285714,1,Frequent High-Value Users
CUST_02797,14,696.6,49.75714285714286,32.5,439.36,31.382857142857144,0.6264285714285714,1,Frequent High-Value Users
CUST_02798,29,1301.6,44.88275862068965,36.310344827586206,786.75,27.129310344827587,0.6058620689655172,1,Frequent High-Value Users
CUST_02799,15,644.6,42.973333333333336,37.93333333333333,376.76,25.11733333333333,0.5893333333333334,1,Frequent High-Value Users
CUST_02800,21,1002.5,47.73809523809524,35.666666666666664,590.12,28.100952380952382,0.5904761904761905,1,Frequent High-Value Users
CUST_02801,21,959.5,45.69047619047619,36.38095238095238,559.3,26.633333333333333,0.5866666666666667,1,Frequent High-Value Users
CUST_02802,13,630.4,48.49230769230769,33.38461538461539,364.65,28.049999999999997,0.5784615384615385,1,Frequent High-Value Users
CUST_02803,14,698.0,49.857142857142854,32.92857142857143,422.28,30.162857142857142,0.5992857142857143,1,Frequent High-Value Users
CUST_02804,14,546.0,39.0,41.5,322.46,23.032857142857143,0.5907142857142856,1,Frequent High-Value Users
CUST_02805,23,1093.0,47.52173913043478,35.52173913043478,630.76,27.424347826086954,0.58,1,Frequent High-Value Users
CUST_02806,16,649.7,40.60625,37.375,387.91,24.244375,0.595625,1,Frequent High-Value Users
CUST_02807,13,495.2,38.09230769230769,41.92307692307692,287.13,22.086923076923078,0.5776923076923077,1,Frequent High-Value Users
CUST_02808,20,953.3,47.665,35.85,548.92,27.445999999999998,0.5860000000000001,1,Frequent High-Value Users
CUST_02809,27,1357.3,50.270370370370365,31.962962962962962,801.72,29.693333333333335,0.5903703703703703,1,Frequent High-Value Users
CUST_02810,16,756.8,47.3,31.125,459.14,28.69625,0.60875,1,Frequent High-Value Users
CUST_02811,18,841.9,46.77222222222222,38.77777777777778,492.52,27.362222222222222,0.5811111111111111,1,Frequent High-Value Users
CUST_02812,29,1276.4,44.01379310344828,39.03448275862069,755.51,26.05206896551724,0.5920689655172413,1,Frequent High-Value Users
CUST_02813,27,1279.1,47.37407407407407,33.407407407407405,721.92,26.737777777777776,0.5748148148148148,1,Frequent High-Value Users
CUST_02814,15,757.6,50.50666666666667,32.266666666666666,446.46,29.764,0.5886666666666667,1,Frequent High-Value Users
CUST_02815,28,1227.8,43.85,36.92857142857143,738.79,26.385357142857142,0.595,1,Frequent High-Value Users
CUST_02816,16,678.5,42.40625,39.8125,373.24,23.3275,0.5493750000000001,1,Frequent High-Value Users
CUST_02817,18,911.1,50.61666666666667,30.0,564.68,31.37111111111111,0.6166666666666667,1,Frequent High-Value Users
CUST_02818,20,877.4,43.87,38.5,524.08,26.204,0.6005,1,Frequent High-Value Users
CUST_02819,22,998.6,45.39090909090909,36.72727272727273,589.78,26.80818181818182,0.5972727272727273,1,Frequent High-Value Users
CUST_02820,16,695.1,43.44375,39.0,409.45,25.590625,0.605,1,Frequent High-Value Users
CUST_02821,22,1015.0,46.13636363636363,35.68181818181818,597.81,27.173181818181817,0.595,1,Frequent High-Value Users
CUST_02822,20,1054.2,52.71,33.95,630.54,31.526999999999997,0.5925,1,Frequent High-Value Users
CUST_02823,25,1202.0,48.08,37.2,697.34,27.893600000000003,0.5771999999999999,1,Frequent High-Value Users
CUST_02824,24,1116.9,46.5375,39.166666666666664,677.58,28.2325,0.615,1,Frequent High-Value Users
CUST_02825,3,152.7,50.9,29.333333333333332,93.07,31.02333333333333,0.5933333333333334,2,Occasional Large-Charge Users
CUST_02826,19,851.9,44.83684210526316,36.73684210526316,521.84,27.46526315789474,0.6152631578947368,1,Frequent High-Value Users
CUST_02827,16,739.2,46.2,35.9375,434.29,27.143125,0.584375,1,Frequent High-Value Users
CUST_02828,15,749.8,49.986666666666665,35.93333333333333,430.68,28.712,0.5786666666666667,1,Frequent High-Value Users
CUST_02829,23,1156.8999999999999,50.3,31.26086956521739,686.97,29.86826086956522,0.591304347826087,1,Frequent High-Value Users
CUST_02830,18,787.8,43.766666666666666,39.0,468.65,26.03611111111111,0.5877777777777777,1,Frequent High-Value Users
CUST_02831,19,827.6,43.55789473684211,37.0,488.03999999999996,25.68631578947368,0.5942105263157894,1,Frequent High-Value Users
CUST_02832,16,681.7,42.60625,37.375,397.5,24.84375,0.583125,1,Frequent High-Value Users
CUST_02833,20,976.7,48.835,36.45,577.63,28.8815,0.598,1,Frequent High-Value Users
CUST_02834,18,826.3,45.90555555555555,36.0,499.07,27.72611111111111,0.605,1,Frequent High-Value Users
CUST_02835,13,586.9,45.146153846153844,32.84615384615385,354.51,27.27,0.6107692307692307,1,Frequent High-Value Users
CUST_02836,17,741.8,43.63529411764706,37.294117647058826,436.26,25.66235294117647,0.5829411764705883,1,Frequent High-Value Users
CUST_02837,16,753.7,47.10625,35.5625,443.13,27.695625,0.585625,1,Frequent High-Value Users
CUST_02838,16,812.6999999999999,50.793749999999996,34.75,477.45,29.840625,0.589375,1,Frequent High-Value Users
CUST_02839,27,1262.8,46.770370370370365,35.25925925925926,734.31,27.196666666666665,0.5840740740740741,1,Frequent High-Value Users
CUST_02840,23,1077.3,46.839130434782604,31.782608695652176,632.3199999999999,27.492173913043477,0.5921739130434782,1,Frequent High-Value Users
CUST_02841,19,835.3,43.96315789473684,36.421052631578945,486.75,25.61842105263158,0.5873684210526315,1,Frequent High-Value Users
CUST_02842,17,816.7,48.04117647058824,30.529411764705884,482.6,28.38823529411765,0.5970588235294118,1,Frequent High-Value Users
CUST_02843,17,759.8000000000001,44.694117647058825,38.05882352941177,460.51,27.088823529411766,0.6052941176470588,1,Frequent High-Value Users
CUST_02844,16,703.9,43.99375,40.75,418.03,26.126875,0.5918749999999999,1,Frequent High-Value Users
CUST_02845,31,1464.6,47.24516129032258,36.58064516129032,837.84,27.02709677419355,0.5709677419354838,1,Frequent High-Value Users
CUST_02846,22,1058.5,48.11363636363637,35.95454545454545,627.0,28.5,0.5959090909090908,1,Frequent High-Value Users
CUST_02847,23,1063.4,46.23478260869565,34.08695652173913,641.87,27.907391304347826,0.6008695652173913,1,Frequent High-Value Users
CUST_02848,18,881.5,48.97222222222222,33.94444444444444,521.41,28.96722222222222,0.5872222222222222,1,Frequent High-Value Users
CUST_02849,16,841.9,52.61875,31.0,489.74,30.60875,0.5900000000000001,1,Frequent High-Value Users
CUST_02850,22,1174.4,53.38181818181818,30.772727272727273,684.77,31.12590909090909,0.5890909090909091,1,Frequent High-Value Users
CUST_02851,13,622.0,47.84615384615385,30.384615384615383,346.66,26.666153846153847,0.5538461538461539,1,Frequent High-Value Users
CUST_02852,16,716.6,44.7875,33.625,429.56,26.8475,0.610625,1,Frequent High-Value Users
CUST_02853,19,865.1999999999999,45.536842105263155,36.10526315789474,494.08,26.004210526315788,0.5768421052631579,1,Frequent High-Value Users
CUST_02854,13,629.4,48.41538461538461,37.0,356.56,27.427692307692308,0.58,1,Frequent High-Value Users
CUST_02855,22,924.8,42.03636363636363,37.77272727272727,535.7,24.35,0.5804545454545454,1,Frequent High-Value Users
CUST_02856,20,978.0,48.9,32.65,585.7,29.285000000000004,0.5955,1,Frequent High-Value Users
CUST_02857,13,648.3,49.86923076923077,33.46153846153846,397.9,30.607692307692307,0.6192307692307693,1,Frequent High-Value Users
CUST_02858,16,751.9,46.99375,35.6875,443.47,27.716875,0.5925,1,Frequent High-Value Users
CUST_02859,23,1060.0,46.08695652173913,35.69565217391305,647.59,28.15608695652174,0.6091304347826086,1,Frequent High-Value Users
CUST_02860,18,806.3,44.794444444444444,34.44444444444444,475.18,26.39888888888889,0.5838888888888889,1,Frequent High-Value Users
CUST_02861,20,876.4,43.82,38.1,517.02,25.851,0.5875,1,Frequent High-Value Users
CUST_02862,18,838.8,46.599999999999994,34.333333333333336,521.5,28.97222222222222,0.6172222222222222,1,Frequent High-Value Users
CUST_02863,14,663.3,47.378571428571426,29.285714285714285,401.8,28.7,0.6050000000000001,1,Frequent High-Value Users
CUST_02864,13,564.8,43.44615384615384,35.84615384615385,331.5,25.5,0.5953846153846154,1,Frequent High-Value Users
CUST_02865,24,1213.7,50.57083333333333,33.583333333333336,703.82,29.325833333333335,0.5783333333333334,1,Frequent High-Value Users
CUST_02866,24,1144.2,47.675000000000004,34.583333333333336,715.7,29.820833333333336,0.6095833333333333,1,Frequent High-Value Users
CUST_02867,15,503.8,33.586666666666666,47.46666666666667,303.1,20.206666666666667,0.5966666666666668,1,Frequent High-Value Users
CUST_02868,17,825.0,48.529411764705884,33.8235294117647,480.15999999999997,28.24470588235294,0.5905882352941176,1,Frequent High-Value Users
CUST_02869,14,724.4,51.74285714285714,35.142857142857146,426.36,30.454285714285714,0.5935714285714286,1,Frequent High-Value Users
CUST_02870,18,928.8,51.599999999999994,31.72222222222222,534.66,29.703333333333333,0.5666666666666667,1,Frequent High-Value Users
CUST_02871,18,855.6,47.53333333333333,35.72222222222222,494.81,27.489444444444445,0.5800000000000001,1,Frequent High-Value Users
CUST_02872,14,592.7,42.33571428571429,38.142857142857146,354.64,25.33142857142857,0.6021428571428571,1,Frequent High-Value Users
CUST_02873,25,1249.9,49.996,34.04,750.42,30.0168,0.602,1,Frequent High-Value Users
CUST_02874,18,886.3,49.23888888888889,33.666666666666664,505.71,28.095,0.5733333333333334,1,Frequent High-Value Users
CUST_02875,16,712.0,44.5,37.3125,421.82,26.36375,0.595625,1,Frequent High-Value Users
CUST_02876,31,1380.5,44.53225806451613,36.903225806451616,825.45,26.62741935483871,0.5993548387096773,1,Frequent High-Value Users
CUST_02877,12,520.6,43.38333333333333,37.25,301.44,25.12,0.5866666666666667,1,Frequent High-Value Users
CUST_02878,16,654.1,40.88125,38.875,380.4,23.775,0.590625,1,Frequent High-Value Users
CUST_02879,15,615.5,41.03333333333333,38.93333333333333,354.48,23.632,0.5773333333333334,1,Frequent High-Value Users
CUST_02880,26,1195.9,45.99615384615385,36.88461538461539,703.4300000000001,27.055000000000003,0.5923076923076923,1,Frequent High-Value Users
CUST_02881,23,1051.7,45.72608695652174,33.08695652173913,644.09,28.003913043478263,0.6078260869565217,1,Frequent High-Value Users
CUST_02882,15,663.0,44.2,35.46666666666667,399.87,26.658,0.6026666666666666,1,Frequent High-Value Users
CUST_02883,15,731.7,48.78,33.53333333333333,420.8,28.053333333333335,0.574,1,Frequent High-Value Users
CUST_02884,20,875.5,43.775,38.0,490.5,24.525,0.5635,1,Frequent High-Value Users
CUST_02885,18,826.9,45.93888888888889,36.94444444444444,487.8,27.1,0.5911111111111111,1,Frequent High-Value Users
CUST_02886,23,979.3,42.57826086956521,39.30434782608695,597.1,25.960869565217394,0.6143478260869566,1,Frequent High-Value Users
CUST_02887,15,695.9,46.39333333333333,40.2,418.73,27.915333333333333,0.6093333333333334,1,Frequent High-Value Users
CUST_02888,18,799.5,44.416666666666664,38.166666666666664,473.82,26.323333333333334,0.6005555555555556,1,Frequent High-Value Users
CUST_02889,14,644.2,46.01428571428572,38.214285714285715,383.21,27.372142857142855,0.5935714285714286,1,Frequent High-Value Users
CUST_02890,18,811.4,45.077777777777776,33.666666666666664,476.42,26.46777777777778,0.5922222222222222,1,Frequent High-Value Users
CUST_02891,22,961.1,43.68636363636364,36.18181818181818,601.9,27.35909090909091,0.6272727272727273,1,Frequent High-Value Users
CUST_02892,14,696.6,49.75714285714286,32.785714285714285,416.77,29.76928571428571,0.5835714285714285,1,Frequent High-Value Users
CUST_02893,16,724.1,45.25625,35.3125,436.84000000000003,27.302500000000002,0.59875,1,Frequent High-Value Users
CUST_02894,23,1104.0,48.0,34.65217391304348,638.66,27.76782608695652,0.5843478260869565,1,Frequent High-Value Users
CUST_02895,25,1160.3,46.412,36.56,652.14,26.0856,0.56,1,Frequent High-Value Users
CUST_02896,15,746.3,49.75333333333333,35.93333333333333,447.12,29.808,0.606,1,Frequent High-Value Users
CUST_02897,15,694.1,46.27333333333333,36.266666666666666,417.53,27.83533333333333,0.6073333333333333,1,Frequent High-Value Users
CUST_02898,17,848.0,49.88235294117647,34.588235294117645,499.83,29.401764705882353,0.5894117647058823,1,Frequent High-Value Users
CUST_02899,20,961.0,48.05,33.8,588.82,29.441000000000003,0.612,1,Frequent High-Value Users
CUST_02900,25,1163.0,46.52,36.2,671.17,26.846799999999998,0.5856,1,Frequent High-Value Users
CUST_02901,19,816.1,42.95263157894737,39.578947368421055,479.39,25.231052631578947,0.5905263157894737,1,Frequent High-Value Users
CUST_02902,18,848.5,47.138888888888886,36.166666666666664,512.26,28.45888888888889,0.6061111111111112,1,Frequent High-Value Users
CUST_02903,27,1214.1,44.96666666666666,34.851851851851855,762.79,28.25148148148148,0.6285185185185185,1,Frequent High-Value Users
CUST_02904,21,1099.0,52.333333333333336,34.04761904761905,623.04,29.668571428571425,0.5704761904761905,1,Frequent High-Value Users
CUST_02905,19,870.1,45.794736842105266,34.94736842105263,494.74,26.038947368421052,0.5663157894736842,1,Frequent High-Value Users
CUST_02906,23,993.9,43.21304347826087,37.82608695652174,589.31,25.622173913043476,0.6017391304347826,1,Frequent High-Value Users
CUST_02907,18,808.0,44.888888888888886,39.111111111111114,466.4,25.91111111111111,0.5833333333333334,1,Frequent High-Value Users
CUST_02908,25,1114.1,44.56399999999999,35.44,660.08,26.403200000000002,0.5932,1,Frequent High-Value Users
CUST_02909,19,801.9,42.205263157894734,37.68421052631579,484.23,25.48578947368421,0.5963157894736842,1,Frequent High-Value Users
CUST_02910,17,863.7,50.80588235294118,32.8235294117647,511.87,30.11,0.5941176470588235,1,Frequent High-Value Users
CUST_02911,21,1036.7,49.36666666666667,32.666666666666664,613.49,29.213809523809523,0.5961904761904762,1,Frequent High-Value Users
CUST_02912,22,1072.0,48.72727272727273,35.31818181818182,599.53,27.251363636363635,0.5568181818181818,1,Frequent High-Value Users
CUST_02913,23,1076.8,46.81739130434782,32.82608695652174,635.78,27.64260869565217,0.5843478260869565,1,Frequent High-Value Users
CUST_02914,18,810.3,45.016666666666666,37.611111111111114,489.81,27.211666666666666,0.6005555555555556,1,Frequent High-Value Users
CUST_02915,19,741.7,39.03684210526316,42.473684210526315,454.6,23.926315789473687,0.6042105263157895,1,Frequent High-Value Users
CUST_02916,18,866.1,48.11666666666667,31.166666666666668,508.57,28.253888888888888,0.5888888888888889,1,Frequent High-Value Users
CUST_02917,11,442.9,40.26363636363636,40.0,258.32,23.483636363636364,0.5936363636363636,1,Frequent High-Value Users
CUST_02918,18,781.1,43.394444444444446,39.666666666666664,486.35,27.019444444444446,0.6183333333333333,1,Frequent High-Value Users
CUST_02919,20,805.3,40.265,39.45,504.53,25.226499999999998,0.624,1,Frequent High-Value Users
CUST_02920,17,764.2,44.95294117647059,34.94117647058823,456.89,26.875882352941176,0.5952941176470588,1,Frequent High-Value Users
CUST_02921,22,993.5,45.15909090909091,38.40909090909091,596.8,27.127272727272725,0.600909090909091,1,Frequent High-Value Users
CUST_02922,17,933.7,54.92352941176471,32.8235294117647,536.12,31.536470588235293,0.5741176470588235,1,Frequent High-Value Users
CUST_02923,15,662.5,44.166666666666664,37.333333333333336,394.32,26.288,0.5913333333333333,1,Frequent High-Value Users
CUST_02924,7,285.9,40.84285714285714,39.57142857142857,167.01,23.858571428571427,0.6028571428571429,1,Frequent High-Value Users
CUST_02925,21,1091.2,51.96190476190476,33.42857142857143,639.64,30.459047619047617,0.5900000000000001,1,Frequent High-Value Users
CUST_02926,19,811.9,42.73157894736842,37.31578947368421,469.23,24.696315789473687,0.5836842105263158,1,Frequent High-Value Users
CUST_02927,16,759.2,47.45,36.1875,449.6,28.1,0.58875,1,Frequent High-Value Users
CUST_02928,18,765.7,42.53888888888889,39.333333333333336,477.34000000000003,26.518888888888892,0.6227777777777779,1,Frequent High-Value Users
CUST_02929,17,881.1,51.82941176470588,31.294117647058822,531.77,31.28058823529412,0.601764705882353,1,Frequent High-Value Users
CUST_02930,13,647.2,49.784615384615385,31.923076923076923,389.82,29.986153846153847,0.6,1,Frequent High-Value Users
CUST_02931,17,806.4,47.43529411764706,35.94117647058823,471.65999999999997,27.74470588235294,0.5888235294117647,1,Frequent High-Value Users
CUST_02932,25,1345.8,53.832,29.48,774.35,30.974,0.5876,1,Frequent High-Value Users
CUST_02933,19,795.7,41.87894736842105,34.578947368421055,463.55,24.397368421052633,0.5847368421052631,1,Frequent High-Value Users
CUST_02934,19,804.9,42.363157894736844,37.68421052631579,485.11,25.532105263157895,0.6005263157894737,1,Frequent High-Value Users
CUST_02935,20,943.4,47.17,33.3,570.99,28.549500000000002,0.603,1,Frequent High-Value Users
CUST_02936,16,739.1,46.19375,34.625,422.76,26.4225,0.5862499999999999,1,Frequent High-Value Users
CUST_02937,21,925.4,44.06666666666666,36.61904761904762,568.8299999999999,27.087142857142855,0.6161904761904762,1,Frequent High-Value Users
CUST_02938,15,698.2,46.54666666666667,34.733333333333334,407.99,27.199333333333335,0.5813333333333334,1,Frequent High-Value Users
CUST_02939,21,900.5,42.88095238095238,42.04761904761905,533.63,25.41095238095238,0.5866666666666667,1,Frequent High-Value Users
CUST_02940,19,890.8000000000001,46.88421052631579,36.8421052631579,535.76,28.197894736842105,0.6010526315789474,1,Frequent High-Value Users
CUST_02941,17,745.7,43.86470588235294,36.0,438.04,25.767058823529414,0.5876470588235294,1,Frequent High-Value Users
CUST_02942,28,1272.5,45.44642857142857,34.214285714285715,726.41,25.943214285714284,0.5725,1,Frequent High-Value Users
CUST_02943,19,953.8,50.199999999999996,31.31578947368421,533.41,28.074210526315788,0.5626315789473684,1,Frequent High-Value Users
CUST_02944,16,671.1,41.94375,41.0,410.2,25.6375,0.6075,1,Frequent High-Value Users
CUST_02945,19,917.4,48.28421052631579,34.578947368421055,541.98,28.525263157894738,0.5973684210526315,1,Frequent High-Value Users
CUST_02946,13,618.4,47.56923076923077,34.61538461538461,343.26,26.404615384615383,0.55,1,Frequent High-Value Users
CUST_02947,19,875.9,46.1,37.89473684210526,524.46,27.603157894736842,0.5921052631578947,1,Frequent High-Value Users
CUST_02948,16,727.0,45.4375,39.5625,424.52,26.5325,0.5875,1,Frequent High-Value Users
CUST_02949,15,699.6,46.64,31.8,427.53000000000003,28.502000000000002,0.6,1,Frequent High-Value Users
CUST_02950,16,757.2,47.325,35.4375,452.11,28.256875,0.605625,1,Frequent High-Value Users
CUST_02951,18,729.3,40.516666666666666,43.27777777777778,444.1,24.672222222222224,0.6016666666666667,1,Frequent High-Value Users
CUST_02952,18,878.5,48.80555555555556,30.0,523.67,29.092777777777776,0.6022222222222222,1,Frequent High-Value Users
CUST_02953,23,1089.7,47.37826086956522,37.34782608695652,635.92,27.64869565217391,0.5860869565217391,1,Frequent High-Value Users
CUST_02954,17,691.5,40.6764705882353,40.529411764705884,403.88,23.75764705882353,0.5923529411764706,1,Frequent High-Value Users
CUST_02955,23,985.0,42.82608695652174,40.391304347826086,583.01,25.348260869565216,0.5930434782608696,1,Frequent High-Value Users
CUST_02956,18,745.1,41.394444444444446,37.611111111111114,437.24,24.29111111111111,0.5877777777777777,1,Frequent High-Value Users
CUST_02957,23,977.3,42.49130434782609,37.391304347826086,580.44,25.23652173913044,0.601304347826087,1,Frequent High-Value Users
CUST_02958,16,767.7,47.98125,32.5625,455.57,28.473125,0.58875,1,Frequent High-Value Users
CUST_02959,12,629.7,52.475,34.0,350.02,29.168333333333333,0.5633333333333334,1,Frequent High-Value Users
CUST_02960,19,943.5,49.6578947368421,33.0,554.9,29.205263157894734,0.5900000000000001,1,Frequent High-Value Users
CUST_02961,19,862.1,45.373684210526314,35.94736842105263,523.64,27.56,0.6036842105263158,1,Frequent High-Value Users
CUST_02962,17,826.7,48.629411764705885,34.294117647058826,471.44,27.73176470588235,0.5805882352941176,1,Frequent High-Value Users
CUST_02963,15,628.4,41.89333333333333,36.4,370.27,24.684666666666665,0.5966666666666666,1,Frequent High-Value Users
CUST_02964,12,554.8,46.23333333333333,29.416666666666668,344.06,28.671666666666667,0.63,1,Frequent High-Value Users
CUST_02965,12,606.0,50.5,29.0,369.23,30.769166666666667,0.5991666666666667,1,Frequent High-Value Users
CUST_02966,20,888.8,44.44,35.0,547.42,27.371,0.608,1,Frequent High-Value Users
CUST_02967,23,1123.1,48.83043478260869,29.695652173913043,643.91,27.996086956521737,0.5756521739130435,1,Frequent High-Value Users
CUST_02968,19,848.7,44.66842105263158,38.05263157894737,524.52,27.606315789473683,0.6142105263157894,1,Frequent High-Value Users
CUST_02969,17,749.7,44.1,35.11764705882353,456.75,26.86764705882353,0.6105882352941175,1,Frequent High-Value Users
CUST_02970,20,988.6,49.43,37.75,597.86,29.893,0.6134999999999999,1,Frequent High-Value Users
CUST_02971,15,720.1,48.00666666666667,36.86666666666667,414.48,27.632,0.578,1,Frequent High-Value Users
CUST_02972,18,927.2,51.51111111111111,30.72222222222222,552.88,30.715555555555554,0.6011111111111112,1,Frequent High-Value Users
CUST_02973,14,655.6,46.82857142857143,36.142857142857146,360.75,25.767857142857142,0.5542857142857143,1,Frequent High-Value Users
CUST_02974,16,800.4,50.025,33.5,464.59,29.036875,0.585,1,Frequent High-Value Users
CUST_02975,18,847.5,47.083333333333336,32.27777777777778,499.77,27.765,0.5944444444444446,1,Frequent High-Value Users
CUST_02976,33,1657.6,50.23030303030303,36.81818181818182,971.48,29.438787878787878,0.5875757575757576,1,Frequent High-Value Users
CUST_02977,14,710.4,50.74285714285714,32.07142857142857,428.01,30.572142857142858,0.5971428571428571,1,Frequent High-Value Users
CUST_02978,14,681.4,48.67142857142857,34.07142857142857,420.31,30.022142857142857,0.6092857142857142,1,Frequent High-Value Users
CUST_02979,20,896.9,44.845,35.9,537.24,26.862000000000002,0.6094999999999999,1,Frequent High-Value Users
CUST_02980,22,983.8,44.71818181818182,39.04545454545455,580.4,26.38181818181818,0.5972727272727273,1,Frequent High-Value Users
CUST_02981,19,992.2,52.22105263157895,29.789473684210527,586.28,30.856842105263155,0.5857894736842105,1,Frequent High-Value Users
CUST_02982,19,908.6,47.82105263157895,33.68421052631579,528.86,27.834736842105265,0.5821052631578948,1,Frequent High-Value Users
CUST_02983,17,740.9,43.58235294117647,36.705882352941174,438.81,25.81235294117647,0.5882352941176471,1,Frequent High-Value Users
CUST_02984,20,760.4,38.019999999999996,45.3,439.58,21.979,0.579,1,Frequent High-Value Users
CUST_02985,19,909.3000000000001,47.857894736842105,35.526315789473685,543.92,28.62736842105263,0.6010526315789474,1,Frequent High-Value Users
CUST_02986,20,1030.6,51.529999999999994,33.7,602.76,30.137999999999998,0.5845,1,Frequent High-Value Users
CUST_02987,20,936.7,46.835,35.1,556.52,27.826,0.5925,1,Frequent High-Value Users
CUST_02988,19,939.2,49.43157894736842,34.0,542.14,28.533684210526314,0.5789473684210527,1,Frequent High-Value Users
CUST_02989,19,908.4,47.810526315789474,37.05263157894737,525.44,27.654736842105265,0.5773684210526316,1,Frequent High-Value Users
CUST_02990,19,913.3,48.06842105263158,33.421052631578945,556.9,29.310526315789474,0.611578947368421,1,Frequent High-Value Users
CUST_02991,12,592.8,49.4,31.583333333333332,355.78999999999996,29.649166666666662,0.6041666666666666,1,Frequent High-Value Users
CUST_02992,12,510.59999999999997,42.55,39.333333333333336,302.15000000000003,25.17916666666667,0.6041666666666666,1,Frequent High-Value Users
CUST_02993,22,1037.5,47.15909090909091,33.09090909090909,619.64,28.165454545454544,0.5936363636363636,1,Frequent High-Value Users
CUST_02994,20,987.4,49.37,31.9,564.53,28.226499999999998,0.5695,1,Frequent High-Value Users
CUST_02995,17,840.3,49.42941176470588,34.470588235294116,477.11,28.06529411764706,0.57,1,Frequent High-Value Users
CUST_02996,18,820.4,45.577777777777776,35.27777777777778,462.82,25.712222222222223,0.5616666666666666,1,Frequent High-Value Users
CUST_02997,16,777.6,48.6,32.125,468.35,29.271875,0.61,1,Frequent High-Value Users
CUST_02998,15,705.5,47.03333333333333,31.333333333333332,430.74,28.716,0.6133333333333333,1,Frequent High-Value Users
CUST_02999,13,554.2,42.63076923076923,37.53846153846154,310.84,23.91076923076923,0.5630769230769231,1,Frequent High-Value Users
CUST_03000,26,1201.9,46.22692307692308,36.53846153846154,697.1,26.81153846153846,0.5838461538461538,1,Frequent High-Value Users
CUST_03001,14,707.5,50.535714285714285,31.214285714285715,427.97,30.569285714285716,0.6014285714285714,1,Frequent High-Value Users
CUST_03002,26,1285.8,49.45384615384615,32.76923076923077,773.1,29.734615384615385,0.6023076923076923,1,Frequent High-Value Users
CUST_03003,13,562.7,43.284615384615385,38.38461538461539,331.48,25.49846153846154,0.5892307692307692,1,Frequent High-Value Users
CUST_03004,16,756.3,47.26875,33.0625,458.94,28.68375,0.6025,1,Frequent High-Value Users
CUST_03005,23,1007.9,43.82173913043478,36.78260869565217,605.28,26.316521739130433,0.6060869565217392,1,Frequent High-Value Users
CUST_03006,21,888.5,42.30952380952381,38.285714285714285,526.58,25.0752380952381,0.5919047619047619,1,Frequent High-Value Users
CUST_03007,23,1240.5,53.93478260869565,31.043478260869566,728.3000000000001,31.66521739130435,0.5886956521739131,1,Frequent High-Value Users
CUST_03008,21,863.7,41.12857142857143,41.23809523809524,497.06,23.66952380952381,0.5771428571428572,1,Frequent High-Value Users
CUST_03009,19,927.1,48.794736842105266,33.421052631578945,554.37,29.17736842105263,0.6089473684210527,1,Frequent High-Value Users
CUST_03010,16,732.5,45.78125,32.5625,458.03,28.626875,0.615625,1,Frequent High-Value Users
CUST_03011,13,595.0,45.76923076923077,30.46153846153846,346.63,26.663846153846155,0.5846153846153845,1,Frequent High-Value Users
CUST_03012,16,862.4,53.9,31.0,527.67,32.979375,0.60375,1,Frequent High-Value Users
CUST_03013,23,1116.2,48.5304347826087,34.17391304347826,636.0699999999999,27.655217391304344,0.5730434782608695,1,Frequent High-Value Users
CUST_03014,20,853.0,42.65,38.4,488.41,24.4205,0.5780000000000001,1,Frequent High-Value Users
CUST_03015,19,878.3,46.22631578947368,35.10526315789474,493.34999999999997,25.965789473684207,0.5668421052631579,1,Frequent High-Value Users
CUST_03016,24,1177.6,49.06666666666666,33.583333333333336,698.08,29.08666666666667,0.5941666666666666,1,Frequent High-Value Users
CUST_03017,18,763.5,42.416666666666664,35.44444444444444,433.21,24.06722222222222,0.5705555555555555,1,Frequent High-Value Users
CUST_03018,18,840.9,46.71666666666667,36.27777777777778,485.04,26.94666666666667,0.5805555555555555,1,Frequent High-Value Users
CUST_03019,26,1275.7,49.065384615384616,33.15384615384615,741.96,28.536923076923078,0.5792307692307692,1,Frequent High-Value Users
CUST_03020,9,389.5,43.27777777777778,34.0,225.59,25.065555555555555,0.5877777777777777,1,Frequent High-Value Users
CUST_03021,20,1027.1,51.355,30.85,622.6,31.130000000000003,0.6045,1,Frequent High-Value Users
CUST_03022,12,512.1,42.675000000000004,41.5,283.43,23.61916666666667,0.5675,1,Frequent High-Value Users
CUST_03023,12,520.3,43.35833333333333,39.083333333333336,324.27,27.022499999999997,0.6191666666666666,1,Frequent High-Value Users
CUST_03024,17,755.8,44.45882352941176,34.529411764705884,454.22,26.718823529411765,0.6023529411764706,1,Frequent High-Value Users
CUST_03025,18,902.1,50.11666666666667,34.05555555555556,572.23,31.790555555555557,0.6277777777777778,1,Frequent High-Value Users
CUST_03026,14,723.6,51.68571428571429,31.857142857142858,427.84,30.56,0.5921428571428571,1,Frequent High-Value Users
CUST_03027,18,811.3,45.07222222222222,35.333333333333336,476.92,26.495555555555555,0.5844444444444444,1,Frequent High-Value Users
CUST_03028,22,1067.8,48.53636363636363,32.04545454545455,648.99,29.499545454545455,0.6140909090909091,1,Frequent High-Value Users
CUST_03029,21,991.7,47.22380952380953,36.04761904761905,581.63,27.696666666666665,0.5957142857142858,1,Frequent High-Value Users
CUST_03030,18,734.8,40.82222222222222,36.05555555555556,421.57,23.420555555555556,0.5794444444444444,1,Frequent High-Value Users
CUST_03031,26,1086.2,41.776923076923076,37.34615384615385,628.27,24.16423076923077,0.578076923076923,1,Frequent High-Value Users
CUST_03032,23,1024.4,44.539130434782614,35.21739130434783,593.88,25.82086956521739,0.58,1,Frequent High-Value Users
CUST_03033,13,576.1,44.315384615384616,36.61538461538461,341.71000000000004,26.28538461538462,0.6007692307692308,1,Frequent High-Value Users
CUST_03034,13,623.9,47.99230769230769,34.07692307692308,372.81,28.677692307692308,0.5984615384615385,1,Frequent High-Value Users
CUST_03035,27,1100.3,40.75185185185185,41.44444444444444,650.29,24.084814814814813,0.592962962962963,1,Frequent High-Value Users
CUST_03036,16,802.2,50.1375,35.1875,486.06,30.37875,0.6,1,Frequent High-Value Users
CUST_03037,12,519.3,43.275,36.833333333333336,324.32,27.026666666666667,0.6375000000000001,1,Frequent High-Value Users
CUST_03038,13,620.7,47.74615384615385,35.30769230769231,363.04,27.92615384615385,0.5953846153846154,1,Frequent High-Value Users
CUST_03039,18,829.6,46.08888888888889,34.5,497.32,27.628888888888888,0.5977777777777777,1,Frequent High-Value Users
CUST_03040,17,700.3,41.19411764705882,37.88235294117647,409.95,24.11470588235294,0.5911764705882353,1,Frequent High-Value Users
CUST_03041,18,963.9,53.55,28.166666666666668,567.96,31.553333333333335,0.5950000000000001,1,Frequent High-Value Users
CUST_03042,21,1090.3,51.91904761904762,31.285714285714285,664.04,31.620952380952378,0.6047619047619047,1,Frequent High-Value Users
CUST_03043,15,680.3,45.35333333333333,35.0,417.29,27.819333333333336,0.606,1,Frequent High-Value Users
CUST_03044,11,493.3,44.845454545454544,37.54545454545455,287.34,26.12181818181818,0.5763636363636363,1,Frequent High-Value Users
CUST_03045,19,789.2,41.53684210526316,40.31578947368421,474.89,24.99421052631579,0.5984210526315789,1,Frequent High-Value Users
CUST_03046,18,903.3,50.18333333333333,34.27777777777778,519.15,28.841666666666665,0.5733333333333334,1,Frequent High-Value Users
CUST_03047,20,1016.9,50.845,32.3,617.85,30.892500000000002,0.6075,1,Frequent High-Value Users
CUST_03048,31,1474.1,47.5516129032258,34.54838709677419,888.83,28.671935483870968,0.6051612903225807,1,Frequent High-Value Users
CUST_03049,14,637.4,45.528571428571425,32.0,380.12,27.15142857142857,0.5942857142857143,1,Frequent High-Value Users
CUST_03050,27,1275.7,47.24814814814815,36.851851851851855,782.96,28.99851851851852,0.61,1,Frequent High-Value Users
CUST_03051,17,734.2,43.188235294117646,38.588235294117645,439.83,25.87235294117647,0.6070588235294118,1,Frequent High-Value Users
CUST_03052,18,880.0,48.888888888888886,37.111111111111114,531.7,29.53888888888889,0.5977777777777777,1,Frequent High-Value Users
CUST_03053,22,1114.4,50.654545454545456,32.63636363636363,653.86,29.720909090909092,0.5850000000000001,1,Frequent High-Value Users
CUST_03054,17,764.5,44.970588235294116,39.11764705882353,446.76,26.28,0.5805882352941176,1,Frequent High-Value Users
CUST_03055,26,1220.8,46.95384615384615,35.15384615384615,702.84,27.032307692307693,0.5811538461538461,1,Frequent High-Value Users
CUST_03056,22,986.3,44.83181818181818,34.72727272727273,574.03,26.092272727272725,0.5813636363636363,1,Frequent High-Value Users
CUST_03057,9,451.0,50.111111111111114,31.666666666666668,255.62,28.40222222222222,0.5722222222222223,1,Frequent High-Value Users
CUST_03058,18,859.7,47.76111111111111,34.166666666666664,522.36,29.02,0.6077777777777778,1,Frequent High-Value Users
CUST_03059,19,908.5,47.81578947368421,33.73684210526316,532.59,28.031052631578948,0.5947368421052632,1,Frequent High-Value Users
CUST_03060,21,968.8,46.13333333333333,38.95238095238095,580.65,27.65,0.6066666666666667,1,Frequent High-Value Users
CUST_03061,12,514.6,42.88333333333333,32.416666666666664,313.67,26.139166666666668,0.6083333333333333,1,Frequent High-Value Users
CUST_03062,23,1060.9,46.126086956521746,35.08695652173913,637.38,27.71217391304348,0.6017391304347826,1,Frequent High-Value Users
CUST_03063,20,866.5,43.325,38.9,529.32,26.466,0.6155,1,Frequent High-Value Users
CUST_03064,9,491.8,54.644444444444446,31.88888888888889,293.45,32.605555555555554,0.5933333333333333,1,Frequent High-Value Users
CUST_03065,18,813.5,45.19444444444444,36.05555555555556,505.49,28.08277777777778,0.6172222222222222,1,Frequent High-Value Users
CUST_03066,15,669.0,44.6,34.06666666666667,371.79,24.786,0.5586666666666666,1,Frequent High-Value Users
CUST_03067,11,450.8,40.981818181818184,38.0,274.45,24.95,0.62,1,Frequent High-Value Users
CUST_03068,10,591.1,59.11,29.2,371.6,37.160000000000004,0.633,1,Frequent High-Value Users
CUST_03069,19,881.6,46.4,37.8421052631579,523.98,27.577894736842108,0.5878947368421052,1,Frequent High-Value Users
CUST_03070,31,1585.3,51.13870967741936,32.483870967741936,971.97,31.353870967741937,0.606774193548387,1,Frequent High-Value Users
CUST_03071,12,586.9,48.90833333333333,29.0,344.89,28.74083333333333,0.5833333333333334,1,Frequent High-Value Users
CUST_03072,24,1281.1,53.37916666666666,29.75,772.09,32.17041666666667,0.5983333333333333,1,Frequent High-Value Users
CUST_03073,17,816.9,48.05294117647059,33.35294117647059,478.18,28.128235294117648,0.5888235294117647,1,Frequent High-Value Users
CUST_03074,10,440.8,44.08,36.0,269.52,26.951999999999998,0.599,1,Frequent High-Value Users
CUST_03075,19,787.9,41.46842105263158,37.21052631578947,474.88,24.993684210526315,0.6115789473684211,1,Frequent High-Value Users
CUST_03076,18,769.9,42.77222222222222,35.5,438.65999999999997,24.369999999999997,0.5711111111111111,1,Frequent High-Value Users
CUST_03077,18,726.3,40.349999999999994,38.77777777777778,437.89,24.327222222222222,0.6027777777777777,1,Frequent High-Value Users
CUST_03078,20,866.0,43.3,35.0,506.71,25.3355,0.585,1,Frequent High-Value Users
CUST_03079,17,767.4,45.141176470588235,36.470588235294116,448.99,26.411176470588234,0.5852941176470587,1,Frequent High-Value Users
CUST_03080,24,1226.6000000000001,51.10833333333334,31.458333333333332,708.07,29.502916666666668,0.57625,1,Frequent High-Value Users
CUST_03081,14,593.8,42.41428571428571,37.357142857142854,356.09,25.435,0.6057142857142858,1,Frequent High-Value Users
CUST_03082,21,1005.3,47.87142857142857,34.76190476190476,592.14,28.197142857142858,0.5976190476190476,1,Frequent High-Value Users
CUST_03083,9,387.1,43.01111111111111,39.22222222222222,242.49,26.943333333333335,0.6211111111111111,1,Frequent High-Value Users
CUST_03084,13,560.1,43.08461538461539,40.0,326.38,25.106153846153845,0.5846153846153845,1,Frequent High-Value Users
CUST_03085,16,597.8,37.3625,43.3125,342.39,21.399375,0.576875,1,Frequent High-Value Users
CUST_03086,15,654.4,43.626666666666665,34.46666666666667,412.03999999999996,27.46933333333333,0.634,1,Frequent High-Value Users
CUST_03087,19,796.4,41.91578947368421,41.578947368421055,468.47,24.656315789473684,0.5878947368421052,1,Frequent High-Value Users
CUST_03088,14,719.3,51.378571428571426,31.5,408.26,29.16142857142857,0.5628571428571428,1,Frequent High-Value Users
CUST_03089,9,405.7,45.077777777777776,39.44444444444444,243.24,27.026666666666667,0.6022222222222222,1,Frequent High-Value Users
CUST_03090,20,950.6,47.53,35.7,559.98,27.999000000000002,0.5875,1,Frequent High-Value Users
CUST_03091,18,902.6,50.144444444444446,30.11111111111111,546.86,30.38111111111111,0.6077777777777778,1,Frequent High-Value Users
CUST_03092,12,578.8,48.23333333333333,36.0,348.69,29.0575,0.5916666666666667,1,Frequent High-Value Users
CUST_03093,20,1144.6,57.23,27.8,644.13,32.2065,0.562,1,Frequent High-Value Users
CUST_03094,16,749.8,46.8625,33.4375,435.93,27.245625,0.585,1,Frequent High-Value Users
CUST_03095,26,1214.1,46.69615384615384,36.5,720.78,27.72230769230769,0.5984615384615385,1,Frequent High-Value Users
CUST_03096,32,1695.0,52.96875,30.84375,1007.62,31.488125,0.596875,1,Frequent High-Value Users
CUST_03097,15,743.2,49.54666666666667,34.06666666666667,440.39,29.359333333333332,0.5973333333333334,1,Frequent High-Value Users
CUST_03098,22,1044.7,47.48636363636364,33.27272727272727,605.71,27.53227272727273,0.59,1,Frequent High-Value Users
CUST_03099,20,872.2,43.61,35.0,524.52,26.226,0.6014999999999999,1,Frequent High-Value Users
CUST_03100,21,1177.8,56.08571428571428,26.238095238095237,711.74,33.892380952380954,0.6057142857142858,1,Frequent High-Value Users
CUST_03101,23,1134.1,49.30869565217391,32.08695652173913,681.63,29.63608695652174,0.5960869565217392,1,Frequent High-Value Users
CUST_03102,17,855.0,50.294117647058826,32.11764705882353,492.99,28.999411764705883,0.5852941176470587,1,Frequent High-Value Users
CUST_03103,21,1141.5,54.357142857142854,34.80952380952381,637.37,30.350952380952382,0.5614285714285714,1,Frequent High-Value Users
CUST_03104,22,1074.9,48.85909090909092,32.04545454545455,620.16,28.189090909090908,0.5754545454545454,1,Frequent High-Value Users
CUST_03105,12,588.6999999999999,49.05833333333333,31.25,358.55,29.879166666666666,0.61,1,Frequent High-Value Users
CUST_03106,12,578.0,48.166666666666664,35.166666666666664,333.69,27.8075,0.5725,1,Frequent High-Value Users
CUST_03107,14,606.7,43.33571428571429,40.142857142857146,374.21000000000004,26.729285714285716,0.6007142857142858,1,Frequent High-Value Users
CUST_03108,14,624.1,44.57857142857143,39.42857142857143,379.58,27.11285714285714,0.6057142857142858,1,Frequent High-Value Users
CUST_03109,21,893.5,42.54761904761905,38.142857142857146,546.47,26.022380952380953,0.6028571428571429,1,Frequent High-Value Users
CUST_03110,13,621.9,47.83846153846154,35.0,389.63,29.97153846153846,0.6184615384615385,1,Frequent High-Value Users
CUST_03111,20,807.5,40.375,35.7,500.48,25.024,0.6144999999999999,1,Frequent High-Value Users
CUST_03112,12,609.6,50.800000000000004,34.083333333333336,361.86,30.155,0.5858333333333333,1,Frequent High-Value Users
CUST_03113,24,1197.6,49.9,31.0,703.89,29.32875,0.5883333333333333,1,Frequent High-Value Users
CUST_03114,18,795.5,44.19444444444444,33.666666666666664,501.22,27.845555555555556,0.6305555555555555,1,Frequent High-Value Users
CUST_03115,19,806.7,42.45789473684211,37.78947368421053,490.63,25.82263157894737,0.6068421052631578,1,Frequent High-Value Users
CUST_03116,14,561.7,40.121428571428574,39.0,340.45,24.317857142857143,0.6035714285714285,1,Frequent High-Value Users
CUST_03117,17,724.9,42.641176470588235,38.411764705882355,441.05,25.944117647058825,0.6070588235294118,1,Frequent High-Value Users
CUST_03118,21,902.0,42.95238095238095,38.476190476190474,535.75,25.511904761904763,0.6028571428571429,1,Frequent High-Value Users
CUST_03119,24,1166.8,48.61666666666667,34.458333333333336,677.37,28.22375,0.58625,1,Frequent High-Value Users
CUST_03120,17,741.5,43.61764705882353,39.11764705882353,420.33000000000004,24.72529411764706,0.5705882352941176,1,Frequent High-Value Users
CUST_03121,17,863.1,50.77058823529412,32.470588235294116,502.64,29.56705882352941,0.5735294117647058,1,Frequent High-Value Users
CUST_03122,9,438.7,48.74444444444444,31.666666666666668,248.54,27.615555555555556,0.5744444444444444,1,Frequent High-Value Users
CUST_03123,21,1129.5,53.785714285714285,28.666666666666668,651.3,31.014285714285712,0.5757142857142857,1,Frequent High-Value Users
CUST_03124,19,912.9,48.04736842105263,38.26315789473684,563.48,29.65684210526316,0.6094736842105263,1,Frequent High-Value Users
CUST_03125,19,839.1,44.16315789473684,38.78947368421053,487.07,25.635263157894737,0.5789473684210527,1,Frequent High-Value Users
CUST_03126,23,1063.4,46.23478260869565,34.65217391304348,655.71,28.50913043478261,0.6108695652173913,1,Frequent High-Value Users
CUST_03127,21,959.8,45.7047619047619,33.04761904761905,568.31,27.06238095238095,0.5900000000000001,1,Frequent High-Value Users
CUST_03128,14,614.7,43.90714285714286,36.57142857142857,349.91,24.993571428571432,0.5728571428571428,1,Frequent High-Value Users
CUST_03129,16,742.6,46.4125,34.75,424.05,26.503125,0.58125,1,Frequent High-Value Users
CUST_03130,17,830.0,48.8235294117647,35.94117647058823,467.78,27.516470588235293,0.5670588235294118,1,Frequent High-Value Users
CUST_03131,18,970.0,53.888888888888886,32.44444444444444,583.63,32.42388888888889,0.605,1,Frequent High-Value Users
CUST_03132,18,805.9,44.77222222222222,34.0,472.42,26.245555555555555,0.5988888888888888,1,Frequent High-Value Users
CUST_03133,13,686.7,52.823076923076925,30.0,393.4,30.26153846153846,0.5715384615384616,1,Frequent High-Value Users
CUST_03134,20,895.9,44.795,34.75,543.48,27.174,0.613,1,Frequent High-Value Users
CUST_03135,25,1238.7,49.548,32.04,734.3,29.372,0.5948,1,Frequent High-Value Users
CUST_03136,16,683.9,42.74375,37.6875,393.25,24.578125,0.575,1,Frequent High-Value Users
CUST_03137,19,763.8,40.199999999999996,35.578947368421055,436.37,22.966842105263158,0.5731578947368421,1,Frequent High-Value Users
CUST_03138,13,555.5,42.73076923076923,38.07692307692308,332.95,25.611538461538462,0.6092307692307692,1,Frequent High-Value Users
CUST_03139,17,744.5,43.794117647058826,35.470588235294116,421.61,24.800588235294118,0.5776470588235294,1,Frequent High-Value Users
CUST_03140,19,812.2,42.747368421052634,40.421052631578945,481.98,25.367368421052632,0.5957894736842105,1,Frequent High-Value Users
CUST_03141,20,911.0,45.55,35.75,533.7,26.685000000000002,0.5900000000000001,1,Frequent High-Value Users
CUST_03142,15,815.0,54.333333333333336,28.533333333333335,482.13,32.142,0.5920000000000001,1,Frequent High-Value Users
CUST_03143,12,498.6,41.550000000000004,39.333333333333336,303.69,25.3075,0.605,1,Frequent High-Value Users
CUST_03144,16,719.5,44.96875,34.5,426.5,26.65625,0.5975,1,Frequent High-Value Users
CUST_03145,18,829.5,46.083333333333336,37.388888888888886,492.29,27.349444444444444,0.5983333333333333,1,Frequent High-Value Users
CUST_03146,11,470.4,42.76363636363636,34.63636363636363,279.69,25.426363636363636,0.5927272727272727,1,Frequent High-Value Users
CUST_03147,14,575.5,41.107142857142854,40.142857142857146,339.64,24.259999999999998,0.5864285714285714,1,Frequent High-Value Users
CUST_03148,14,615.4,43.957142857142856,34.214285714285715,356.87,25.490714285714287,0.5714285714285714,1,Frequent High-Value Users
CUST_03149,12,581.2,48.43333333333334,39.0,336.62,28.051666666666666,0.5766666666666667,1,Frequent High-Value Users
CUST_03150,7,358.0,51.142857142857146,31.0,219.96,31.422857142857143,0.6114285714285714,1,Frequent High-Value Users
CUST_03151,15,791.8,52.78666666666666,30.266666666666666,465.54,31.036,0.59,1,Frequent High-Value Users
CUST_03152,13,708.4,54.49230769230769,29.615384615384617,436.97,33.613076923076925,0.6053846153846154,1,Frequent High-Value Users
CUST_03153,19,889.7,46.82631578947369,35.31578947368421,518.29,27.278421052631575,0.5842105263157894,1,Frequent High-Value Users
CUST_03154,16,742.8,46.425,34.5625,444.95,27.809375,0.61,1,Frequent High-Value Users
CUST_03155,17,805.8,47.4,35.705882352941174,466.90999999999997,27.46529411764706,0.5870588235294117,1,Frequent High-Value Users
CUST_03156,16,734.3,45.89375,35.625,433.38,27.08625,0.6025,1,Frequent High-Value Users
CUST_03157,28,1435.4,51.26428571428572,33.107142857142854,808.13,28.861785714285713,0.5692857142857143,1,Frequent High-Value Users
CUST_03158,17,826.1,48.59411764705882,35.35294117647059,510.57,30.033529411764704,0.6223529411764706,1,Frequent High-Value Users
CUST_03159,19,861.9,45.363157894736844,37.05263157894737,497.28,26.172631578947367,0.5826315789473684,1,Frequent High-Value Users
CUST_03160,14,659.9,47.135714285714286,38.142857142857146,365.98,26.141428571428573,0.5564285714285714,1,Frequent High-Value Users
CUST_03161,16,833.1,52.06875,33.5,494.18,30.88625,0.600625,1,Frequent High-Value Users
CUST_03162,23,1075.1,46.74347826086956,33.65217391304348,628.71,27.33521739130435,0.5917391304347825,1,Frequent High-Value Users
CUST_03163,28,1436.7,51.31071428571429,31.392857142857142,836.26,29.86642857142857,0.5821428571428572,1,Frequent High-Value Users
CUST_03164,23,1095.6,47.63478260869565,34.21739130434783,650.3199999999999,28.27478260869565,0.5952173913043478,1,Frequent High-Value Users
CUST_03165,22,942.6999999999999,42.849999999999994,39.31818181818182,556.91,25.314090909090908,0.5931818181818183,1,Frequent High-Value Users
CUST_03166,10,390.8,39.08,44.2,243.76999999999998,24.377,0.615,1,Frequent High-Value Users
CUST_03167,21,1006.2,47.91428571428572,32.904761904761905,600.84,28.611428571428572,0.599047619047619,1,Frequent High-Value Users
CUST_03168,16,777.0,48.5625,32.25,461.41,28.838125,0.5925,1,Frequent High-Value Users
CUST_03169,26,1231.1,47.349999999999994,33.57692307692308,725.87,27.918076923076924,0.5876923076923077,1,Frequent High-Value Users
CUST_03170,20,1011.7,50.585,32.5,619.2,30.96,0.609,1,Frequent High-Value Users
CUST_03171,19,883.6,46.50526315789474,34.31578947368421,522.33,27.49105263157895,0.5952631578947368,1,Frequent High-Value Users
CUST_03172,16,654.8,40.925,38.9375,390.32,24.395,0.596875,1,Frequent High-Value Users
CUST_03173,10,462.1,46.21,33.5,304.34000000000003,30.434000000000005,0.654,1,Frequent High-Value Users
CUST_03174,17,753.1,44.300000000000004,36.411764705882355,458.62,26.97764705882353,0.6041176470588235,1,Frequent High-Value Users
CUST_03175,14,721.7,51.550000000000004,35.285714285714285,417.88,29.84857142857143,0.5771428571428572,1,Frequent High-Value Users
CUST_03176,20,854.3,42.714999999999996,37.85,509.75,25.4875,0.588,1,Frequent High-Value Users
CUST_03177,22,1094.9,49.76818181818182,32.0,664.04,30.183636363636364,0.5972727272727273,1,Frequent High-Value Users
CUST_03178,23,1128.9,49.082608695652176,33.04347826086956,683.79,29.729999999999997,0.6069565217391305,1,Frequent High-Value Users
CUST_03179,18,789.4,43.855555555555554,39.611111111111114,452.68,25.14888888888889,0.5744444444444444,1,Frequent High-Value Users
CUST_03180,29,1424.1,49.106896551724134,32.37931034482759,836.68,28.851034482758617,0.5917241379310345,1,Frequent High-Value Users
CUST_03181,12,565.3,47.10833333333333,33.416666666666664,345.1,28.758333333333336,0.6083333333333333,1,Frequent High-Value Users
CUST_03182,20,924.6,46.230000000000004,32.15,546.45,27.3225,0.5885,1,Frequent High-Value Users
CUST_03183,12,553.4,46.11666666666667,33.166666666666664,330.82,27.56833333333333,0.5925,1,Frequent High-Value Users
CUST_03184,26,1394.0,53.61538461538461,32.11538461538461,847.3199999999999,32.58923076923077,0.6092307692307692,1,Frequent High-Value Users
CUST_03185,20,1046.4,52.32000000000001,30.95,662.77,33.1385,0.6315,1,Frequent High-Value Users
CUST_03186,19,882.8,46.46315789473684,36.473684210526315,527.5699999999999,27.766842105263155,0.5973684210526315,1,Frequent High-Value Users
CUST_03187,21,947.6999999999999,45.128571428571426,36.476190476190474,582.88,27.756190476190476,0.600952380952381,1,Frequent High-Value Users
CUST_03188,15,865.0,57.666666666666664,29.533333333333335,486.9,32.46,0.5733333333333334,1,Frequent High-Value Users
CUST_03189,19,972.6,51.189473684210526,33.26315789473684,564.49,29.71,0.5857894736842105,1,Frequent High-Value Users
CUST_03190,21,847.0,40.333333333333336,39.904761904761905,505.44,24.068571428571428,0.6019047619047619,1,Frequent High-Value Users
CUST_03191,22,945.8,42.99090909090909,38.72727272727273,560.32,25.469090909090912,0.5981818181818181,1,Frequent High-Value Users
CUST_03192,22,1087.9,49.45,33.81818181818182,647.67,29.439545454545453,0.595,1,Frequent High-Value Users
CUST_03193,17,860.5,50.61764705882353,34.94117647058823,515.3299999999999,30.3135294117647,0.5976470588235294,1,Frequent High-Value Users
CUST_03194,24,1137.1,47.37916666666666,35.625,646.79,26.949583333333333,0.5670833333333333,1,Frequent High-Value Users
CUST_03195,10,495.9,49.589999999999996,31.2,309.8,30.98,0.614,1,Frequent High-Value Users
CUST_03196,23,1069.6,46.50434782608695,37.95652173913044,642.8,27.94782608695652,0.6047826086956521,1,Frequent High-Value Users
CUST_03197,23,1069.4,46.49565217391305,35.130434782608695,637.47,27.71608695652174,0.5921739130434782,1,Frequent High-Value Users
CUST_03198,20,891.6,44.58,34.5,542.8,27.139999999999997,0.61,1,Frequent High-Value Users
CUST_03199,25,1231.8,49.272,37.04,750.9399999999999,30.037599999999998,0.6148,1,Frequent High-Value Users
CUST_03200,14,708.3,50.59285714285714,35.57142857142857,397.56,28.397142857142857,0.5528571428571428,1,Frequent High-Value Users
CUST_03201,15,649.0,43.266666666666666,34.666666666666664,373.4,24.89333333333333,0.5846666666666667,1,Frequent High-Value Users
CUST_03202,16,741.2,46.325,34.75,461.06,28.81625,0.625,1,Frequent High-Value Users
CUST_03203,21,1162.0,55.333333333333336,28.095238095238095,678.5,32.30952380952381,0.590952380952381,1,Frequent High-Value Users
CUST_03204,18,841.3000000000001,46.738888888888894,36.05555555555556,513.0600000000001,28.503333333333337,0.6133333333333333,1,Frequent High-Value Users
CUST_03205,19,911.5,47.973684210526315,36.89473684210526,532.48,28.025263157894738,0.5836842105263158,1,Frequent High-Value Users
CUST_03206,14,607.6,43.4,38.357142857142854,366.37,26.169285714285714,0.597857142857143,1,Frequent High-Value Users
CUST_03207,15,747.5,49.833333333333336,30.533333333333335,437.92,29.194666666666667,0.5873333333333334,1,Frequent High-Value Users
CUST_03208,19,819.9,43.152631578947364,38.578947368421055,481.32,25.332631578947368,0.5926315789473684,1,Frequent High-Value Users
CUST_03209,16,809.9,50.61875,34.875,474.24,29.64,0.58375,1,Frequent High-Value Users
CUST_03210,20,949.8000000000001,47.49,32.3,562.22,28.111,0.5985,1,Frequent High-Value Users
CUST_03211,21,865.5,41.214285714285715,37.285714285714285,530.8199999999999,25.277142857142856,0.6114285714285714,1,Frequent High-Value Users
CUST_03212,16,711.3,44.45625,39.4375,422.21000000000004,26.388125000000002,0.596875,1,Frequent High-Value Users
CUST_03213,17,801.4,47.141176470588235,34.11764705882353,466.87,27.46294117647059,0.5870588235294117,1,Frequent High-Value Users
CUST_03214,11,458.6,41.690909090909095,36.36363636363637,260.0,23.636363636363637,0.5645454545454546,1,Frequent High-Value Users
CUST_03215,14,669.2,47.800000000000004,32.642857142857146,405.93,28.995,0.6092857142857142,1,Frequent High-Value Users
CUST_03216,26,1220.7,46.95,35.69230769230769,706.05,27.15576923076923,0.58,1,Frequent High-Value Users
CUST_03217,17,746.1,43.88823529411765,36.88235294117647,462.74,27.22,0.6129411764705882,1,Frequent High-Value Users
CUST_03218,19,916.0,48.21052631578947,34.31578947368421,545.8,28.72631578947368,0.5921052631578947,1,Frequent High-Value Users
CUST_03219,10,481.6,48.160000000000004,32.5,282.63,28.262999999999998,0.599,1,Frequent High-Value Users
CUST_03220,17,796.6999999999999,46.864705882352936,33.529411764705884,468.87,27.58058823529412,0.6029411764705882,1,Frequent High-Value Users
CUST_03221,17,805.1,47.358823529411765,35.411764705882355,479.07,28.180588235294117,0.5964705882352942,1,Frequent High-Value Users
CUST_03222,24,1065.6,44.4,39.583333333333336,629.86,26.24416666666667,0.5975,1,Frequent High-Value Users
CUST_03223,22,1232.3,56.01363636363636,27.0,727.35,33.06136363636364,0.5868181818181818,1,Frequent High-Value Users
CUST_03224,21,1005.2,47.86666666666667,37.04761904761905,601.65,28.65,0.6028571428571429,1,Frequent High-Value Users
CUST_03225,12,596.1,49.675000000000004,28.666666666666668,337.81,28.150833333333335,0.5641666666666666,1,Frequent High-Value Users
CUST_03226,19,882.6,46.45263157894737,36.68421052631579,509.37,26.80894736842105,0.5773684210526316,1,Frequent High-Value Users
CUST_03227,18,811.3,45.07222222222222,36.05555555555556,463.28999999999996,25.73833333333333,0.5688888888888889,1,Frequent High-Value Users
CUST_03228,15,741.1,49.406666666666666,30.8,460.37,30.691333333333333,0.6166666666666667,1,Frequent High-Value Users
CUST_03229,23,1004.9,43.69130434782608,35.47826086956522,602.46,26.19391304347826,0.5943478260869565,1,Frequent High-Value Users
CUST_03230,15,651.8,43.45333333333333,38.13333333333333,381.62,25.441333333333333,0.592,1,Frequent High-Value Users
CUST_03231,17,823.4,48.43529411764706,32.0,479.96,28.232941176470586,0.5794117647058823,1,Frequent High-Value Users
CUST_03232,9,421.3,46.81111111111111,29.0,248.09,27.565555555555555,0.5977777777777777,1,Frequent High-Value Users
CUST_03233,24,1028.0,42.833333333333336,36.625,620.59,25.857916666666668,0.6045833333333334,1,Frequent High-Value Users
CUST_03234,19,852.1,44.847368421052636,38.0,514.32,27.06947368421053,0.6047368421052631,1,Frequent High-Value Users
CUST_03235,19,832.0,43.78947368421053,38.578947368421055,491.7,25.878947368421052,0.5957894736842105,1,Frequent High-Value Users
CUST_03236,20,994.7,49.735,33.65,590.25,29.5125,0.5855,1,Frequent High-Value Users
CUST_03237,16,745.1,46.56875,38.1875,425.99,26.624375,0.5775,1,Frequent High-Value Users
CUST_03238,18,884.0,49.111111111111114,33.22222222222222,526.6,29.255555555555556,0.5916666666666667,1,Frequent High-Value Users
CUST_03239,23,994.9,43.256521739130434,36.391304347826086,592.77,25.772608695652174,0.5973913043478261,1,Frequent High-Value Users
CUST_03240,18,810.5,45.02777777777778,38.27777777777778,506.28,28.126666666666665,0.6216666666666666,1,Frequent High-Value Users
CUST_03241,24,1073.2,44.71666666666667,35.708333333333336,645.7,26.90416666666667,0.6041666666666666,1,Frequent High-Value Users
CUST_03242,15,680.1,45.34,33.333333333333336,409.32,27.288,0.5993333333333334,1,Frequent High-Value Users
CUST_03243,16,727.0,45.4375,37.1875,434.83,27.176875,0.604375,1,Frequent High-Value Users
CUST_03244,13,649.2,49.93846153846154,31.076923076923077,380.05,29.234615384615385,0.58,1,Frequent High-Value Users
CUST_03245,14,536.6,38.32857142857143,38.714285714285715,324.08,23.148571428571426,0.6014285714285714,1,Frequent High-Value Users
CUST_03246,20,1118.7,55.935,30.15,664.24,33.212,0.5965,1,Frequent High-Value Users
CUST_03247,16,745.8,46.6125,35.0625,426.46,26.65375,0.5775,1,Frequent High-Value Users
CUST_03248,20,1029.8,51.489999999999995,33.2,602.73,30.1365,0.5815,1,Frequent High-Value Users
CUST_03249,19,888.2,46.747368421052634,33.26315789473684,511.98,26.946315789473687,0.5836842105263158,1,Frequent High-Value Users
CUST_03250,23,1169.3,50.839130434782604,31.608695652173914,671.89,29.21260869565217,0.5778260869565218,1,Frequent High-Value Users
CUST_03251,16,761.5,47.59375,36.0,451.05,28.190625,0.5862499999999999,1,Frequent High-Value Users
CUST_03252,14,712.4,50.885714285714286,33.07142857142857,408.08,29.148571428571426,0.5735714285714285,1,Frequent High-Value Users
CUST_03253,17,868.8,51.10588235294117,27.764705882352942,503.07,29.592352941176472,0.5747058823529412,1,Frequent High-Value Users
CUST_03254,21,1084.0,51.61904761904762,30.095238095238095,643.23,30.630000000000003,0.5985714285714285,1,Frequent High-Value Users
CUST_03255,16,909.6,56.85,27.75,514.19,32.136875,0.561875,1,Frequent High-Value Users
CUST_03256,14,614.9,43.92142857142857,37.07142857142857,344.34000000000003,24.595714285714287,0.5650000000000001,1,Frequent High-Value Users
CUST_03257,14,634.0,45.285714285714285,36.214285714285715,383.58,27.398571428571426,0.6,1,Frequent High-Value Users
CUST_03258,15,639.9,42.66,39.93333333333333,374.87,24.991333333333333,0.5833333333333334,1,Frequent High-Value Users
CUST_03259,18,894.0,49.666666666666664,34.111111111111114,526.53,29.251666666666665,0.5866666666666667,1,Frequent High-Value Users
CUST_03260,16,771.6,48.225,34.5,444.98,27.81125,0.58875,1,Frequent High-Value Users
CUST_03261,15,684.7,45.64666666666667,37.53333333333333,398.63,26.575333333333333,0.5793333333333333,1,Frequent High-Value Users
CUST_03262,20,884.6,44.230000000000004,40.2,524.06,26.202999999999996,0.593,1,Frequent High-Value Users
CUST_03263,15,628.5,41.9,35.733333333333334,362.75,24.183333333333334,0.574,1,Frequent High-Value Users
CUST_03264,16,732.8,45.8,36.1875,432.93,27.058125,0.59,1,Frequent High-Value Users
CUST_03265,21,985.1,46.90952380952381,35.0,593.99,28.285238095238096,0.6009523809523809,1,Frequent High-Value Users
CUST_03266,22,898.2,40.82727272727273,39.72727272727273,512.09,23.276818181818182,0.5736363636363636,1,Frequent High-Value Users
CUST_03267,20,957.6999999999999,47.885,35.95,581.37,29.0685,0.6045,1,Frequent High-Value Users
CUST_03268,18,796.0,44.22222222222222,33.22222222222222,473.42,26.301111111111112,0.5966666666666667,1,Frequent High-Value Users
CUST_03269,30,1446.7,48.223333333333336,32.06666666666667,866.4,28.88,0.5896666666666667,1,Frequent High-Value Users
CUST_03270,22,956.4,43.47272727272727,37.45454545454545,543.37,24.698636363636364,0.5645454545454546,1,Frequent High-Value Users
CUST_03271,15,795.5,53.03333333333333,32.0,487.89,32.525999999999996,0.62,1,Frequent High-Value Users
CUST_03272,17,783.9,46.11176470588235,39.705882352941174,462.05,27.179411764705883,0.5888235294117647,1,Frequent High-Value Users
CUST_03273,11,494.7,44.97272727272727,33.36363636363637,310.38,28.216363636363635,0.6345454545454545,1,Frequent High-Value Users
CUST_03274,19,851.4,44.810526315789474,35.21052631578947,498.06,26.213684210526317,0.578421052631579,1,Frequent High-Value Users
CUST_03275,12,528.0,44.0,38.583333333333336,307.59000000000003,25.632500000000004,0.5708333333333333,1,Frequent High-Value Users
CUST_03276,24,1124.9,46.87083333333334,33.166666666666664,690.7,28.77916666666667,0.615,1,Frequent High-Value Users
CUST_03277,19,961.4,50.6,34.10526315789474,580.08,30.530526315789476,0.6026315789473685,1,Frequent High-Value Users
CUST_03278,21,1039.7,49.50952380952381,34.38095238095238,653.72,31.12952380952381,0.6347619047619047,1,Frequent High-Value Users
CUST_03279,24,1027.4,42.80833333333334,34.333333333333336,591.12,24.63,0.57625,1,Frequent High-Value Users
CUST_03280,14,700.0,50.0,33.714285714285715,423.11,30.22214285714286,0.6064285714285714,1,Frequent High-Value Users
CUST_03281,18,811.8,45.099999999999994,37.0,485.39,26.96611111111111,0.5944444444444444,1,Frequent High-Value Users
CUST_03282,26,1219.0,46.88461538461539,35.30769230769231,705.36,27.12923076923077,0.5803846153846154,1,Frequent High-Value Users
CUST_03283,22,1090.9,49.58636363636364,32.40909090909091,616.5799999999999,28.026363636363634,0.5709090909090909,1,Frequent High-Value Users
CUST_03284,20,1031.1,51.55499999999999,34.75,601.87,30.0935,0.58,1,Frequent High-Value Users
CUST_03285,12,560.5,46.708333333333336,33.916666666666664,324.97,27.080833333333334,0.5825,1,Frequent High-Value Users
CUST_03286,20,920.0,46.0,36.85,544.28,27.214,0.5940000000000001,1,Frequent High-Value Users
CUST_03287,13,551.9,42.45384615384615,36.84615384615385,329.56,25.35076923076923,0.5961538461538461,1,Frequent High-Value Users
CUST_03288,21,1083.6,51.599999999999994,31.857142857142858,620.66,29.555238095238092,0.570952380952381,1,Frequent High-Value Users
CUST_03289,24,1012.6999999999999,42.19583333333333,39.041666666666664,624.52,26.021666666666665,0.6104166666666667,1,Frequent High-Value Users
CUST_03290,14,607.4,43.385714285714286,33.07142857142857,377.58,26.97,0.6185714285714285,1,Frequent High-Value Users
CUST_03291,16,793.3,49.58125,36.9375,466.2,29.1375,0.590625,1,Frequent High-Value Users
CUST_03292,19,951.6,50.08421052631579,32.31578947368421,549.87,28.940526315789473,0.5878947368421052,1,Frequent High-Value Users
CUST_03293,17,880.6,51.800000000000004,33.529411764705884,525.95,30.93823529411765,0.6005882352941176,1,Frequent High-Value Users
CUST_03294,13,660.2,50.784615384615385,32.84615384615385,401.98,30.921538461538464,0.6076923076923078,1,Frequent High-Value Users
CUST_03295,18,938.8000000000001,52.15555555555556,30.0,558.61,31.03388888888889,0.5988888888888888,1,Frequent High-Value Users
CUST_03296,20,971.9,48.595,32.05,554.08,27.704,0.568,1,Frequent High-Value Users
CUST_03297,16,754.9,47.18125,38.3125,444.27,27.766875,0.591875,1,Frequent High-Value Users
CUST_03298,20,924.9,46.245,36.5,535.77,26.7885,0.577,1,Frequent High-Value Users
CUST_03299,23,993.5,43.19565217391305,39.69565217391305,569.5,24.76086956521739,0.5817391304347826,1,Frequent High-Value Users
CUST_03300,22,1210.8,55.03636363636363,31.954545454545453,719.76,32.71636363636364,0.5977272727272728,1,Frequent High-Value Users
CUST_03301,16,652.7,40.79375,42.4375,391.25,24.453125,0.59625,1,Frequent High-Value Users
CUST_03302,15,653.3,43.55333333333333,38.93333333333333,384.87,25.658,0.5893333333333334,1,Frequent High-Value Users
CUST_03303,14,572.3,40.878571428571426,43.714285714285715,354.39,25.31357142857143,0.62,1,Frequent High-Value Users
CUST_03304,19,969.8,51.04210526315789,33.421052631578945,571.64,30.086315789473684,0.5926315789473684,1,Frequent High-Value Users
CUST_03305,16,674.2,42.1375,36.875,404.96000000000004,25.310000000000002,0.61,1,Frequent High-Value Users
CUST_03306,22,1058.3,48.10454545454545,34.22727272727273,626.96,28.49818181818182,0.5954545454545455,1,Frequent High-Value Users
CUST_03307,18,714.1,39.672222222222224,41.44444444444444,421.19,23.399444444444445,0.5888888888888889,1,Frequent High-Value Users
CUST_03308,15,745.0,49.666666666666664,29.866666666666667,448.81,29.920666666666666,0.6053333333333334,1,Frequent High-Value Users
CUST_03309,14,725.4,51.81428571428571,29.357142857142858,418.67,29.905,0.5685714285714286,1,Frequent High-Value Users
CUST_03310,19,921.5,48.5,34.526315789473685,536.64,28.24421052631579,0.5836842105263158,1,Frequent High-Value Users
CUST_03311,13,575.3,44.25384615384615,35.53846153846154,326.89,25.145384615384614,0.5746153846153846,1,Frequent High-Value Users
CUST_03312,20,891.1,44.555,35.95,533.99,26.6995,0.6045,1,Frequent High-Value Users
CUST_03313,22,1169.5,53.15909090909091,32.22727272727273,685.94,31.179090909090913,0.5854545454545454,1,Frequent High-Value Users
CUST_03314,20,837.7,41.885000000000005,37.05,508.48,25.424,0.6065,1,Frequent High-Value Users
CUST_03315,23,1024.2,44.5304347826087,35.56521739130435,601.11,26.135217391304348,0.5904347826086956,1,Frequent High-Value Users
CUST_03316,18,761.1,42.28333333333333,41.44444444444444,455.19,25.288333333333334,0.5972222222222222,1,Frequent High-Value Users
CUST_03317,23,1066.8,46.38260869565217,34.69565217391305,637.14,27.70173913043478,0.5956521739130435,1,Frequent High-Value Users
CUST_03318,18,788.5,43.80555555555556,38.666666666666664,474.46000000000004,26.35888888888889,0.5988888888888888,1,Frequent High-Value Users
CUST_03319,18,806.3,44.794444444444444,37.888888888888886,476.9,26.494444444444444,0.5883333333333334,1,Frequent High-Value Users
CUST_03320,13,537.6,41.353846153846156,38.84615384615385,324.11,24.931538461538462,0.6084615384615385,1,Frequent High-Value Users
CUST_03321,19,947.0,49.8421052631579,35.473684210526315,552.89,29.099473684210526,0.5842105263157894,1,Frequent High-Value Users
CUST_03322,25,1192.0,47.68,37.12,700.11,28.0044,0.5816,1,Frequent High-Value Users
CUST_03323,15,685.1,45.67333333333333,37.46666666666667,399.5,26.633333333333333,0.58,1,Frequent High-Value Users
CUST_03324,17,870.0,51.1764705882353,35.705882352941174,525.62,30.918823529411764,0.6064705882352941,1,Frequent High-Value Users
CUST_03325,17,936.6,55.09411764705882,32.76470588235294,553.49,32.55823529411765,0.5876470588235294,1,Frequent High-Value Users
CUST_03326,20,911.4,45.57,33.05,520.88,26.044,0.5665,1,Frequent High-Value Users
CUST_03327,17,735.2,43.247058823529414,37.05882352941177,444.86,26.168235294117647,0.5988235294117646,1,Frequent High-Value Users
CUST_03328,10,485.5,48.55,33.3,279.69,27.969,0.58,1,Frequent High-Value Users
CUST_03329,22,1078.8,49.03636363636363,31.227272727272727,605.77,27.535,0.5645454545454546,1,Frequent High-Value Users
CUST_03330,18,736.4,40.91111111111111,35.27777777777778,432.71,24.03944444444444,0.5866666666666667,1,Frequent High-Value Users
CUST_03331,18,918.3,51.016666666666666,31.77777777777778,544.18,30.23222222222222,0.5966666666666667,1,Frequent High-Value Users
CUST_03332,11,536.6,48.78181818181818,34.27272727272727,323.58,29.416363636363634,0.6081818181818183,1,Frequent High-Value Users
CUST_03333,11,470.1,42.73636363636364,37.0,274.58,24.96181818181818,0.5809090909090909,1,Frequent High-Value Users
CUST_03334,14,591.1,42.221428571428575,41.57142857142857,340.13,24.294999999999998,0.5828571428571429,1,Frequent High-Value Users
CUST_03335,15,702.5,46.833333333333336,33.53333333333333,406.56,27.104,0.5760000000000001,1,Frequent High-Value Users
CUST_03336,21,1020.3,48.58571428571428,32.714285714285715,604.6800000000001,28.794285714285717,0.5866666666666667,1,Frequent High-Value Users
CUST_03337,19,971.8,51.147368421052626,31.842105263157894,544.23,28.643684210526317,0.5657894736842105,1,Frequent High-Value Users
CUST_03338,16,742.7,46.41875,38.0625,443.72,27.7325,0.596875,1,Frequent High-Value Users
CUST_03339,30,1536.2,51.20666666666667,34.03333333333333,885.48,29.516000000000002,0.5756666666666667,1,Frequent High-Value Users
CUST_03340,24,1163.6,48.48333333333333,33.166666666666664,684.19,28.50791666666667,0.5912499999999999,1,Frequent High-Value Users
CUST_03341,19,920.6,48.45263157894737,31.42105263157895,545.45,28.707894736842107,0.5947368421052632,1,Frequent High-Value Users
CUST_03342,15,769.0,51.266666666666666,32.13333333333333,452.0,30.133333333333333,0.5853333333333333,1,Frequent High-Value Users
CUST_03343,16,786.1,49.13125,35.6875,473.01,29.563125,0.604375,1,Frequent High-Value Users
CUST_03344,11,453.9,41.26363636363636,37.36363636363637,262.41,23.85545454545455,0.5618181818181818,1,Frequent High-Value Users
CUST_03345,13,567.3000000000001,43.63846153846154,38.61538461538461,350.65,26.97307692307692,0.6161538461538462,1,Frequent High-Value Users
CUST_03346,17,753.5,44.3235294117647,35.529411764705884,437.54,25.73764705882353,0.5823529411764706,1,Frequent High-Value Users
CUST_03347,19,923.1,48.58421052631579,34.36842105263158,523.72,27.56421052631579,0.5778947368421052,1,Frequent High-Value Users
CUST_03348,16,729.6,45.6,36.25,435.98,27.24875,0.595,1,Frequent High-Value Users
CUST_03349,15,802.4,53.49333333333333,30.933333333333334,481.90000000000003,32.12666666666667,0.5973333333333334,1,Frequent High-Value Users
CUST_03350,15,701.6,46.77333333333333,36.06666666666667,413.33,27.555333333333333,0.586,1,Frequent High-Value Users
CUST_03351,27,1344.9,49.81111111111112,29.666666666666668,799.85,29.624074074074073,0.5937037037037037,1,Frequent High-Value Users
CUST_03352,9,400.7,44.52222222222222,40.0,232.95,25.883333333333333,0.5733333333333334,1,Frequent High-Value Users
CUST_03353,12,691.6,57.63333333333333,29.333333333333332,397.78999999999996,33.149166666666666,0.5816666666666667,1,Frequent High-Value Users
CUST_03354,16,666.9,41.68125,38.25,397.46,24.84125,0.5875,1,Frequent High-Value Users
CUST_03355,17,818.9,48.17058823529412,35.11764705882353,478.37,28.139411764705883,0.5823529411764706,1,Frequent High-Value Users
CUST_03356,29,1328.1,45.79655172413793,35.689655172413794,793.65,27.367241379310343,0.6020689655172414,1,Frequent High-Value Users
CUST_03357,8,329.9,41.2375,40.25,190.01,23.75125,0.58,1,Frequent High-Value Users
CUST_03358,15,726.8,48.45333333333333,32.13333333333333,422.27,28.151333333333334,0.5873333333333334,1,Frequent High-Value Users
CUST_03359,20,1112.8,55.64,30.45,644.21,32.2105,0.5820000000000001,1,Frequent High-Value Users
CUST_03360,21,1048.8,49.94285714285714,33.904761904761905,608.05,28.954761904761902,0.58,1,Frequent High-Value Users
CUST_03361,12,526.8,43.9,37.166666666666664,322.32,26.86,0.6083333333333333,1,Frequent High-Value Users
CUST_03362,18,880.9,48.93888888888889,35.44444444444444,542.12,30.11777777777778,0.6188888888888889,1,Frequent High-Value Users
CUST_03363,19,969.3,51.01578947368421,28.842105263157894,554.55,29.186842105263157,0.5757894736842105,1,Frequent High-Value Users
CUST_03364,19,881.1,46.373684210526314,35.63157894736842,528.04,27.791578947368418,0.5994736842105264,1,Frequent High-Value Users
CUST_03365,17,818.9,48.17058823529412,35.76470588235294,487.45,28.673529411764704,0.5876470588235294,1,Frequent High-Value Users
CUST_03366,27,1256.8,46.548148148148144,35.629629629629626,759.65,28.135185185185183,0.6085185185185185,1,Frequent High-Value Users
CUST_03367,18,846.4,47.02222222222222,36.27777777777778,508.81,28.267222222222223,0.5966666666666667,1,Frequent High-Value Users
CUST_03368,15,643.3,42.88666666666666,38.666666666666664,366.35,24.423333333333336,0.5766666666666667,1,Frequent High-Value Users
CUST_03369,13,615.0,47.30769230769231,34.84615384615385,360.89,27.76076923076923,0.5853846153846154,1,Frequent High-Value Users
CUST_03370,24,1154.4,48.1,34.625,694.24,28.926666666666666,0.5945833333333334,1,Frequent High-Value Users
CUST_03371,18,883.6999999999999,49.09444444444444,34.44444444444444,519.64,28.86888888888889,0.5855555555555555,1,Frequent High-Value Users
CUST_03372,15,745.7,49.71333333333334,28.933333333333334,424.38,28.291999999999998,0.5753333333333334,1,Frequent High-Value Users
CUST_03373,17,859.5,50.55882352941177,31.176470588235293,514.92,30.28941176470588,0.6,1,Frequent High-Value Users
CUST_03374,25,1165.6,46.623999999999995,35.96,687.24,27.4896,0.5924,1,Frequent High-Value Users
CUST_03375,24,1002.7,41.77916666666667,36.583333333333336,588.53,24.52208333333333,0.5883333333333334,1,Frequent High-Value Users
CUST_03376,14,599.0,42.785714285714285,40.357142857142854,347.38,24.812857142857144,0.5800000000000001,1,Frequent High-Value Users
CUST_03377,16,651.0,40.6875,40.375,401.52,25.095,0.615,1,Frequent High-Value Users
CUST_03378,20,990.7,49.535000000000004,34.3,578.83,28.9415,0.592,1,Frequent High-Value Users
CUST_03379,21,969.7,46.17619047619048,33.904761904761905,572.84,27.27809523809524,0.5852380952380952,1,Frequent High-Value Users
CUST_03380,14,653.6,46.68571428571429,34.285714285714285,388.61,27.757857142857144,0.5942857142857143,1,Frequent High-Value Users
CUST_03381,9,461.2,51.24444444444444,31.555555555555557,274.72,30.52444444444445,0.5933333333333333,1,Frequent High-Value Users
CUST_03382,18,906.8,50.37777777777777,33.0,550.03,30.557222222222222,0.6088888888888889,1,Frequent High-Value Users
CUST_03383,13,489.8,37.676923076923075,40.23076923076923,288.62,22.201538461538462,0.5915384615384615,1,Frequent High-Value Users
CUST_03384,17,848.8,49.92941176470588,37.11764705882353,499.52,29.383529411764705,0.5941176470588235,1,Frequent High-Value Users
CUST_03385,11,602.0,54.72727272727273,29.363636363636363,361.7,32.88181818181818,0.6081818181818183,1,Frequent High-Value Users
CUST_03386,27,1384.1,51.26296296296296,29.88888888888889,832.94,30.849629629629632,0.5988888888888889,1,Frequent High-Value Users
CUST_03387,26,1097.8,42.223076923076924,38.73076923076923,649.78,24.99153846153846,0.6019230769230769,1,Frequent High-Value Users
CUST_03388,19,828.2,43.58947368421053,37.8421052631579,479.33,25.227894736842103,0.5752631578947368,1,Frequent High-Value Users
CUST_03389,10,496.0,49.6,30.7,293.97,29.397000000000002,0.593,1,Frequent High-Value Users
CUST_03390,16,836.4,52.275,31.5625,502.08,31.38,0.596875,1,Frequent High-Value Users
CUST_03391,17,796.7,46.86470588235294,36.23529411764706,485.27,28.545294117647057,0.6105882352941177,1,Frequent High-Value Users
CUST_03392,18,956.2,53.12222222222223,31.166666666666668,567.6,31.533333333333335,0.5883333333333334,1,Frequent High-Value Users
CUST_03393,17,649.5,38.205882352941174,40.8235294117647,379.68,22.334117647058825,0.5864705882352942,1,Frequent High-Value Users
CUST_03394,20,842.8,42.14,38.35,506.78000000000003,25.339000000000002,0.6015,1,Frequent High-Value Users
CUST_03395,16,791.0,49.4375,27.5625,473.54,29.59625,0.6,1,Frequent High-Value Users
CUST_03396,26,1308.2,50.315384615384616,31.076923076923077,788.3100000000001,30.319615384615386,0.6007692307692307,1,Frequent High-Value Users
CUST_03397,16,837.1,52.31875,30.625,486.01,30.375625,0.580625,1,Frequent High-Value Users
CUST_03398,12,596.8,49.73333333333333,30.0,370.54,30.878333333333334,0.615,1,Frequent High-Value Users
CUST_03399,19,919.1,48.373684210526314,36.63157894736842,537.0,28.263157894736842,0.5973684210526315,1,Frequent High-Value Users
CUST_03400,19,913.1,48.05789473684211,32.0,525.44,27.654736842105265,0.5773684210526316,1,Frequent High-Value Users
CUST_03401,15,653.2,43.54666666666667,37.4,395.82,26.387999999999998,0.608,1,Frequent High-Value Users
CUST_03402,27,1144.7,42.3962962962963,34.25925925925926,689.8000000000001,25.54814814814815,0.5974074074074074,1,Frequent High-Value Users
CUST_03403,21,1001.4,47.68571428571428,38.714285714285715,614.48,29.260952380952382,0.6176190476190476,1,Frequent High-Value Users
CUST_03404,14,631.8,45.128571428571426,35.642857142857146,387.36,27.66857142857143,0.6207142857142857,1,Frequent High-Value Users
CUST_03405,15,620.5,41.36666666666667,42.13333333333333,378.84000000000003,25.256000000000004,0.61,1,Frequent High-Value Users
CUST_03406,17,726.3000000000001,42.72352941176471,39.294117647058826,429.76,25.28,0.581764705882353,1,Frequent High-Value Users
CUST_03407,17,863.6,50.800000000000004,32.11764705882353,516.62,30.389411764705883,0.5941176470588235,1,Frequent High-Value Users
CUST_03408,18,816.6,45.36666666666667,37.05555555555556,491.81,27.322777777777777,0.605,1,Frequent High-Value Users
CUST_03409,21,910.7,43.36666666666667,37.0,528.34,25.15904761904762,0.5823809523809524,1,Frequent High-Value Users
CUST_03410,20,847.2,42.36,35.6,508.62,25.431,0.599,1,Frequent High-Value Users
CUST_03411,19,878.0,46.21052631578947,34.63157894736842,497.14,26.165263157894735,0.5689473684210526,1,Frequent High-Value Users
CUST_03412,19,894.9,47.1,34.578947368421055,525.18,27.641052631578944,0.5863157894736842,1,Frequent High-Value Users
CUST_03413,15,613.0,40.86666666666667,40.733333333333334,361.14,24.076,0.59,1,Frequent High-Value Users
CUST_03414,20,887.3,44.364999999999995,34.5,514.79,25.7395,0.5815,1,Frequent High-Value Users
CUST_03415,24,1117.7,46.57083333333333,37.208333333333336,706.26,29.4275,0.6275000000000001,1,Frequent High-Value Users
CUST_03416,19,914.4,48.126315789473686,35.05263157894737,550.17,28.95631578947368,0.6031578947368421,1,Frequent High-Value Users
CUST_03417,14,667.4,47.67142857142857,35.214285714285715,402.04,28.717142857142857,0.6028571428571429,1,Frequent High-Value Users
CUST_03418,26,1351.9,51.99615384615385,31.115384615384617,800.98,30.806923076923077,0.5973076923076923,1,Frequent High-Value Users
CUST_03419,18,757.4,42.077777777777776,35.333333333333336,450.8,25.044444444444444,0.5983333333333333,1,Frequent High-Value Users
CUST_03420,15,644.8,42.986666666666665,39.4,368.75,24.583333333333332,0.5760000000000001,1,Frequent High-Value Users
CUST_03421,18,907.6,50.422222222222224,33.55555555555556,544.88,30.27111111111111,0.6111111111111112,1,Frequent High-Value Users
CUST_03422,14,702.8,50.199999999999996,35.57142857142857,389.05,27.789285714285715,0.5542857142857143,1,Frequent High-Value Users
CUST_03423,16,771.4,48.2125,35.6875,464.35,29.021875,0.5975,1,Frequent High-Value Users
CUST_03424,18,785.9,43.66111111111111,37.666666666666664,486.53999999999996,27.029999999999998,0.6172222222222222,1,Frequent High-Value Users
CUST_03425,20,930.1,46.505,38.5,523.36,26.168,0.5735,1,Frequent High-Value Users
CUST_03426,18,872.6,48.47777777777778,37.22222222222222,506.42,28.134444444444444,0.5866666666666667,1,Frequent High-Value Users
CUST_03427,13,556.0,42.76923076923077,36.92307692307692,323.83,24.91,0.59,1,Frequent High-Value Users
CUST_03428,16,747.4,46.7125,33.5,446.5,27.90625,0.59875,1,Frequent High-Value Users
CUST_03429,17,773.6,45.50588235294118,36.529411764705884,466.73,27.454705882352943,0.6029411764705882,1,Frequent High-Value Users
CUST_03430,23,1162.5,50.54347826086956,33.0,707.39,30.756086956521738,0.6047826086956521,1,Frequent High-Value Users
CUST_03431,15,727.0,48.46666666666667,34.06666666666667,416.18,27.745333333333335,0.5773333333333334,1,Frequent High-Value Users
CUST_03432,18,935.1,51.95,31.27777777777778,572.76,31.82,0.6044444444444445,1,Frequent High-Value Users
CUST_03433,21,1053.8,50.18095238095238,33.333333333333336,641.83,30.563333333333336,0.6095238095238096,1,Frequent High-Value Users
CUST_03434,13,551.6,42.43076923076923,33.76923076923077,334.08000000000004,25.69846153846154,0.6015384615384616,1,Frequent High-Value Users
CUST_03435,11,461.6,41.96363636363637,36.63636363636363,281.11,25.55545454545455,0.6054545454545455,1,Frequent High-Value Users
CUST_03436,16,692.8,43.3,36.875,410.51,25.656875,0.59375,1,Frequent High-Value Users
CUST_03437,20,904.4,45.22,36.15,546.76,27.338,0.6115,1,Frequent High-Value Users
CUST_03438,22,1172.5,53.29545454545455,32.59090909090909,725.39,32.972272727272724,0.6195454545454546,1,Frequent High-Value Users
CUST_03439,19,914.8,48.147368421052626,34.68421052631579,578.15,30.428947368421053,0.6310526315789474,1,Frequent High-Value Users
CUST_03440,12,568.0,47.333333333333336,35.583333333333336,314.98,26.248333333333335,0.5733333333333334,1,Frequent High-Value Users
CUST_03441,20,949.3,47.464999999999996,34.15,576.76,28.838,0.6014999999999999,1,Frequent High-Value Users
CUST_03442,22,943.9,42.904545454545456,36.59090909090909,574.32,26.10545454545455,0.6090909090909091,1,Frequent High-Value Users
CUST_03443,19,871.4,45.863157894736844,35.73684210526316,516.87,27.203684210526315,0.5952631578947368,1,Frequent High-Value Users
CUST_03444,28,1337.7,47.775,34.607142857142854,802.72,28.66857142857143,0.6050000000000001,1,Frequent High-Value Users
CUST_03445,16,827.4,51.7125,31.0625,484.55,30.284375,0.578125,1,Frequent High-Value Users
CUST_03446,13,573.1,44.08461538461539,34.61538461538461,340.24,26.172307692307694,0.5961538461538461,1,Frequent High-Value Users
CUST_03447,18,881.5,48.97222222222222,30.944444444444443,528.15,29.341666666666665,0.6055555555555556,1,Frequent High-Value Users
CUST_03448,25,1113.1,44.523999999999994,37.12,645.95,25.838,0.5768,1,Frequent High-Value Users
CUST_03449,13,544.8,41.9076923076923,40.84615384615385,326.44,25.11076923076923,0.6,1,Frequent High-Value Users
CUST_03450,23,1079.0,46.91304347826087,37.08695652173913,653.0400000000001,28.39304347826087,0.6021739130434782,1,Frequent High-Value Users
CUST_03451,21,1013.6,48.266666666666666,35.095238095238095,618.85,29.469047619047622,0.6109523809523809,1,Frequent High-Value Users
CUST_03452,17,843.0,49.588235294117645,32.0,490.14,28.831764705882353,0.5952941176470588,1,Frequent High-Value Users
CUST_03453,11,551.3,50.11818181818182,35.0,313.54,28.503636363636364,0.5818181818181819,1,Frequent High-Value Users
CUST_03454,26,1285.8,49.45384615384615,35.80769230769231,743.73,28.605,0.5853846153846154,1,Frequent High-Value Users
CUST_03455,13,568.2,43.70769230769231,37.15384615384615,342.85,26.373076923076926,0.6030769230769231,1,Frequent High-Value Users
CUST_03456,21,1164.9,55.471428571428575,27.80952380952381,679.5,32.357142857142854,0.5814285714285715,1,Frequent High-Value Users
CUST_03457,12,496.5,41.375,41.583333333333336,282.33,23.5275,0.5691666666666667,1,Frequent High-Value Users
CUST_03458,16,872.9,54.55625,29.5,508.68,31.7925,0.5912499999999999,1,Frequent High-Value Users
CUST_03459,18,949.7,52.76111111111111,29.666666666666668,545.91,30.328333333333333,0.5783333333333334,1,Frequent High-Value Users
CUST_03460,19,818.2,43.06315789473685,38.31578947368421,491.15,25.849999999999998,0.6010526315789474,1,Frequent High-Value Users
CUST_03461,19,1033.9,54.415789473684214,31.57894736842105,652.35,34.33421052631579,0.6226315789473684,1,Frequent High-Value Users
CUST_03462,26,1150.8,44.26153846153846,33.65384615384615,672.49,25.865000000000002,0.5857692307692308,1,Frequent High-Value Users
CUST_03463,22,1004.1,45.64090909090909,37.40909090909091,596.76,27.125454545454545,0.5913636363636363,1,Frequent High-Value Users
CUST_03464,11,446.8,40.61818181818182,39.0,260.57,23.688181818181818,0.5772727272727273,1,Frequent High-Value Users
CUST_03465,16,755.5,47.21875,35.0625,461.6,28.85,0.594375,1,Frequent High-Value Users
CUST_03466,21,945.8,45.03809523809524,35.57142857142857,568.48,27.070476190476192,0.6009523809523809,1,Frequent High-Value Users
CUST_03467,14,717.5,51.25,31.642857142857142,408.76,29.197142857142858,0.5735714285714285,1,Frequent High-Value Users
CUST_03468,28,1240.9,44.31785714285714,37.82142857142857,745.95,26.64107142857143,0.6028571428571429,1,Frequent High-Value Users
CUST_03469,19,931.3,49.01578947368421,36.68421052631579,538.6,28.347368421052632,0.5742105263157895,1,Frequent High-Value Users
CUST_03470,20,898.5,44.925,39.15,534.87,26.7435,0.5995,1,Frequent High-Value Users
CUST_03471,18,790.7,43.92777777777778,37.666666666666664,455.0,25.27777777777778,0.5788888888888889,1,Frequent High-Value Users
CUST_03472,20,967.0,48.35,31.05,572.82,28.641000000000002,0.5955,1,Frequent High-Value Users
CUST_03473,28,1390.5,49.660714285714285,32.642857142857146,808.85,28.8875,0.5821428571428572,1,Frequent High-Value Users
CUST_03474,13,651.2,50.0923076923077,34.15384615384615,379.09000000000003,29.160769230769233,0.5907692307692307,1,Frequent High-Value Users
CUST_03475,24,993.8,41.40833333333333,37.708333333333336,599.08,24.96166666666667,0.5995833333333334,1,Frequent High-Value Users
CUST_03476,24,1237.9,51.57916666666667,32.458333333333336,722.64,30.11,0.5870833333333333,1,Frequent High-Value Users
CUST_03477,14,664.5,47.464285714285715,33.357142857142854,405.8,28.985714285714288,0.6107142857142858,1,Frequent High-Value Users
CUST_03478,17,739.1999999999999,43.482352941176465,37.88235294117647,438.63,25.801764705882352,0.5935294117647059,1,Frequent High-Value Users
CUST_03479,15,791.2,52.74666666666667,30.133333333333333,470.9,31.39333333333333,0.5926666666666667,1,Frequent High-Value Users
CUST_03480,19,1024.1,53.9,30.36842105263158,614.85,32.36052631578948,0.5810526315789474,1,Frequent High-Value Users
CUST_03481,20,959.5,47.975,36.4,577.08,28.854000000000003,0.602,1,Frequent High-Value Users
CUST_03482,18,942.0,52.333333333333336,31.88888888888889,568.03,31.557222222222222,0.605,1,Frequent High-Value Users
CUST_03483,25,1184.1,47.364,35.12,707.41,28.2964,0.5983999999999999,1,Frequent High-Value Users
CUST_03484,18,837.9,46.55,34.833333333333336,484.08000000000004,26.893333333333334,0.5733333333333334,1,Frequent High-Value Users
CUST_03485,12,552.7,46.05833333333334,40.5,329.54,27.46166666666667,0.5883333333333333,1,Frequent High-Value Users
CUST_03486,12,582.5,48.541666666666664,34.666666666666664,350.73,29.227500000000003,0.5991666666666667,1,Frequent High-Value Users
CUST_03487,22,904.9,41.13181818181818,40.22727272727273,557.67,25.348636363636363,0.6113636363636363,1,Frequent High-Value Users
CUST_03488,15,680.0,45.333333333333336,35.666666666666664,402.42,26.828,0.5873333333333334,1,Frequent High-Value Users
CUST_03489,16,686.7,42.91875,40.3125,411.99,25.749375,0.596875,1,Frequent High-Value Users
CUST_03490,11,550.4,50.03636363636363,29.90909090909091,324.33,29.484545454545454,0.5881818181818181,1,Frequent High-Value Users
CUST_03491,15,681.2,45.413333333333334,35.86666666666667,427.32,28.488,0.6226666666666667,1,Frequent High-Value Users
CUST_03492,12,462.8,38.56666666666667,39.166666666666664,278.5,23.208333333333332,0.5966666666666667,1,Frequent High-Value Users
CUST_03493,22,1098.9,49.95,32.45454545454545,668.14,30.37,0.5977272727272728,1,Frequent High-Value Users
CUST_03494,25,1015.8,40.632,39.84,589.4,23.576,0.584,1,Frequent High-Value Users
CUST_03495,17,776.4,45.67058823529412,35.294117647058826,476.49,28.028823529411767,0.6176470588235294,1,Frequent High-Value Users
CUST_03496,25,1278.5,51.14,29.72,745.0600000000001,29.802400000000002,0.5844,1,Frequent High-Value Users
CUST_03497,11,572.7,52.06363636363637,30.09090909090909,328.90000000000003,29.900000000000002,0.5818181818181819,1,Frequent High-Value Users
CUST_03498,16,795.2,49.7,31.9375,464.83000000000004,29.051875000000003,0.5825,1,Frequent High-Value Users
CUST_03499,21,1053.3,50.15714285714286,34.19047619047619,605.74,28.844761904761906,0.5823809523809524,1,Frequent High-Value Users
CUST_03500,14,688.0,49.142857142857146,30.571428571428573,413.53,29.537857142857142,0.5964285714285714,1,Frequent High-Value Users
CUST_03501,18,744.1,41.33888888888889,40.0,421.12,23.395555555555557,0.5733333333333334,1,Frequent High-Value Users
CUST_03502,18,857.5,47.638888888888886,32.77777777777778,521.64,28.98,0.6072222222222222,1,Frequent High-Value Users
CUST_03503,19,838.6,44.136842105263156,35.89473684210526,486.49,25.604736842105265,0.5810526315789474,1,Frequent High-Value Users
CUST_03504,17,616.5,36.26470588235294,41.588235294117645,363.04,21.35529411764706,0.5952941176470588,1,Frequent High-Value Users
CUST_03505,19,892.1,46.95263157894737,36.73684210526316,521.51,27.447894736842105,0.5836842105263158,1,Frequent High-Value Users
CUST_03506,21,929.5,44.26190476190476,37.523809523809526,550.42,26.21047619047619,0.5971428571428572,1,Frequent High-Value Users
CUST_03507,14,688.5,49.17857142857143,33.785714285714285,410.57,29.326428571428572,0.6007142857142858,1,Frequent High-Value Users
CUST_03508,23,1134.1,49.30869565217391,31.434782608695652,645.3,28.05652173913043,0.5778260869565217,1,Frequent High-Value Users
CUST_03509,21,999.4,47.59047619047619,30.80952380952381,589.55,28.073809523809523,0.5857142857142857,1,Frequent High-Value Users
CUST_03510,17,792.5,46.61764705882353,36.588235294117645,466.64,27.449411764705882,0.5935294117647059,1,Frequent High-Value Users
CUST_03511,17,905.0,53.23529411764706,32.0,545.87,32.11,0.6023529411764706,1,Frequent High-Value Users
CUST_03512,22,1000.7,45.48636363636364,35.68181818181818,595.46,27.066363636363636,0.5868181818181818,1,Frequent High-Value Users
CUST_03513,22,1180.2,53.64545454545455,32.0,712.6899999999999,32.394999999999996,0.6045454545454546,1,Frequent High-Value Users
CUST_03514,19,857.1,45.11052631578948,37.526315789473685,503.86,26.518947368421053,0.5957894736842105,1,Frequent High-Value Users
CUST_03515,19,814.8,42.88421052631579,38.63157894736842,487.24,25.64421052631579,0.6036842105263158,1,Frequent High-Value Users
CUST_03516,18,842.1,46.78333333333333,36.333333333333336,496.34,27.574444444444442,0.5855555555555555,1,Frequent High-Value Users
CUST_03517,24,1156.6,48.19166666666666,38.125,666.5600000000001,27.773333333333337,0.58625,1,Frequent High-Value Users
CUST_03518,17,925.9,54.46470588235294,28.58823529411765,559.33,32.90176470588236,0.6094117647058823,1,Frequent High-Value Users
CUST_03519,18,877.4,48.74444444444444,33.0,497.18,27.621111111111112,0.5727777777777778,1,Frequent High-Value Users
CUST_03520,12,613.9,51.15833333333333,34.0,372.08,31.006666666666664,0.6083333333333333,1,Frequent High-Value Users
CUST_03521,16,743.2,46.45,38.125,452.46000000000004,28.278750000000002,0.605625,1,Frequent High-Value Users
CUST_03522,23,1026.4,44.626086956521746,40.130434782608695,632.21,27.487391304347828,0.6086956521739131,1,Frequent High-Value Users
CUST_03523,16,781.8,48.8625,32.4375,465.65,29.103125,0.598125,1,Frequent High-Value Users
CUST_03524,10,488.29999999999995,48.83,33.0,289.61,28.961000000000002,0.592,1,Frequent High-Value Users
CUST_03525,12,521.6,43.46666666666667,36.833333333333336,314.04,26.17,0.5975,1,Frequent High-Value Users
CUST_03526,19,998.8,52.56842105263158,28.842105263157894,588.72,30.98526315789474,0.5868421052631579,1,Frequent High-Value Users
CUST_03527,11,440.5,40.04545454545455,36.45454545454545,248.2,22.563636363636363,0.5681818181818182,1,Frequent High-Value Users
CUST_03528,21,910.0,43.333333333333336,35.61904761904762,557.14,26.53047619047619,0.6076190476190476,1,Frequent High-Value Users
CUST_03529,14,654.6,46.75714285714286,36.714285714285715,374.62,26.75857142857143,0.5678571428571428,1,Frequent High-Value Users
CUST_03530,13,570.8,43.9076923076923,33.46153846153846,327.52,25.193846153846152,0.5715384615384616,1,Frequent High-Value Users
CUST_03531,26,1099.9,42.30384615384616,40.80769230769231,654.6,25.176923076923078,0.5973076923076923,1,Frequent High-Value Users
CUST_03532,14,698.7,49.90714285714286,32.07142857142857,436.05,31.146428571428572,0.6185714285714285,1,Frequent High-Value Users
CUST_03533,16,747.0,46.6875,36.0625,425.98,26.62375,0.58125,1,Frequent High-Value Users
CUST_03534,15,724.5,48.3,36.06666666666667,427.59000000000003,28.506000000000004,0.596,1,Frequent High-Value Users
CUST_03535,18,906.7,50.37222222222223,31.5,536.34,29.796666666666667,0.5916666666666667,1,Frequent High-Value Users
CUST_03536,17,781.1,45.94705882352941,35.470588235294116,462.89,27.228823529411763,0.5923529411764706,1,Frequent High-Value Users
CUST_03537,13,541.2,41.63076923076923,38.0,315.06,24.235384615384614,0.5838461538461538,1,Frequent High-Value Users
CUST_03538,16,771.3,48.20625,34.5625,451.28000000000003,28.205000000000002,0.598125,1,Frequent High-Value Users
CUST_03539,22,1184.6,53.845454545454544,30.5,714.62,32.482727272727274,0.6095454545454545,1,Frequent High-Value Users
CUST_03540,9,367.0,40.77777777777778,36.888888888888886,226.68,25.186666666666667,0.6188888888888889,1,Frequent High-Value Users
CUST_03541,17,665.5,39.14705882352941,41.11764705882353,374.06,22.003529411764706,0.5705882352941176,1,Frequent High-Value Users
CUST_03542,13,594.1,45.7,38.07692307692308,363.03,27.925384615384612,0.6069230769230769,1,Frequent High-Value Users
CUST_03543,17,763.4,44.90588235294118,33.0,450.72,26.51294117647059,0.5894117647058823,1,Frequent High-Value Users
CUST_03544,15,688.5,45.9,33.6,403.45,26.896666666666665,0.5946666666666667,1,Frequent High-Value Users
CUST_03545,24,1184.1,49.3375,30.583333333333332,720.26,30.010833333333334,0.6129166666666667,1,Frequent High-Value Users
CUST_03546,19,925.5,48.71052631578947,35.36842105263158,569.54,29.97578947368421,0.6126315789473684,1,Frequent High-Value Users
CUST_03547,13,539.1,41.46923076923077,39.30769230769231,308.22,23.70923076923077,0.5776923076923077,1,Frequent High-Value Users
CUST_03548,20,931.6,46.58,38.0,533.0699999999999,26.653499999999998,0.5700000000000001,1,Frequent High-Value Users
CUST_03549,12,629.8,52.48333333333333,30.25,372.06,31.005,0.5925,1,Frequent High-Value Users
CUST_03550,23,1180.4,51.321739130434786,34.82608695652174,705.44,30.67130434782609,0.6008695652173913,1,Frequent High-Value Users
CUST_03551,15,668.0,44.53333333333333,34.86666666666667,397.85,26.523333333333333,0.5953333333333333,1,Frequent High-Value Users
CUST_03552,16,731.0,45.6875,37.125,447.87,27.991875,0.61625,1,Frequent High-Value Users
CUST_03553,20,977.9,48.894999999999996,31.75,560.05,28.002499999999998,0.576,1,Frequent High-Value Users
CUST_03554,16,732.8,45.8,33.75,429.43,26.839375,0.586875,1,Frequent High-Value Users
CUST_03555,20,855.5,42.775,37.2,512.36,25.618000000000002,0.5955,1,Frequent High-Value Users
CUST_03556,19,911.6999999999999,47.984210526315785,35.68421052631579,564.95,29.734210526315792,0.6078947368421053,1,Frequent High-Value Users
CUST_03557,19,862.8,45.41052631578947,38.1578947368421,514.35,27.071052631578947,0.5947368421052632,1,Frequent High-Value Users
CUST_03558,19,982.0,51.68421052631579,33.1578947368421,586.65,30.876315789473683,0.6021052631578947,1,Frequent High-Value Users
CUST_03559,18,865.8000000000001,48.1,34.888888888888886,534.62,29.70111111111111,0.6127777777777778,1,Frequent High-Value Users
CUST_03560,16,680.2,42.5125,36.3125,401.22,25.07625,0.5875,1,Frequent High-Value Users
CUST_03561,13,624.2,48.01538461538462,31.923076923076923,362.49,27.883846153846154,0.5753846153846154,1,Frequent High-Value Users
CUST_03562,16,819.0,51.1875,31.5625,472.26,29.51625,0.585,1,Frequent High-Value Users
CUST_03563,26,1233.8,47.45384615384615,32.42307692307692,752.57,28.945,0.6107692307692307,1,Frequent High-Value Users
CUST_03564,15,671.0,44.733333333333334,38.4,383.71,25.580666666666666,0.584,1,Frequent High-Value Users
CUST_03565,19,903.5,47.55263157894737,37.31578947368421,540.69,28.457368421052635,0.5978947368421053,1,Frequent High-Value Users
CUST_03566,19,813.3,42.805263157894736,35.8421052631579,481.3,25.33157894736842,0.5942105263157895,1,Frequent High-Value Users
CUST_03567,25,1042.2,41.688,41.24,619.5,24.78,0.5924,1,Frequent High-Value Users
CUST_03568,13,629.4,48.41538461538461,33.15384615384615,369.21,28.400769230769228,0.5753846153846154,1,Frequent High-Value Users
CUST_03569,19,911.9,47.99473684210526,35.73684210526316,552.1899999999999,29.062631578947364,0.6021052631578947,1,Frequent High-Value Users
CUST_03570,21,957.3,45.58571428571428,33.76190476190476,578.63,27.553809523809523,0.61,1,Frequent High-Value Users
CUST_03571,26,1106.8,42.56923076923077,38.0,638.05,24.540384615384614,0.5846153846153846,1,Frequent High-Value Users
CUST_03572,29,1309.3,45.148275862068964,36.62068965517241,769.57,26.53689655172414,0.5986206896551723,1,Frequent High-Value Users
CUST_03573,28,1406.9,50.246428571428574,32.107142857142854,846.0,30.214285714285715,0.6010714285714285,1,Frequent High-Value Users
CUST_03574,20,1021.4,51.07,29.75,599.35,29.9675,0.58,1,Frequent High-Value Users
CUST_03575,18,804.2,44.67777777777778,32.94444444444444,466.66,25.925555555555558,0.5738888888888889,1,Frequent High-Value Users
CUST_03576,27,1217.7,45.1,37.333333333333336,736.01,27.25962962962963,0.6077777777777778,1,Frequent High-Value Users
CUST_03577,16,679.1,42.44375,38.25,398.83,24.926875,0.5875,1,Frequent High-Value Users
CUST_03578,14,728.0,52.0,31.0,435.69,31.120714285714286,0.6050000000000001,1,Frequent High-Value Users
CUST_03579,19,903.8,47.56842105263158,35.68421052631579,544.03,28.63315789473684,0.5994736842105264,1,Frequent High-Value Users
CUST_03580,13,716.1,55.08461538461539,28.692307692307693,426.57,32.81307692307692,0.6,1,Frequent High-Value Users
CUST_03581,18,955.4,53.077777777777776,31.27777777777778,582.57,32.365,0.6138888888888889,1,Frequent High-Value Users
CUST_03582,21,978.5,46.595238095238095,36.80952380952381,563.77,26.846190476190475,0.5852380952380953,1,Frequent High-Value Users
CUST_03583,16,626.3,39.14375,36.875,367.85,22.990625,0.59,1,Frequent High-Value Users
CUST_03584,25,1095.7,43.828,35.92,636.17,25.4468,0.5784,1,Frequent High-Value Users
CUST_03585,18,905.2,50.28888888888889,32.27777777777778,510.63,28.368333333333332,0.5622222222222222,1,Frequent High-Value Users
CUST_03586,11,561.9,51.08181818181818,33.45454545454545,342.98,31.180000000000003,0.6009090909090908,1,Frequent High-Value Users
CUST_03587,13,603.8,46.44615384615384,33.15384615384615,364.46999999999997,28.036153846153844,0.6115384615384616,1,Frequent High-Value Users
CUST_03588,25,1153.5,46.14,36.64,696.17,27.846799999999998,0.6004,1,Frequent High-Value Users
CUST_03589,7,339.8,48.542857142857144,33.714285714285715,192.36,27.48,0.5785714285714285,1,Frequent High-Value Users
CUST_03590,12,593.2,49.43333333333334,31.666666666666668,348.85,29.070833333333336,0.5983333333333333,1,Frequent High-Value Users
CUST_03591,17,717.0,42.1764705882353,39.411764705882355,427.03000000000003,25.119411764705884,0.5894117647058823,1,Frequent High-Value Users
CUST_03592,16,684.9,42.80625,37.1875,415.68,25.98,0.61,1,Frequent High-Value Users
CUST_03593,15,813.5,54.233333333333334,33.4,477.26,31.817333333333334,0.5973333333333334,1,Frequent High-Value Users
CUST_03594,15,646.7,43.11333333333334,36.93333333333333,374.96,24.997333333333334,0.5853333333333333,1,Frequent High-Value Users
CUST_03595,17,931.6999999999999,54.805882352941175,28.235294117647058,527.09,31.00529411764706,0.5664705882352942,1,Frequent High-Value Users
CUST_03596,15,784.4,52.29333333333333,33.2,454.15,30.276666666666664,0.5873333333333334,1,Frequent High-Value Users
CUST_03597,23,985.9,42.86521739130435,38.73913043478261,582.72,25.335652173913044,0.5834782608695652,1,Frequent High-Value Users
CUST_03598,15,598.9,39.92666666666666,41.06666666666667,330.45,22.029999999999998,0.56,1,Frequent High-Value Users
CUST_03599,21,1040.5,49.54761904761905,32.0,615.34,29.301904761904762,0.5852380952380953,1,Frequent High-Value Users
CUST_03600,18,819.9,45.55,31.944444444444443,500.5,27.805555555555557,0.5988888888888889,1,Frequent High-Value Users
CUST_03601,17,816.8,48.04705882352941,37.294117647058826,467.43,27.495882352941177,0.5747058823529412,1,Frequent High-Value Users
CUST_03602,20,1026.8,51.339999999999996,31.1,610.98,30.549,0.5945,1,Frequent High-Value Users
CUST_03603,16,672.7,42.04375,36.0,400.93,25.058125,0.59625,1,Frequent High-Value Users
CUST_03604,15,786.6,52.440000000000005,29.066666666666666,457.96,30.530666666666665,0.5773333333333334,1,Frequent High-Value Users
CUST_03605,18,834.9,46.38333333333333,38.111111111111114,484.08,26.89333333333333,0.5838888888888889,1,Frequent High-Value Users
CUST_03606,24,1126.5,46.9375,36.125,685.6,28.566666666666666,0.6079166666666667,1,Frequent High-Value Users
CUST_03607,22,931.2,42.32727272727273,36.31818181818182,568.39,25.83590909090909,0.615,1,Frequent High-Value Users
CUST_03608,19,1036.2,54.53684210526316,30.789473684210527,615.23,32.380526315789474,0.5931578947368421,1,Frequent High-Value Users
CUST_03609,13,637.2,49.01538461538462,35.84615384615385,359.51,27.654615384615383,0.5646153846153846,1,Frequent High-Value Users
CUST_03610,24,1167.6,48.65,35.333333333333336,686.9399999999999,28.6225,0.6,1,Frequent High-Value Users
CUST_03611,16,692.4,43.275,38.125,418.79,26.174375,0.606875,1,Frequent High-Value Users
CUST_03612,15,786.8,52.45333333333333,32.6,455.71,30.380666666666666,0.5766666666666667,1,Frequent High-Value Users
CUST_03613,16,778.5,48.65625,35.1875,457.51,28.594375,0.593125,1,Frequent High-Value Users
CUST_03614,29,1470.3,50.699999999999996,35.0,893.4,30.806896551724137,0.6113793103448276,1,Frequent High-Value Users
CUST_03615,14,685.6,48.971428571428575,31.5,398.83,28.48785714285714,0.5842857142857143,1,Frequent High-Value Users
CUST_03616,22,967.5,43.97727272727273,35.86363636363637,550.58,25.026363636363637,0.5790909090909091,1,Frequent High-Value Users
CUST_03617,12,595.1,49.59166666666667,34.333333333333336,339.15,28.2625,0.5658333333333333,1,Frequent High-Value Users
CUST_03618,17,842.5,49.55882352941177,35.1764705882353,497.47,29.26294117647059,0.5952941176470588,1,Frequent High-Value Users
CUST_03619,21,980.9,46.70952380952381,34.23809523809524,591.72,28.177142857142858,0.5980952380952381,1,Frequent High-Value Users
CUST_03620,17,753.4,44.317647058823525,38.88235294117647,426.75,25.102941176470587,0.5729411764705883,1,Frequent High-Value Users
CUST_03621,19,1005.4,52.91578947368421,29.05263157894737,582.43,30.654210526315786,0.5815789473684211,1,Frequent High-Value Users
CUST_03622,21,917.4,43.68571428571428,38.42857142857143,564.61,26.886190476190478,0.61,1,Frequent High-Value Users
CUST_03623,7,315.4,45.05714285714286,38.714285714285715,205.78,29.397142857142857,0.6328571428571428,1,Frequent High-Value Users
CUST_03624,17,807.7,47.51176470588236,33.470588235294116,479.85,28.226470588235294,0.5864705882352942,1,Frequent High-Value Users
CUST_03625,19,936.6,49.294736842105266,31.789473684210527,550.56,28.976842105263156,0.5847368421052631,1,Frequent High-Value Users
CUST_03626,13,681.0,52.38461538461539,28.846153846153847,403.58,31.044615384615383,0.6030769230769231,1,Frequent High-Value Users
CUST_03627,19,917.2,48.27368421052632,34.0,540.61,28.453157894736844,0.5931578947368421,1,Frequent High-Value Users
CUST_03628,20,993.2,49.660000000000004,32.4,593.3,29.665,0.5955,1,Frequent High-Value Users
CUST_03629,10,484.70000000000005,48.470000000000006,34.3,313.58,31.357999999999997,0.641,1,Frequent High-Value Users
CUST_03630,16,691.9,43.24375,36.4375,399.4,24.9625,0.576875,1,Frequent High-Value Users
CUST_03631,22,885.2,40.23636363636364,38.68181818181818,545.05,24.775,0.6168181818181818,1,Frequent High-Value Users
CUST_03632,16,758.0,47.375,36.4375,432.85,27.053125,0.57125,1,Frequent High-Value Users
CUST_03633,19,907.7,47.77368421052632,34.26315789473684,515.14,27.11263157894737,0.5726315789473685,1,Frequent High-Value Users
CUST_03634,11,451.2,41.018181818181816,39.81818181818182,258.52,23.50181818181818,0.5618181818181818,1,Frequent High-Value Users
CUST_03635,16,738.1,46.13125,40.6875,432.31,27.019375,0.586875,1,Frequent High-Value Users
CUST_03636,12,589.9,49.15833333333333,34.833333333333336,361.51,30.125833333333333,0.6158333333333333,1,Frequent High-Value Users
CUST_03637,22,1040.9,47.31363636363637,35.31818181818182,609.22,27.69181818181818,0.5872727272727273,1,Frequent High-Value Users
CUST_03638,21,958.4,45.63809523809524,36.19047619047619,579.5799999999999,27.599047619047617,0.6071428571428571,1,Frequent High-Value Users
CUST_03639,19,813.2,42.800000000000004,39.578947368421055,486.2,25.589473684210525,0.5994736842105264,1,Frequent High-Value Users
CUST_03640,13,611.6,47.04615384615385,31.692307692307693,360.5,27.73076923076923,0.5884615384615385,1,Frequent High-Value Users
CUST_03641,19,891.7,46.93157894736842,36.36842105263158,531.99,27.99947368421053,0.5968421052631578,1,Frequent High-Value Users
CUST_03642,12,580.6,48.38333333333333,32.666666666666664,360.28,30.02333333333333,0.6258333333333334,1,Frequent High-Value Users
CUST_03643,19,860.0,45.26315789473684,35.68421052631579,501.63,26.40157894736842,0.58,1,Frequent High-Value Users
CUST_03644,7,315.3,45.042857142857144,30.714285714285715,184.6,26.37142857142857,0.5871428571428572,1,Frequent High-Value Users
CUST_03645,16,678.0,42.375,35.8125,405.04,25.315,0.603125,1,Frequent High-Value Users
CUST_03646,21,1106.5,52.69047619047619,31.523809523809526,652.66,31.079047619047618,0.5861904761904763,1,Frequent High-Value Users
CUST_03647,16,709.1,44.31875,32.6875,402.21999999999997,25.138749999999998,0.573125,1,Frequent High-Value Users
CUST_03648,15,708.6,47.24,37.8,430.25,28.683333333333334,0.6066666666666667,1,Frequent High-Value Users
CUST_03649,16,717.5,44.84375,37.5625,408.04,25.5025,0.569375,1,Frequent High-Value Users
CUST_03650,23,1064.8,46.29565217391304,35.17391304347826,634.3100000000001,27.578695652173916,0.5939130434782609,1,Frequent High-Value Users
CUST_03651,16,693.1,43.31875,35.375,405.87,25.366875,0.588125,1,Frequent High-Value Users
CUST_03652,19,741.5,39.026315789473685,39.10526315789474,436.31,22.963684210526317,0.5942105263157894,1,Frequent High-Value Users
CUST_03653,18,811.3,45.07222222222222,37.333333333333336,500.7,27.816666666666666,0.616111111111111,1,Frequent High-Value Users
CUST_03654,17,771.1,45.358823529411765,37.0,446.5,26.264705882352942,0.5788235294117647,1,Frequent High-Value Users
CUST_03655,23,1173.0,51.0,31.304347826086957,719.45,31.280434782608697,0.6060869565217392,1,Frequent High-Value Users
CUST_03656,30,1342.0,44.733333333333334,36.7,780.46,26.015333333333334,0.5786666666666667,1,Frequent High-Value Users
CUST_03657,13,634.0,48.76923076923077,33.84615384615385,382.88,29.45230769230769,0.6015384615384616,1,Frequent High-Value Users
CUST_03658,20,948.0,47.4,33.3,565.84,28.292,0.597,1,Frequent High-Value Users
CUST_03659,20,929.6,46.480000000000004,35.0,567.63,28.3815,0.608,1,Frequent High-Value Users
CUST_03660,20,944.9,47.245,36.7,552.66,27.633,0.5955,1,Frequent High-Value Users
CUST_03661,19,751.6,39.55789473684211,37.63157894736842,442.81,23.30578947368421,0.5842105263157894,1,Frequent High-Value Users
CUST_03662,19,1001.4,52.705263157894734,30.157894736842106,611.67,32.19315789473684,0.611578947368421,1,Frequent High-Value Users
CUST_03663,17,783.1999999999999,46.07058823529411,34.76470588235294,467.67,27.51,0.591764705882353,1,Frequent High-Value Users
CUST_03664,17,900.4,52.96470588235294,30.58823529411765,534.76,31.456470588235295,0.5882352941176471,1,Frequent High-Value Users
CUST_03665,19,879.1,46.26842105263158,37.473684210526315,477.56,25.134736842105262,0.5478947368421053,1,Frequent High-Value Users
CUST_03666,25,1111.8,44.472,35.96,645.91,25.836399999999998,0.5768,1,Frequent High-Value Users
CUST_03667,25,1252.3,50.092,31.4,743.13,29.7252,0.6004,1,Frequent High-Value Users
CUST_03668,14,683.7,48.83571428571429,33.142857142857146,402.38,28.74142857142857,0.5957142857142858,1,Frequent High-Value Users
CUST_03669,17,992.7,58.39411764705883,26.352941176470587,604.26,35.54470588235294,0.6082352941176471,1,Frequent High-Value Users
CUST_03670,21,964.4,45.923809523809524,35.23809523809524,572.68,27.270476190476188,0.5933333333333334,1,Frequent High-Value Users
CUST_03671,25,1145.5,45.82,34.84,668.37,26.7348,0.5852,1,Frequent High-Value Users
CUST_03672,15,694.3,46.28666666666666,34.2,425.12,28.341333333333335,0.6020000000000001,1,Frequent High-Value Users
CUST_03673,18,798.0,44.333333333333336,39.388888888888886,459.12,25.506666666666668,0.5827777777777778,1,Frequent High-Value Users
CUST_03674,20,884.3,44.214999999999996,32.65,520.92,26.046,0.594,1,Frequent High-Value Users
CUST_03675,23,1160.3,50.44782608695652,32.47826086956522,668.22,29.05304347826087,0.5726086956521739,1,Frequent High-Value Users
CUST_03676,13,662.6,50.96923076923077,31.615384615384617,403.25,31.01923076923077,0.6146153846153847,1,Frequent High-Value Users
CUST_03677,18,925.0,51.388888888888886,29.555555555555557,547.33,30.407222222222224,0.5916666666666667,1,Frequent High-Value Users
CUST_03678,19,845.6,44.50526315789474,37.36842105263158,536.29,28.22578947368421,0.6273684210526316,1,Frequent High-Value Users
CUST_03679,19,855.2,45.01052631578948,36.526315789473685,486.82,25.622105263157895,0.5710526315789474,1,Frequent High-Value Users
CUST_03680,18,863.6999999999999,47.98333333333333,34.94444444444444,502.1,27.894444444444446,0.5805555555555555,1,Frequent High-Value Users
CUST_03681,15,700.5,46.7,33.2,415.41,27.694000000000003,0.594,1,Frequent High-Value Users
CUST_03682,19,934.9,49.205263157894734,30.94736842105263,525.78,27.672631578947367,0.5631578947368421,1,Frequent High-Value Users
CUST_03683,13,489.4,37.646153846153844,45.53846153846154,285.14,21.933846153846154,0.5953846153846154,1,Frequent High-Value Users
CUST_03684,14,624.5,44.607142857142854,38.857142857142854,384.85,27.489285714285717,0.6114285714285714,1,Frequent High-Value Users
CUST_03685,24,1165.7,48.57083333333333,35.166666666666664,698.58,29.1075,0.6054166666666666,1,Frequent High-Value Users
CUST_03686,16,732.8,45.8,35.375,431.71,26.981875,0.598125,1,Frequent High-Value Users
CUST_03687,22,1035.5,47.06818181818182,35.22727272727273,617.18,28.05363636363636,0.5954545454545455,1,Frequent High-Value Users
CUST_03688,15,719.7,47.980000000000004,35.333333333333336,437.94,29.196,0.6053333333333334,1,Frequent High-Value Users
CUST_03689,33,1506.1,45.63939393939393,36.18181818181818,901.58,27.32060606060606,0.5912121212121213,1,Frequent High-Value Users
CUST_03690,14,624.5,44.607142857142854,38.57142857142857,381.8,27.271428571428572,0.6128571428571429,1,Frequent High-Value Users
CUST_03691,21,954.2,45.438095238095244,38.095238095238095,576.1,27.433333333333334,0.6033333333333333,1,Frequent High-Value Users
CUST_03692,21,941.9,44.852380952380955,37.0,557.58,26.551428571428573,0.5947619047619048,1,Frequent High-Value Users
CUST_03693,16,681.3,42.58125,40.375,401.98,25.12375,0.58875,1,Frequent High-Value Users
CUST_03694,19,900.1,47.373684210526314,32.26315789473684,538.47,28.340526315789475,0.5942105263157895,1,Frequent High-Value Users
CUST_03695,22,1020.4,46.38181818181818,32.68181818181818,593.1,26.95909090909091,0.5886363636363636,1,Frequent High-Value Users
CUST_03696,14,608.3,43.449999999999996,38.57142857142857,335.86,23.990000000000002,0.5471428571428572,1,Frequent High-Value Users
CUST_03697,18,799.3,44.40555555555555,35.611111111111114,493.14,27.396666666666665,0.6138888888888889,1,Frequent High-Value Users
CUST_03698,24,1132.1,47.17083333333333,31.791666666666668,679.71,28.321250000000003,0.6020833333333333,1,Frequent High-Value Users
CUST_03699,18,858.3,47.68333333333333,31.666666666666668,490.89,27.271666666666665,0.5716666666666668,1,Frequent High-Value Users
CUST_03700,20,952.0,47.6,35.25,578.23,28.9115,0.6144999999999999,1,Frequent High-Value Users
CUST_03701,16,804.7,50.29375,29.6875,476.85,29.803125,0.5925,1,Frequent High-Value Users
CUST_03702,20,960.9,48.045,33.8,568.48,28.424,0.5915,1,Frequent High-Value Users
CUST_03703,17,852.5,50.14705882352941,31.88235294117647,502.86,29.580000000000002,0.5823529411764706,1,Frequent High-Value Users
CUST_03704,24,1258.8,52.449999999999996,33.375,723.65,30.152083333333334,0.5745833333333333,1,Frequent High-Value Users
CUST_03705,12,551.5,45.958333333333336,37.25,327.92,27.326666666666668,0.5941666666666666,1,Frequent High-Value Users
CUST_03706,25,1090.1,43.604,38.16,636.9399999999999,25.4776,0.5892000000000001,1,Frequent High-Value Users
CUST_03707,19,886.9,46.67894736842105,33.05263157894737,542.64,28.56,0.6047368421052631,1,Frequent High-Value Users
CUST_03708,22,1126.1,51.18636363636363,33.22727272727273,680.53,30.93318181818182,0.6122727272727273,1,Frequent High-Value Users
CUST_03709,25,1152.8,46.111999999999995,34.12,667.89,26.7156,0.5811999999999999,1,Frequent High-Value Users
CUST_03710,18,834.7,46.37222222222223,36.166666666666664,503.08,27.948888888888888,0.6083333333333333,1,Frequent High-Value Users
CUST_03711,19,902.8,47.51578947368421,34.10526315789474,520.5,27.394736842105264,0.5868421052631579,1,Frequent High-Value Users
CUST_03712,21,1015.3,48.34761904761905,34.095238095238095,632.07,30.098571428571432,0.6180952380952381,1,Frequent High-Value Users
CUST_03713,20,1048.5,52.425,32.45,617.17,30.8585,0.5900000000000001,1,Frequent High-Value Users
CUST_03714,19,1035.2,54.48421052631579,29.894736842105264,624.5,32.86842105263158,0.6042105263157895,1,Frequent High-Value Users
CUST_03715,23,1014.5,44.108695652173914,36.0,590.42,25.670434782608694,0.5865217391304348,1,Frequent High-Value Users
CUST_03716,22,1066.0,48.45454545454545,34.54545454545455,625.91,28.450454545454544,0.5922727272727273,1,Frequent High-Value Users
CUST_03717,13,610.4,46.95384615384615,34.38461538461539,349.81,26.908461538461538,0.5715384615384616,1,Frequent High-Value Users
CUST_03718,17,822.9,48.40588235294118,33.76470588235294,478.51,28.14764705882353,0.5788235294117647,1,Frequent High-Value Users
CUST_03719,22,949.7,43.16818181818182,38.04545454545455,554.63,25.210454545454546,0.589090909090909,1,Frequent High-Value Users
CUST_03720,18,793.5,44.083333333333336,36.833333333333336,480.15,26.674999999999997,0.6044444444444445,1,Frequent High-Value Users
CUST_03721,8,368.2,46.025,36.25,202.44,25.305,0.5525,1,Frequent High-Value Users
CUST_03722,17,767.6,45.15294117647059,37.11764705882353,442.28,26.016470588235293,0.5752941176470587,1,Frequent High-Value Users
CUST_03723,14,602.3,43.021428571428565,39.92857142857143,365.42,26.101428571428574,0.59,1,Frequent High-Value Users
CUST_03724,18,925.0,51.388888888888886,31.77777777777778,581.8100000000001,32.32277777777778,0.6222222222222222,1,Frequent High-Value Users
CUST_03725,19,903.9,47.57368421052632,34.0,540.04,28.42315789473684,0.6047368421052631,1,Frequent High-Value Users
CUST_03726,17,880.2,51.7764705882353,33.05882352941177,504.44,29.672941176470587,0.5858823529411765,1,Frequent High-Value Users
CUST_03727,15,662.3,44.15333333333333,40.733333333333334,375.1,25.006666666666668,0.5640000000000001,1,Frequent High-Value Users
CUST_03728,15,635.4,42.36,35.0,372.68,24.845333333333333,0.594,1,Frequent High-Value Users
CUST_03729,20,870.0,43.5,39.95,497.69,24.8845,0.5780000000000001,1,Frequent High-Value Users
CUST_03730,19,944.1,49.689473684210526,32.8421052631579,565.95,29.786842105263162,0.5973684210526315,1,Frequent High-Value Users
CUST_03731,12,702.8,58.56666666666666,27.833333333333332,408.84000000000003,34.07,0.5833333333333334,1,Frequent High-Value Users
CUST_03732,21,1009.9,48.09047619047619,33.476190476190474,607.14,28.91142857142857,0.6042857142857143,1,Frequent High-Value Users
CUST_03733,16,746.5,46.65625,36.375,433.64,27.1025,0.5875,1,Frequent High-Value Users
CUST_03734,14,574.8,41.05714285714286,39.42857142857143,346.76,24.768571428571427,0.6021428571428571,1,Frequent High-Value Users
CUST_03735,16,691.1,43.19375,37.875,417.89,26.118125,0.596875,1,Frequent High-Value Users
CUST_03736,23,1060.0,46.08695652173913,35.21739130434783,633.14,27.52782608695652,0.5982608695652174,1,Frequent High-Value Users
CUST_03737,16,809.6,50.6,33.0625,482.36,30.1475,0.59625,1,Frequent High-Value Users
CUST_03738,21,1004.0,47.80952380952381,33.04761904761905,582.54,27.74,0.5742857142857143,1,Frequent High-Value Users
CUST_03739,18,722.8,40.15555555555555,36.611111111111114,430.84,23.935555555555553,0.6000000000000001,1,Frequent High-Value Users
CUST_03740,20,909.9,45.495,35.3,542.8100000000001,27.140500000000003,0.6045,1,Frequent High-Value Users
CUST_03741,20,982.0,49.1,31.15,589.84,29.492,0.5955,1,Frequent High-Value Users
CUST_03742,13,628.8,48.36923076923077,31.153846153846153,364.62,28.04769230769231,0.573076923076923,1,Frequent High-Value Users
CUST_03743,14,681.1,48.65,33.714285714285715,397.08000000000004,28.362857142857145,0.58,1,Frequent High-Value Users
CUST_03744,12,508.7,42.391666666666666,39.75,298.38,24.865,0.5891666666666667,1,Frequent High-Value Users
CUST_03745,15,678.2,45.21333333333334,35.46666666666667,413.37,27.558,0.6013333333333333,1,Frequent High-Value Users
CUST_03746,21,1000.5,47.642857142857146,35.333333333333336,593.95,28.283333333333335,0.600952380952381,1,Frequent High-Value Users
CUST_03747,9,397.7,44.18888888888889,34.666666666666664,229.27,25.474444444444444,0.5711111111111111,1,Frequent High-Value Users
CUST_03748,22,994.6,45.20909090909091,36.5,607.62,27.61909090909091,0.605,1,Frequent High-Value Users
CUST_03749,21,945.2,45.00952380952381,39.38095238095238,551.8,26.276190476190475,0.5842857142857143,1,Frequent High-Value Users
CUST_03750,18,897.2,49.84444444444445,32.55555555555556,544.64,30.257777777777775,0.6127777777777779,1,Frequent High-Value Users
CUST_03751,18,884.3,49.12777777777777,33.72222222222222,516.78,28.709999999999997,0.5872222222222222,1,Frequent High-Value Users
CUST_03752,9,380.4,42.266666666666666,35.44444444444444,220.98000000000002,24.553333333333335,0.5800000000000001,1,Frequent High-Value Users
CUST_03753,13,523.1999999999999,40.24615384615384,41.30769230769231,319.39,24.568461538461538,0.6023076923076923,1,Frequent High-Value Users
CUST_03754,15,648.0,43.2,38.06666666666667,375.27,25.017999999999997,0.5820000000000001,1,Frequent High-Value Users
CUST_03755,19,911.7,47.98421052631579,33.89473684210526,546.72,28.774736842105266,0.603157894736842,1,Frequent High-Value Users
CUST_03756,20,872.7,43.635000000000005,38.85,533.14,26.657,0.617,1,Frequent High-Value Users
CUST_03757,21,938.3,44.68095238095238,36.904761904761905,562.38,26.78,0.6004761904761905,1,Frequent High-Value Users
CUST_03758,22,1082.5,49.20454545454545,32.59090909090909,619.19,28.145000000000003,0.5759090909090909,1,Frequent High-Value Users
CUST_03759,14,618.2,44.15714285714286,38.714285714285715,379.11,27.079285714285714,0.6128571428571429,1,Frequent High-Value Users
CUST_03760,21,936.1,44.576190476190476,35.904761904761905,564.14,26.863809523809522,0.6009523809523809,1,Frequent High-Value Users
CUST_03761,16,873.0,54.5625,32.875,509.15,31.821875,0.58125,1,Frequent High-Value Users
CUST_03762,17,895.5,52.6764705882353,31.41176470588235,522.27,30.72176470588235,0.5864705882352942,1,Frequent High-Value Users
CUST_03763,13,645.5,49.65384615384615,33.15384615384615,381.69,29.36076923076923,0.5823076923076923,1,Frequent High-Value Users
CUST_03764,17,773.4,45.49411764705882,37.35294117647059,452.96999999999997,26.645294117647058,0.5988235294117646,1,Frequent High-Value Users
CUST_03765,20,911.6,45.58,33.6,513.03,25.6515,0.5625,1,Frequent High-Value Users
CUST_03766,20,858.7,42.935,39.95,499.81,24.9905,0.5775,1,Frequent High-Value Users
CUST_03767,18,923.7,51.31666666666667,32.44444444444444,540.6,30.033333333333335,0.5894444444444444,1,Frequent High-Value Users
CUST_03768,16,768.5,48.03125,32.9375,461.62,28.85125,0.601875,1,Frequent High-Value Users
CUST_03769,19,927.9,48.83684210526316,34.473684210526315,560.2,29.484210526315792,0.5994736842105264,1,Frequent High-Value Users
CUST_03770,18,805.9,44.77222222222222,40.05555555555556,494.18,27.454444444444444,0.6177777777777778,1,Frequent High-Value Users
CUST_03771,19,940.9,49.52105263157895,37.578947368421055,560.36,29.492631578947368,0.5989473684210527,1,Frequent High-Value Users
CUST_03772,25,1252.0,50.08,32.2,715.41,28.6164,0.5788,1,Frequent High-Value Users
CUST_03773,12,594.1,49.50833333333333,31.0,345.36,28.78,0.5733333333333334,1,Frequent High-Value Users
CUST_03774,16,662.9,41.43125,41.5,397.94,24.87125,0.5975,1,Frequent High-Value Users
CUST_03775,22,990.8,45.03636363636363,36.0,561.57,25.525909090909092,0.5645454545454546,1,Frequent High-Value Users
CUST_03776,17,725.2,42.65882352941177,37.470588235294116,432.23,25.42529411764706,0.5952941176470588,1,Frequent High-Value Users
CUST_03777,10,476.4,47.64,35.9,284.92,28.492,0.596,1,Frequent High-Value Users
CUST_03778,16,743.3,46.45625,35.0,446.74,27.92125,0.6025,1,Frequent High-Value Users
CUST_03779,22,1097.9,49.904545454545456,29.863636363636363,647.25,29.420454545454547,0.5818181818181819,1,Frequent High-Value Users
CUST_03780,18,901.2,50.06666666666667,32.888888888888886,506.12,28.11777777777778,0.5627777777777778,1,Frequent High-Value Users
CUST_03781,15,744.6,49.64,29.866666666666667,425.67,28.378,0.5700000000000001,1,Frequent High-Value Users
CUST_03782,17,759.5,44.6764705882353,37.05882352941177,442.28,26.016470588235293,0.5829411764705883,1,Frequent High-Value Users
CUST_03783,13,653.9,50.3,33.76923076923077,364.8,28.06153846153846,0.5576923076923077,1,Frequent High-Value Users
CUST_03784,18,776.5,43.138888888888886,36.94444444444444,470.21999999999997,26.12333333333333,0.6061111111111112,1,Frequent High-Value Users
CUST_03785,21,943.5,44.92857142857143,35.04761904761905,569.14,27.101904761904763,0.6042857142857143,1,Frequent High-Value Users
CUST_03786,22,1085.8,49.35454545454545,33.54545454545455,636.5799999999999,28.935454545454544,0.5859090909090909,1,Frequent High-Value Users
CUST_03787,23,1190.6,51.76521739130435,31.695652173913043,728.25,31.66304347826087,0.6095652173913043,1,Frequent High-Value Users
CUST_03788,20,1011.1,50.555,35.65,588.01,29.4005,0.595,1,Frequent High-Value Users
CUST_03789,19,909.8,47.88421052631579,32.63157894736842,539.09,28.373157894736845,0.598421052631579,1,Frequent High-Value Users
CUST_03790,14,570.7,40.76428571428572,36.214285714285715,355.78000000000003,25.412857142857145,0.61,1,Frequent High-Value Users
CUST_03791,17,881.9,51.87647058823529,32.588235294117645,538.3,31.664705882352937,0.601764705882353,1,Frequent High-Value Users
CUST_03792,14,710.5,50.75,32.5,421.42,30.101428571428574,0.5928571428571429,1,Frequent High-Value Users
CUST_03793,18,871.5,48.416666666666664,36.166666666666664,521.58,28.97666666666667,0.6066666666666667,1,Frequent High-Value Users
CUST_03794,26,1183.0,45.5,35.26923076923077,694.79,26.722692307692306,0.5884615384615385,1,Frequent High-Value Users
CUST_03795,10,524.4,52.44,32.0,325.56,32.556,0.621,1,Frequent High-Value Users
CUST_03796,26,1109.9,42.68846153846154,38.61538461538461,672.64,25.87076923076923,0.6015384615384616,1,Frequent High-Value Users
CUST_03797,17,660.3,38.84117647058823,39.23529411764706,397.16,23.36235294117647,0.6041176470588235,1,Frequent High-Value Users
CUST_03798,25,1153.7,46.148,35.96,698.97,27.9588,0.6012,1,Frequent High-Value Users
CUST_03799,20,822.4,41.12,38.4,482.91,24.145500000000002,0.5905,1,Frequent High-Value Users
CUST_03800,14,745.6,53.25714285714286,30.071428571428573,425.44,30.388571428571428,0.5657142857142857,1,Frequent High-Value Users
CUST_03801,16,699.6,43.725,37.8125,402.83,25.176875,0.575625,1,Frequent High-Value Users
CUST_03802,16,750.2,46.8875,31.125,451.18,28.19875,0.6025,1,Frequent High-Value Users
CUST_03803,13,661.6,50.892307692307696,34.69230769230769,404.84,31.14153846153846,0.6023076923076923,1,Frequent High-Value Users
CUST_03804,21,982.4,46.78095238095238,34.95238095238095,597.06,28.43142857142857,0.6066666666666667,1,Frequent High-Value Users
CUST_03805,18,816.9,45.38333333333333,34.333333333333336,489.71,27.20611111111111,0.6011111111111112,1,Frequent High-Value Users
CUST_03806,18,899.8,49.98888888888889,36.333333333333336,556.43,30.912777777777777,0.5988888888888888,1,Frequent High-Value Users
CUST_03807,21,866.0,41.23809523809524,36.904761904761905,506.11,24.10047619047619,0.5842857142857143,1,Frequent High-Value Users
CUST_03808,19,1024.3,53.91052631578947,26.36842105263158,581.61,30.611052631578946,0.57,1,Frequent High-Value Users
CUST_03809,20,927.0,46.35,37.15,554.93,27.746499999999997,0.6025,1,Frequent High-Value Users
CUST_03810,13,649.8,49.98461538461538,37.69230769230769,371.02,28.54,0.5738461538461539,1,Frequent High-Value Users
CUST_03811,19,916.7,48.247368421052634,34.21052631578947,518.97,27.31421052631579,0.5657894736842105,1,Frequent High-Value Users
CUST_03812,19,866.3,45.59473684210526,36.89473684210526,522.2,27.484210526315792,0.6047368421052631,1,Frequent High-Value Users
CUST_03813,11,488.3,44.39090909090909,38.81818181818182,302.24,27.476363636363637,0.6154545454545454,1,Frequent High-Value Users
CUST_03814,24,1233.2,51.38333333333333,33.708333333333336,727.24,30.301666666666666,0.5870833333333333,1,Frequent High-Value Users
CUST_03815,17,681.8000000000001,40.10588235294118,39.0,389.7,22.923529411764704,0.5705882352941176,1,Frequent High-Value Users
CUST_03816,16,743.4,46.4625,34.375,442.16,27.635,0.6075,1,Frequent High-Value Users
CUST_03817,22,1132.1,51.459090909090904,29.09090909090909,642.53,29.20590909090909,0.5777272727272726,1,Frequent High-Value Users
CUST_03818,21,919.7,43.7952380952381,38.23809523809524,563.37,26.827142857142857,0.61,1,Frequent High-Value Users
CUST_03819,20,950.7,47.535000000000004,37.3,593.65,29.682499999999997,0.6195,1,Frequent High-Value Users
CUST_03820,15,794.8,52.986666666666665,31.733333333333334,483.79,32.25266666666667,0.6066666666666667,1,Frequent High-Value Users
CUST_03821,20,1042.8,52.14,29.35,644.36,32.218,0.6134999999999999,1,Frequent High-Value Users
CUST_03822,17,842.4,49.55294117647059,33.529411764705884,488.74,28.749411764705883,0.5782352941176471,1,Frequent High-Value Users
CUST_03823,23,1207.6,52.50434782608695,29.26086956521739,679.21,29.530869565217394,0.5669565217391304,1,Frequent High-Value Users
CUST_03824,27,1165.4,43.162962962962965,39.81481481481482,662.04,24.52,0.5659259259259259,1,Frequent High-Value Users
CUST_03825,14,601.8,42.98571428571428,40.142857142857146,358.7,25.62142857142857,0.6042857142857142,1,Frequent High-Value Users
CUST_03826,25,1209.3,48.372,34.28,707.85,28.314,0.5864,1,Frequent High-Value Users
CUST_03827,17,845.9,49.758823529411764,30.647058823529413,517.64,30.449411764705882,0.6052941176470589,1,Frequent High-Value Users
CUST_03828,20,1010.4,50.519999999999996,31.9,591.3,29.564999999999998,0.5860000000000001,1,Frequent High-Value Users
CUST_03829,17,688.2,40.48235294117647,40.0,406.54,23.914117647058823,0.5935294117647059,1,Frequent High-Value Users
CUST_03830,16,865.7,54.10625,30.0,509.7,31.85625,0.596875,1,Frequent High-Value Users
CUST_03831,10,435.2,43.519999999999996,35.8,261.91,26.191000000000003,0.606,1,Frequent High-Value Users
CUST_03832,11,470.5,42.77272727272727,41.27272727272727,279.31,25.39181818181818,0.5954545454545455,1,Frequent High-Value Users
CUST_03833,19,957.3,50.38421052631579,34.421052631578945,566.5,29.81578947368421,0.5889473684210526,1,Frequent High-Value Users
CUST_03834,22,959.5,43.61363636363637,35.5,552.8,25.127272727272725,0.5818181818181819,1,Frequent High-Value Users
CUST_03835,12,492.1,41.00833333333333,40.75,275.92,22.993333333333336,0.5675,1,Frequent High-Value Users
CUST_03836,16,864.0,54.0,29.375,519.31,32.456875,0.599375,1,Frequent High-Value Users
CUST_03837,17,799.8,47.04705882352941,32.05882352941177,491.81,28.93,0.6135294117647059,1,Frequent High-Value Users
CUST_03838,17,865.5,50.911764705882355,30.529411764705884,541.59,31.858235294117648,0.6205882352941177,1,Frequent High-Value Users
CUST_03839,20,879.9,43.995,35.15,513.53,25.676499999999997,0.5805,1,Frequent High-Value Users
CUST_03840,25,1169.0,46.76,36.52,714.89,28.5956,0.612,1,Frequent High-Value Users
CUST_03841,25,1035.5,41.42,38.48,595.58,23.8232,0.574,1,Frequent High-Value Users
CUST_03842,24,1133.5,47.229166666666664,36.625,650.13,27.08875,0.5729166666666666,1,Frequent High-Value Users
CUST_03843,14,720.1,51.43571428571429,32.07142857142857,429.37,30.669285714285714,0.6078571428571429,1,Frequent High-Value Users
CUST_03844,19,901.0,47.421052631578945,34.21052631578947,562.4200000000001,29.601052631578952,0.6242105263157894,1,Frequent High-Value Users
CUST_03845,9,489.2,54.355555555555554,27.444444444444443,272.44,30.27111111111111,0.5544444444444445,1,Frequent High-Value Users
CUST_03846,22,1071.2,48.690909090909095,35.22727272727273,616.02,28.00090909090909,0.58,1,Frequent High-Value Users
CUST_03847,21,823.5,39.214285714285715,40.095238095238095,478.37,22.77952380952381,0.5780952380952381,1,Frequent High-Value Users
CUST_03848,19,1002.5,52.76315789473684,30.789473684210527,600.41,31.600526315789473,0.6005263157894737,1,Frequent High-Value Users
CUST_03849,27,1374.8999999999999,50.92222222222222,32.888888888888886,811.64,30.06074074074074,0.6033333333333333,1,Frequent High-Value Users
CUST_03850,11,540.7,49.154545454545456,28.818181818181817,324.15,29.468181818181815,0.5918181818181818,1,Frequent High-Value Users
CUST_03851,17,762.1,44.82941176470588,38.11764705882353,457.01,26.882941176470588,0.5976470588235294,1,Frequent High-Value Users
CUST_03852,25,1051.0,42.04,39.16,614.86,24.5944,0.5871999999999999,1,Frequent High-Value Users
CUST_03853,10,586.1,58.61,26.7,349.0,34.9,0.601,1,Frequent High-Value Users
CUST_03854,21,1018.0,48.476190476190474,37.19047619047619,580.59,27.64714285714286,0.5728571428571428,1,Frequent High-Value Users
CUST_03855,23,1089.3,47.36086956521739,34.391304347826086,652.48,28.368695652173916,0.5965217391304348,1,Frequent High-Value Users
CUST_03856,16,752.1,47.00625,32.4375,444.31,27.769375,0.594375,1,Frequent High-Value Users
CUST_03857,17,835.9,49.17058823529412,36.294117647058826,497.81,29.282941176470587,0.6064705882352941,1,Frequent High-Value Users
CUST_03858,12,520.1,43.34166666666667,36.333333333333336,302.27,25.189166666666665,0.5783333333333334,1,Frequent High-Value Users
CUST_03859,15,748.4,49.89333333333333,35.4,442.57,29.504666666666665,0.588,1,Frequent High-Value Users
CUST_03860,24,1134.7,47.27916666666667,35.375,628.24,26.176666666666666,0.56125,1,Frequent High-Value Users
CUST_03861,16,715.4,44.7125,34.9375,428.29,26.768125,0.600625,1,Frequent High-Value Users
CUST_03862,20,973.5,48.675,32.6,566.9399999999999,28.346999999999998,0.5835,1,Frequent High-Value Users
CUST_03863,19,811.1,42.689473684210526,37.26315789473684,482.87,25.414210526315788,0.5947368421052632,1,Frequent High-Value Users
CUST_03864,25,1282.2,51.288000000000004,34.12,731.89,29.2756,0.5720000000000001,1,Frequent High-Value Users
CUST_03865,17,776.0,45.64705882352941,35.64705882352941,431.67,25.392352941176473,0.5594117647058824,1,Frequent High-Value Users
CUST_03866,18,837.6,46.53333333333333,34.333333333333336,500.99,27.83277777777778,0.6083333333333333,1,Frequent High-Value Users
CUST_03867,12,577.7,48.14166666666667,35.833333333333336,349.87,29.155833333333334,0.6008333333333333,1,Frequent High-Value Users
CUST_03868,16,806.5,50.40625,31.375,475.4,29.7125,0.598125,1,Frequent High-Value Users
CUST_03869,17,834.7,49.1,34.1764705882353,504.47,29.674705882352942,0.6070588235294118,1,Frequent High-Value Users
CUST_03870,12,540.6,45.050000000000004,38.833333333333336,313.72,26.143333333333334,0.5883333333333334,1,Frequent High-Value Users
CUST_03871,21,872.0,41.523809523809526,40.57142857142857,535.18,25.484761904761903,0.6071428571428571,1,Frequent High-Value Users
CUST_03872,21,1019.1,48.52857142857143,33.80952380952381,617.08,29.384761904761906,0.6161904761904762,1,Frequent High-Value Users
CUST_03873,29,1303.2,44.93793103448276,37.06896551724138,775.09,26.727241379310346,0.6003448275862069,1,Frequent High-Value Users
CUST_03874,17,766.6,45.09411764705882,38.294117647058826,434.28999999999996,25.54647058823529,0.5758823529411765,1,Frequent High-Value Users
CUST_03875,13,502.09999999999997,38.62307692307692,40.38461538461539,285.84,21.987692307692306,0.5700000000000001,1,Frequent High-Value Users
CUST_03876,19,908.3000000000001,47.80526315789474,35.578947368421055,545.35,28.70263157894737,0.601578947368421,1,Frequent High-Value Users
CUST_03877,20,862.3,43.114999999999995,38.65,504.56,25.228,0.585,1,Frequent High-Value Users
CUST_03878,23,1091.6,47.460869565217386,31.391304347826086,634.54,27.58869565217391,0.5765217391304348,1,Frequent High-Value Users
CUST_03879,17,828.5,48.73529411764706,31.764705882352942,510.91,30.053529411764707,0.6082352941176471,1,Frequent High-Value Users
CUST_03880,15,627.3,41.82,39.0,367.69,24.512666666666668,0.5913333333333333,1,Frequent High-Value Users
CUST_03881,22,923.3,41.96818181818182,36.45454545454545,524.86,23.85727272727273,0.5754545454545454,1,Frequent High-Value Users
CUST_03882,13,726.9,55.91538461538461,30.53846153846154,453.46,34.88153846153846,0.6284615384615384,1,Frequent High-Value Users
CUST_03883,19,801.0,42.1578947368421,36.526315789473685,478.65999999999997,25.192631578947367,0.5978947368421053,1,Frequent High-Value Users
CUST_03884,13,585.1,45.00769230769231,35.30769230769231,338.57,26.043846153846154,0.5838461538461538,1,Frequent High-Value Users
CUST_03885,14,655.1,46.792857142857144,31.785714285714285,377.23,26.945,0.5685714285714286,1,Frequent High-Value Users
CUST_03886,25,1050.9,42.036,40.48,618.55,24.741999999999997,0.5828,1,Frequent High-Value Users
CUST_03887,18,882.3,49.016666666666666,30.61111111111111,520.28,28.904444444444444,0.585,1,Frequent High-Value Users
CUST_03888,12,647.7,53.975,26.25,397.87,33.155833333333334,0.615,1,Frequent High-Value Users
CUST_03889,14,603.8000000000001,43.12857142857143,34.857142857142854,366.82,26.201428571428572,0.6071428571428571,1,Frequent High-Value Users
CUST_03890,12,520.8,43.4,36.083333333333336,324.37,27.030833333333334,0.635,1,Frequent High-Value Users
CUST_03891,23,1051.8,45.7304347826087,39.04347826086956,616.48,26.803478260869564,0.5839130434782609,1,Frequent High-Value Users
CUST_03892,16,796.8,49.8,33.375,476.42,29.77625,0.596875,1,Frequent High-Value Users
CUST_03893,16,868.3,54.26875,27.9375,503.95,31.496875,0.580625,1,Frequent High-Value Users
CUST_03894,8,386.8,48.35,33.875,236.88,29.61,0.62,1,Frequent High-Value Users
CUST_03895,24,1182.4,49.26666666666667,32.5,690.15,28.756249999999998,0.5820833333333334,1,Frequent High-Value Users
CUST_03896,17,758.0,44.588235294117645,34.411764705882355,457.21000000000004,26.894705882352945,0.6029411764705882,1,Frequent High-Value Users
CUST_03897,20,777.4,38.87,40.5,456.34999999999997,22.8175,0.585,1,Frequent High-Value Users
CUST_03898,16,878.1,54.88125,33.75,522.43,32.651875,0.598125,1,Frequent High-Value Users
CUST_03899,23,1024.4,44.539130434782614,37.17391304347826,604.67,26.29,0.5934782608695652,1,Frequent High-Value Users
CUST_03900,25,1273.4,50.93600000000001,33.12,765.83,30.633200000000002,0.5984,1,Frequent High-Value Users
CUST_03901,14,687.2,49.08571428571429,32.92857142857143,408.29,29.16357142857143,0.5892857142857143,1,Frequent High-Value Users
CUST_03902,13,724.4,55.723076923076924,28.53846153846154,406.22,31.24769230769231,0.5607692307692308,1,Frequent High-Value Users
CUST_03903,17,888.5,52.26470588235294,35.05882352941177,533.35,31.373529411764707,0.6029411764705882,1,Frequent High-Value Users
CUST_03904,21,1073.2,51.10476190476191,34.095238095238095,625.21,29.771904761904764,0.5766666666666667,1,Frequent High-Value Users
CUST_03905,13,589.0,45.30769230769231,35.15384615384615,312.37,24.02846153846154,0.5346153846153846,1,Frequent High-Value Users
CUST_03906,19,743.6,39.136842105263156,42.8421052631579,432.77,22.777368421052632,0.5789473684210527,1,Frequent High-Value Users
CUST_03907,21,965.6,45.98095238095238,33.857142857142854,567.6800000000001,27.032380952380954,0.5885714285714285,1,Frequent High-Value Users
CUST_03908,25,1280.1,51.20399999999999,33.76,721.03,28.8412,0.5668,1,Frequent High-Value Users
CUST_03909,13,604.4,46.49230769230769,36.92307692307692,367.13,28.24076923076923,0.6146153846153847,1,Frequent High-Value Users
CUST_03910,26,1116.2,42.93076923076923,37.61538461538461,633.22,24.354615384615386,0.5719230769230769,1,Frequent High-Value Users
CUST_03911,8,403.2,50.4,30.0,235.31,29.41375,0.585,1,Frequent High-Value Users
CUST_03912,20,894.1,44.705,36.65,525.67,26.283499999999997,0.5915,1,Frequent High-Value Users
CUST_03913,8,468.7,58.5875,22.625,285.46999999999997,35.683749999999996,0.61875,1,Frequent High-Value Users
CUST_03914,20,813.5,40.675,39.6,455.18,22.759,0.5715,1,Frequent High-Value Users
CUST_03915,15,742.3,49.486666666666665,37.2,419.63,27.97533333333333,0.5646666666666668,1,Frequent High-Value Users
CUST_03916,18,809.0,44.94444444444444,36.72222222222222,497.8,27.655555555555555,0.6088888888888889,1,Frequent High-Value Users
CUST_03917,19,959.8,50.51578947368421,33.36842105263158,563.04,29.633684210526315,0.5900000000000001,1,Frequent High-Value Users
CUST_03918,17,776.2,45.65882352941177,35.8235294117647,465.01,27.353529411764704,0.6035294117647059,1,Frequent High-Value Users
CUST_03919,23,950.1999999999999,41.313043478260866,38.43478260869565,559.54,24.32782608695652,0.587391304347826,1,Frequent High-Value Users
CUST_03920,12,443.8,36.983333333333334,43.083333333333336,264.87,22.0725,0.595,1,Frequent High-Value Users
CUST_03921,14,654.9,46.778571428571425,37.57142857142857,375.24,26.802857142857142,0.5821428571428572,1,Frequent High-Value Users
CUST_03922,22,966.7,43.940909090909095,35.90909090909091,578.93,26.314999999999998,0.5931818181818183,1,Frequent High-Value Users
CUST_03923,19,884.1,46.53157894736842,36.10526315789474,518.23,27.275263157894738,0.5836842105263158,1,Frequent High-Value Users
CUST_03924,19,911.0,47.94736842105263,31.842105263157894,497.4,26.178947368421053,0.5547368421052631,1,Frequent High-Value Users
CUST_03925,22,1034.1,47.00454545454545,37.09090909090909,613.9,27.904545454545453,0.5904545454545455,1,Frequent High-Value Users
CUST_03926,25,1038.2,41.528,39.44,597.27,23.8908,0.58,1,Frequent High-Value Users
CUST_03927,20,916.1,45.805,35.15,531.53,26.5765,0.5860000000000001,1,Frequent High-Value Users
CUST_03928,19,885.5,46.60526315789474,32.473684210526315,534.61,28.13736842105263,0.6094736842105263,1,Frequent High-Value Users
CUST_03929,16,798.6,49.9125,35.3125,490.18,30.63625,0.62,1,Frequent High-Value Users
CUST_03930,21,902.0,42.95238095238095,38.95238095238095,533.78,25.418095238095237,0.5938095238095238,1,Frequent High-Value Users
CUST_03931,18,826.9,45.93888888888889,36.77777777777778,479.61,26.645,0.5811111111111111,1,Frequent High-Value Users
CUST_03932,16,795.9,49.74375,30.0625,458.14,28.63375,0.57875,1,Frequent High-Value Users
CUST_03933,18,917.1,50.95,34.666666666666664,532.63,29.590555555555554,0.5855555555555555,1,Frequent High-Value Users
CUST_03934,18,747.0,41.5,39.388888888888886,434.44,24.135555555555555,0.5761111111111111,1,Frequent High-Value Users
CUST_03935,16,701.8,43.8625,39.0,404.65000000000003,25.290625000000002,0.575,1,Frequent High-Value Users
CUST_03936,20,977.7,48.885000000000005,34.05,570.03,28.5015,0.585,1,Frequent High-Value Users
CUST_03937,17,820.9,48.28823529411765,34.23529411764706,492.13,28.948823529411765,0.5976470588235294,1,Frequent High-Value Users
CUST_03938,22,1158.4,52.654545454545456,32.86363636363637,674.0,30.636363636363637,0.5804545454545454,1,Frequent High-Value Users
CUST_03939,25,1233.3,49.332,32.2,706.64,28.2656,0.568,1,Frequent High-Value Users
CUST_03940,19,892.2,46.95789473684211,36.26315789473684,537.37,28.28263157894737,0.61,1,Frequent High-Value Users
CUST_03941,16,641.2,40.075,38.9375,360.45,22.528125,0.568125,1,Frequent High-Value Users
CUST_03942,14,639.9,45.707142857142856,34.357142857142854,391.15,27.939285714285713,0.6121428571428572,1,Frequent High-Value Users
CUST_03943,13,738.7,56.823076923076925,24.76923076923077,445.09,34.237692307692306,0.6,1,Frequent High-Value Users
CUST_03944,20,976.6,48.83,34.45,596.35,29.817500000000003,0.6094999999999999,1,Frequent High-Value Users
CUST_03945,17,842.1,49.53529411764706,33.35294117647059,513.13,30.184117647058823,0.5976470588235294,1,Frequent High-Value Users
CUST_03946,15,722.9,48.193333333333335,28.666666666666668,450.52,30.034666666666666,0.6253333333333333,1,Frequent High-Value Users
CUST_03947,24,1132.3,47.17916666666667,36.166666666666664,685.4,28.558333333333334,0.6108333333333333,1,Frequent High-Value Users
CUST_03948,18,953.5,52.97222222222222,34.94444444444444,570.88,31.715555555555554,0.5933333333333333,1,Frequent High-Value Users
CUST_03949,20,978.4,48.92,33.85,561.02,28.051,0.583,1,Frequent High-Value Users
CUST_03950,15,571.4,38.093333333333334,39.6,334.77,22.317999999999998,0.5926666666666667,1,Frequent High-Value Users
CUST_03951,22,921.1,41.86818181818182,38.54545454545455,560.15,25.461363636363636,0.604090909090909,1,Frequent High-Value Users
CUST_03952,19,939.2,49.43157894736842,32.89473684210526,552.94,29.1021052631579,0.5873684210526315,1,Frequent High-Value Users
CUST_03953,22,989.6,44.981818181818184,36.36363636363637,585.0600000000001,26.593636363636367,0.5895454545454546,1,Frequent High-Value Users
CUST_03954,16,737.3000000000001,46.081250000000004,39.1875,439.25,27.453125,0.58625,1,Frequent High-Value Users
CUST_03955,14,655.9,46.85,32.857142857142854,412.11,29.43642857142857,0.6271428571428571,1,Frequent High-Value Users
CUST_03956,21,915.0,43.57142857142857,36.0,527.1,25.1,0.5804761904761905,1,Frequent High-Value Users
CUST_03957,19,908.4,47.810526315789474,32.05263157894737,548.69,28.87842105263158,0.6010526315789474,1,Frequent High-Value Users
CUST_03958,21,1029.3,49.01428571428571,35.714285714285715,621.15,29.57857142857143,0.5952380952380952,1,Frequent High-Value Users
CUST_03959,23,1047.0,45.52173913043478,37.43478260869565,633.5600000000001,27.54608695652174,0.6073913043478261,1,Frequent High-Value Users
CUST_03960,18,829.1,46.06111111111111,35.05555555555556,511.21000000000004,28.400555555555556,0.6105555555555555,1,Frequent High-Value Users
CUST_03961,7,354.90000000000003,50.7,33.57142857142857,213.94,30.562857142857144,0.6085714285714285,1,Frequent High-Value Users
CUST_03962,17,810.8,47.69411764705882,35.05882352941177,462.53,27.20764705882353,0.5764705882352942,1,Frequent High-Value Users
CUST_03963,11,612.0,55.63636363636363,29.272727272727273,379.04,34.45818181818182,0.61,1,Frequent High-Value Users
CUST_03964,13,695.2,53.47692307692308,27.384615384615383,410.65,31.588461538461537,0.5861538461538461,1,Frequent High-Value Users
CUST_03965,21,1105.1,52.62380952380952,31.095238095238095,660.21,31.43857142857143,0.5928571428571429,1,Frequent High-Value Users
CUST_03966,14,648.2,46.300000000000004,39.214285714285715,393.28,28.09142857142857,0.5928571428571429,1,Frequent High-Value Users
CUST_03967,24,1221.4,50.89166666666667,30.166666666666668,725.03,30.20958333333333,0.5975,1,Frequent High-Value Users
CUST_03968,24,1112.9,46.37083333333334,34.125,667.17,27.79875,0.5945833333333334,1,Frequent High-Value Users
CUST_03969,18,796.4,44.24444444444444,37.111111111111114,482.53000000000003,26.807222222222222,0.6088888888888888,1,Frequent High-Value Users
CUST_03970,16,775.2,48.45,32.5,465.82,29.11375,0.598125,1,Frequent High-Value Users
CUST_03971,18,825.7,45.87222222222223,33.333333333333336,470.99,26.16611111111111,0.5711111111111111,1,Frequent High-Value Users
CUST_03972,14,637.3000000000001,45.52142857142858,37.142857142857146,361.27,25.805,0.5671428571428571,1,Frequent High-Value Users
CUST_03973,17,701.7,41.2764705882353,39.64705882352941,412.8,24.28235294117647,0.5847058823529412,1,Frequent High-Value Users
CUST_03974,15,719.8,47.986666666666665,30.8,430.31,28.687333333333335,0.5973333333333333,1,Frequent High-Value Users
CUST_03975,15,758.3000000000001,50.553333333333335,32.93333333333333,449.62,29.974666666666668,0.596,1,Frequent High-Value Users
CUST_03976,16,646.9,40.43125,39.875,397.87,24.866875,0.615625,1,Frequent High-Value Users
CUST_03977,25,1212.9,48.516000000000005,34.28,719.14,28.7656,0.6008,1,Frequent High-Value Users
CUST_03978,18,944.6,52.47777777777778,32.833333333333336,565.33,31.407222222222224,0.6011111111111112,1,Frequent High-Value Users
CUST_03979,21,1060.6,50.5047619047619,30.428571428571427,633.36,30.16,0.6,1,Frequent High-Value Users
CUST_03980,14,663.6,47.4,33.42857142857143,396.37,28.312142857142856,0.5971428571428571,1,Frequent High-Value Users
CUST_03981,16,756.6,47.2875,34.875,462.06,28.87875,0.608125,1,Frequent High-Value Users
CUST_03982,21,1030.6,49.07619047619047,37.23809523809524,639.17,30.436666666666664,0.6138095238095238,1,Frequent High-Value Users
CUST_03983,11,463.70000000000005,42.154545454545456,40.09090909090909,275.88,25.08,0.5936363636363636,1,Frequent High-Value Users
CUST_03984,16,803.6,50.225,34.375,498.38,31.14875,0.608125,1,Frequent High-Value Users
CUST_03985,16,696.8,43.55,38.25,434.99,27.186875,0.625,1,Frequent High-Value Users
CUST_03986,17,762.3000000000001,44.84117647058824,35.76470588235294,446.02,26.236470588235292,0.581764705882353,1,Frequent High-Value Users
CUST_03987,20,1010.0,50.5,33.8,581.68,29.083999999999996,0.587,1,Frequent High-Value Users
CUST_03988,20,922.8,46.14,37.5,526.68,26.333999999999996,0.567,1,Frequent High-Value Users
CUST_03989,19,968.5,50.973684210526315,30.94736842105263,584.5600000000001,30.766315789473687,0.6068421052631578,1,Frequent High-Value Users
CUST_03990,7,354.7,50.67142857142857,30.142857142857142,221.19,31.59857142857143,0.6100000000000001,1,Frequent High-Value Users
CUST_03991,21,865.3,41.2047619047619,38.04761904761905,532.58,25.360952380952384,0.6085714285714285,1,Frequent High-Value Users
CUST_03992,19,841.8,44.305263157894736,38.21052631578947,499.84000000000003,26.307368421052633,0.5973684210526315,1,Frequent High-Value Users
CUST_03993,18,869.6,48.31111111111111,35.94444444444444,511.25,28.40277777777778,0.5822222222222222,1,Frequent High-Value Users
CUST_03994,15,913.6,60.906666666666666,25.133333333333333,548.9300000000001,36.595333333333336,0.5953333333333333,1,Frequent High-Value Users
CUST_03995,15,797.7,53.18,32.93333333333333,499.18,33.278666666666666,0.6153333333333334,1,Frequent High-Value Users
CUST_03996,21,941.1,44.81428571428572,35.857142857142854,567.37,27.017619047619046,0.6028571428571429,1,Frequent High-Value Users
CUST_03997,23,1209.6,52.59130434782608,31.130434782608695,727.85,31.645652173913046,0.6052173913043478,1,Frequent High-Value Users
CUST_03998,15,686.2,45.74666666666667,38.53333333333333,422.59000000000003,28.172666666666668,0.6133333333333333,1,Frequent High-Value Users
CUST_03999,23,1106.1,48.09130434782608,33.21739130434783,652.77,28.381304347826084,0.5852173913043479,1,Frequent High-Value Users
CUST_04000,19,973.4,51.23157894736842,31.05263157894737,561.14,29.533684210526314,0.5805263157894737,1,Frequent High-Value Users
CUST_04001,14,633.3,45.23571428571428,33.857142857142854,382.58,27.327142857142857,0.6092857142857142,1,Frequent High-Value Users
CUST_04002,13,542.0,41.69230769230769,40.30769230769231,320.18,24.62923076923077,0.5930769230769231,1,Frequent High-Value Users
CUST_04003,24,1147.8,47.824999999999996,35.458333333333336,685.13,28.547083333333333,0.6004166666666667,1,Frequent High-Value Users
CUST_04004,16,730.8,45.675,34.6875,449.46,28.09125,0.61375,1,Frequent High-Value Users
CUST_04005,17,662.6,38.976470588235294,40.23529411764706,375.83,22.107647058823527,0.5688235294117647,1,Frequent High-Value Users
CUST_04006,14,717.5,51.25,30.428571428571427,434.32,31.02285714285714,0.6057142857142858,1,Frequent High-Value Users
CUST_04007,18,724.5,40.25,38.77777777777778,414.89,23.049444444444443,0.5744444444444444,1,Frequent High-Value Users
CUST_04008,21,959.1,45.67142857142857,36.42857142857143,575.21,27.39095238095238,0.5952380952380952,1,Frequent High-Value Users
CUST_04009,25,1142.7,45.708,37.6,666.67,26.6668,0.5768,1,Frequent High-Value Users
CUST_04010,12,534.5,44.541666666666664,39.0,314.81,26.234166666666667,0.5958333333333333,1,Frequent High-Value Users
CUST_04011,9,401.5,44.611111111111114,34.888888888888886,233.33,25.925555555555558,0.57,1,Frequent High-Value Users
CUST_04012,21,1001.3,47.68095238095238,37.666666666666664,599.86,28.564761904761905,0.6,1,Frequent High-Value Users
CUST_04013,19,769.4,40.49473684210526,40.526315789473685,461.64,24.296842105263156,0.5900000000000001,1,Frequent High-Value Users
CUST_04014,14,709.6,50.68571428571429,37.07142857142857,397.3,28.37857142857143,0.5714285714285714,1,Frequent High-Value Users
CUST_04015,15,658.5,43.9,37.266666666666666,358.65999999999997,23.910666666666664,0.55,1,Frequent High-Value Users
CUST_04016,19,870.7,45.82631578947369,39.68421052631579,501.77,26.408947368421053,0.5778947368421052,1,Frequent High-Value Users
CUST_04017,19,857.1,45.11052631578948,32.73684210526316,514.37,27.072105263157894,0.5915789473684211,1,Frequent High-Value Users
CUST_04018,20,893.2,44.660000000000004,35.5,534.98,26.749000000000002,0.5955,1,Frequent High-Value Users
CUST_04019,21,1058.6,50.409523809523805,30.61904761904762,639.82,30.46761904761905,0.6076190476190476,1,Frequent High-Value Users
CUST_04020,19,956.7,50.352631578947374,31.842105263157894,565.57,29.766842105263162,0.5936842105263157,1,Frequent High-Value Users
CUST_04021,17,731.7,43.04117647058824,41.1764705882353,437.19,25.717058823529413,0.6047058823529411,1,Frequent High-Value Users
CUST_04022,19,835.3,43.96315789473684,37.05263157894737,483.92,25.469473684210527,0.5810526315789474,1,Frequent High-Value Users
CUST_04023,28,1303.6,46.55714285714286,33.5,768.66,27.452142857142857,0.5907142857142856,1,Frequent High-Value Users
CUST_04024,15,713.1,47.54,31.733333333333334,412.75,27.516666666666666,0.5846666666666667,1,Frequent High-Value Users
CUST_04025,16,828.1,51.75625,31.1875,494.21,30.888125,0.5975,1,Frequent High-Value Users
CUST_04026,21,1005.6,47.885714285714286,32.19047619047619,589.14,28.054285714285715,0.5838095238095238,1,Frequent High-Value Users
CUST_04027,22,1068.3,48.559090909090905,31.727272727272727,620.19,28.190454545454546,0.5909090909090909,1,Frequent High-Value Users
CUST_04028,18,851.4,47.3,38.05555555555556,495.6,27.533333333333335,0.5855555555555556,1,Frequent High-Value Users
CUST_04029,25,1121.4,44.856,36.24,647.59,25.9036,0.5776,1,Frequent High-Value Users
CUST_04030,20,982.1,49.105000000000004,33.1,566.99,28.3495,0.585,1,Frequent High-Value Users
CUST_04031,10,395.0,39.5,38.7,220.51,22.051,0.553,1,Frequent High-Value Users
CUST_04032,23,971.6,42.243478260869566,36.73913043478261,583.67,25.376956521739128,0.6030434782608696,1,Frequent High-Value Users
CUST_04033,15,625.8,41.72,36.86666666666667,362.37,24.158,0.5866666666666667,1,Frequent High-Value Users
CUST_04034,15,573.3,38.22,42.733333333333334,351.21000000000004,23.414,0.6126666666666666,1,Frequent High-Value Users
CUST_04035,21,838.1,39.90952380952381,38.904761904761905,500.79,23.84714285714286,0.5995238095238096,1,Frequent High-Value Users
CUST_04036,12,494.3,41.19166666666667,40.0,292.44,24.37,0.5941666666666666,1,Frequent High-Value Users
CUST_04037,20,837.9,41.894999999999996,39.4,502.92,25.146,0.595,1,Frequent High-Value Users
CUST_04038,10,455.1,45.510000000000005,37.1,277.29,27.729000000000003,0.617,1,Frequent High-Value Users
CUST_04039,18,902.1,50.11666666666667,36.05555555555556,498.62,27.70111111111111,0.5755555555555555,1,Frequent High-Value Users
CUST_04040,18,791.9,43.99444444444444,35.55555555555556,450.22,25.012222222222224,0.5738888888888889,1,Frequent High-Value Users
CUST_04041,17,798.5,46.970588235294116,32.23529411764706,473.12,27.83058823529412,0.5935294117647059,1,Frequent High-Value Users
CUST_04042,17,847.6,49.858823529411765,37.0,518.68,30.510588235294115,0.6111764705882353,1,Frequent High-Value Users
CUST_04043,16,893.2,55.825,27.25,549.55,34.346875,0.618125,1,Frequent High-Value Users
CUST_04044,28,1362.4,48.65714285714286,31.571428571428573,819.36,29.262857142857143,0.6014285714285714,1,Frequent High-Value Users
CUST_04045,16,648.7,40.54375,36.0625,392.63,24.539375,0.60875,1,Frequent High-Value Users
CUST_04046,16,768.6,48.0375,38.125,439.61,27.475625,0.5825,1,Frequent High-Value Users
CUST_04047,22,973.9,44.268181818181816,36.13636363636363,556.61,25.300454545454546,0.5686363636363636,1,Frequent High-Value Users
CUST_04048,25,1060.9,42.43600000000001,37.0,604.28,24.1712,0.5711999999999999,1,Frequent High-Value Users
CUST_04049,17,812.8,47.811764705882354,34.23529411764706,484.22,28.483529411764707,0.5929411764705882,1,Frequent High-Value Users
CUST_04050,20,1064.8,53.239999999999995,33.45,610.26,30.512999999999998,0.5755,1,Frequent High-Value Users
CUST_04051,17,820.9,48.28823529411765,33.0,488.81,28.753529411764706,0.5923529411764706,1,Frequent High-Value Users
CUST_04052,29,1350.5,46.56896551724138,33.206896551724135,798.66,27.54,0.5886206896551724,1,Frequent High-Value Users
CUST_04053,12,562.2,46.85,35.25,317.0,26.416666666666668,0.5683333333333334,1,Frequent High-Value Users
CUST_04054,16,662.2,41.3875,40.875,412.95,25.809375,0.614375,1,Frequent High-Value Users
CUST_04055,19,912.9,48.04736842105263,37.78947368421053,572.53,30.13315789473684,0.6173684210526316,1,Frequent High-Value Users
CUST_04056,12,568.1,47.34166666666667,31.333333333333332,345.78,28.814999999999998,0.6058333333333333,1,Frequent High-Value Users
CUST_04057,14,706.8,50.48571428571428,33.214285714285715,403.2,28.8,0.5800000000000001,1,Frequent High-Value Users
CUST_04058,29,1325.5,45.706896551724135,32.86206896551724,783.45,27.01551724137931,0.5937931034482758,1,Frequent High-Value Users
CUST_04059,18,777.2,43.17777777777778,35.22222222222222,454.46,25.247777777777777,0.5866666666666667,1,Frequent High-Value Users
CUST_04060,20,925.2,46.260000000000005,39.65,568.38,28.419,0.6205,1,Frequent High-Value Users
CUST_04061,12,623.1,51.925000000000004,30.25,360.96,30.08,0.58,1,Frequent High-Value Users
CUST_04062,16,666.3,41.64375,40.4375,398.81,24.925625,0.593125,1,Frequent High-Value Users
CUST_04063,20,980.0,49.0,35.85,601.03,30.051499999999997,0.612,1,Frequent High-Value Users
CUST_04064,21,1093.5,52.07142857142857,29.904761904761905,659.08,31.384761904761906,0.6047619047619047,1,Frequent High-Value Users
CUST_04065,19,778.4,40.96842105263158,37.94736842105263,473.39,24.915263157894735,0.601578947368421,1,Frequent High-Value Users
CUST_04066,18,866.9,48.16111111111111,35.77777777777778,494.17,27.45388888888889,0.5733333333333334,1,Frequent High-Value Users
CUST_04067,16,804.0,50.25,33.125,470.68,29.4175,0.59125,1,Frequent High-Value Users
CUST_04068,15,642.7,42.84666666666667,37.93333333333333,382.87,25.52466666666667,0.5920000000000001,1,Frequent High-Value Users
CUST_04069,22,980.6,44.57272727272727,34.86363636363637,582.02,26.455454545454543,0.5890909090909091,1,Frequent High-Value Users
CUST_04070,26,1263.2,48.58461538461539,33.92307692307692,749.54,28.828461538461536,0.591923076923077,1,Frequent High-Value Users
CUST_04071,15,652.1,43.473333333333336,38.2,391.23,26.082,0.6046666666666667,1,Frequent High-Value Users
CUST_04072,17,914.0,53.76470588235294,28.11764705882353,556.14,32.71411764705882,0.6064705882352941,1,Frequent High-Value Users
CUST_04073,16,658.3,41.14375,42.5,374.13,23.383125,0.575,1,Frequent High-Value Users
CUST_04074,16,744.0,46.5,35.1875,431.40999999999997,26.963124999999998,0.575625,1,Frequent High-Value Users
CUST_04075,20,956.8,47.839999999999996,32.45,585.84,29.292,0.602,1,Frequent High-Value Users
CUST_04076,15,726.6,48.440000000000005,36.13333333333333,433.94,28.929333333333332,0.5913333333333333,1,Frequent High-Value Users
CUST_04077,18,919.5,51.083333333333336,31.72222222222222,544.36,30.242222222222225,0.5977777777777777,1,Frequent High-Value Users
CUST_04078,17,741.0,43.588235294117645,35.411764705882355,434.49,25.558235294117647,0.5888235294117647,1,Frequent High-Value Users
CUST_04079,15,723.6,48.24,32.13333333333333,422.82,28.188,0.586,1,Frequent High-Value Users
CUST_04080,15,651.9,43.46,37.86666666666667,381.77,25.45133333333333,0.5946666666666667,1,Frequent High-Value Users
CUST_04081,12,528.6,44.050000000000004,37.25,321.41,26.784166666666668,0.6033333333333334,1,Frequent High-Value Users
CUST_04082,21,1041.0,49.57142857142857,32.285714285714285,621.97,29.617619047619048,0.6,1,Frequent High-Value Users
CUST_04083,19,988.3,52.01578947368421,30.842105263157894,580.09,30.531052631578948,0.5815789473684211,1,Frequent High-Value Users
CUST_04084,19,712.5,37.5,40.94736842105263,427.28,22.488421052631576,0.6005263157894737,1,Frequent High-Value Users
CUST_04085,21,895.7,42.65238095238095,37.476190476190474,545.0,25.952380952380953,0.6057142857142858,1,Frequent High-Value Users
CUST_04086,22,1018.6,46.300000000000004,36.27272727272727,609.91,27.723181818181818,0.6018181818181818,1,Frequent High-Value Users
CUST_04087,16,741.6,46.35,35.125,443.74,27.73375,0.6,1,Frequent High-Value Users
CUST_04088,24,1128.1,47.00416666666666,33.291666666666664,682.5699999999999,28.440416666666664,0.6083333333333333,1,Frequent High-Value Users
CUST_04089,15,803.6,53.57333333333334,31.8,477.2,31.813333333333333,0.5980000000000001,1,Frequent High-Value Users
CUST_04090,17,712.3,41.9,38.8235294117647,423.62,24.918823529411764,0.5870588235294117,1,Frequent High-Value Users
CUST_04091,21,995.4,47.4,35.142857142857146,576.42,27.448571428571427,0.5761904761904761,1,Frequent High-Value Users
CUST_04092,11,494.3,44.93636363636364,35.45454545454545,293.81,26.71,0.5890909090909091,1,Frequent High-Value Users
CUST_04093,18,884.9,49.16111111111111,30.944444444444443,508.56,28.253333333333334,0.58,1,Frequent High-Value Users
CUST_04094,13,583.3,44.86923076923077,33.38461538461539,332.41,25.57,0.5723076923076923,1,Frequent High-Value Users
CUST_04095,18,923.3000000000001,51.29444444444445,30.22222222222222,541.61,30.089444444444446,0.5888888888888889,1,Frequent High-Value Users
CUST_04096,17,801.2,47.129411764705885,31.705882352941178,468.09,27.534705882352938,0.5864705882352942,1,Frequent High-Value Users
CUST_04097,14,641.4,45.81428571428571,37.5,380.78,27.198571428571427,0.5928571428571429,1,Frequent High-Value Users
CUST_04098,10,484.5,48.45,35.9,290.97,29.097,0.608,1,Frequent High-Value Users
CUST_04099,22,986.5,44.84090909090909,36.18181818181818,573.15,26.052272727272726,0.5963636363636364,1,Frequent High-Value Users
CUST_04100,18,805.5,44.75,36.27777777777778,454.04,25.224444444444444,0.5727777777777778,1,Frequent High-Value Users
CUST_04101,15,663.5,44.233333333333334,38.4,404.36,26.957333333333334,0.606,1,Frequent High-Value Users
CUST_04102,24,1058.8,44.11666666666667,37.208333333333336,622.67,25.94458333333333,0.5912499999999999,1,Frequent High-Value Users
CUST_04103,16,655.0,40.9375,38.0,392.95,24.559375,0.593125,1,Frequent High-Value Users
CUST_04104,20,882.0,44.1,35.75,519.16,25.958,0.5780000000000001,1,Frequent High-Value Users
CUST_04105,22,961.2,43.690909090909095,36.77272727272727,585.9,26.63181818181818,0.6127272727272728,1,Frequent High-Value Users
CUST_04106,21,911.5,43.404761904761905,36.666666666666664,547.35,26.064285714285717,0.5995238095238096,1,Frequent High-Value Users
CUST_04107,16,778.9,48.68125,33.3125,448.1,28.00625,0.58125,1,Frequent High-Value Users
CUST_04108,12,653.6,54.46666666666667,26.5,355.8,29.650000000000002,0.5558333333333333,1,Frequent High-Value Users
CUST_04109,15,652.8,43.519999999999996,39.8,412.03000000000003,27.468666666666667,0.628,1,Frequent High-Value Users
CUST_04110,22,955.5,43.43181818181818,35.59090909090909,546.06,24.820909090909087,0.5754545454545454,1,Frequent High-Value Users
CUST_04111,13,612.8,47.138461538461534,36.76923076923077,358.18,27.552307692307693,0.5792307692307692,1,Frequent High-Value Users
CUST_04112,20,831.4,41.57,38.95,498.3,24.915,0.5965,1,Frequent High-Value Users
CUST_04113,19,937.3,49.33157894736842,34.8421052631579,570.26,30.013684210526314,0.6010526315789474,1,Frequent High-Value Users
CUST_04114,19,953.1,50.16315789473684,31.526315789473685,560.96,29.52421052631579,0.5984210526315789,1,Frequent High-Value Users
CUST_04115,19,857.8,45.147368421052626,36.68421052631579,515.82,27.14842105263158,0.601578947368421,1,Frequent High-Value Users
CUST_04116,17,874.9,51.46470588235294,34.23529411764706,523.08,30.769411764705886,0.6041176470588235,1,Frequent High-Value Users
CUST_04117,29,1163.2,40.11034482758621,42.172413793103445,688.8,23.75172413793103,0.5893103448275862,1,Frequent High-Value Users
CUST_04118,19,916.5,48.23684210526316,34.526315789473685,568.27,29.908947368421053,0.6205263157894736,1,Frequent High-Value Users
CUST_04119,21,968.0,46.095238095238095,37.80952380952381,569.81,27.13380952380952,0.5933333333333334,1,Frequent High-Value Users
CUST_04120,22,961.1,43.68636363636364,36.54545454545455,572.49,26.02227272727273,0.5890909090909091,1,Frequent High-Value Users
CUST_04121,20,922.3,46.114999999999995,37.65,545.14,27.256999999999998,0.589,1,Frequent High-Value Users
CUST_04122,22,1176.1,53.459090909090904,31.59090909090909,697.13,31.687727272727273,0.5972727272727273,1,Frequent High-Value Users
CUST_04123,15,737.9,49.193333333333335,33.93333333333333,433.24,28.88266666666667,0.5906666666666667,1,Frequent High-Value Users
CUST_04124,22,961.2,43.690909090909095,38.27272727272727,573.6,26.072727272727274,0.5990909090909091,1,Frequent High-Value Users
CUST_04125,22,1074.0,48.81818181818182,32.5,619.94,28.179090909090913,0.5840909090909091,1,Frequent High-Value Users
CUST_04126,14,658.3,47.021428571428565,38.642857142857146,390.7,27.907142857142855,0.5828571428571429,1,Frequent High-Value Users
CUST_04127,16,677.2,42.325,35.3125,377.04,23.565,0.55875,1,Frequent High-Value Users
CUST_04128,18,908.1,50.45,31.944444444444443,544.71,30.26166666666667,0.6066666666666667,1,Frequent High-Value Users
CUST_04129,16,572.1,35.75625,42.5625,330.62,20.66375,0.5775,1,Frequent High-Value Users
CUST_04130,21,1052.5,50.11904761904762,32.0,634.02,30.19142857142857,0.6066666666666667,1,Frequent High-Value Users
CUST_04131,27,1366.4,50.60740740740741,33.81481481481482,800.71,29.655925925925928,0.5840740740740741,1,Frequent High-Value Users
CUST_04132,12,519.2,43.26666666666667,36.333333333333336,314.72,26.22666666666667,0.6133333333333334,1,Frequent High-Value Users
CUST_04133,13,629.3,48.4076923076923,33.23076923076923,391.08,30.083076923076923,0.6184615384615384,1,Frequent High-Value Users
CUST_04134,12,508.3,42.358333333333334,37.583333333333336,302.96,25.246666666666666,0.6,1,Frequent High-Value Users
CUST_04135,19,971.6,51.136842105263156,34.526315789473685,587.5600000000001,30.924210526315793,0.6036842105263158,1,Frequent High-Value Users
CUST_04136,14,679.7,48.550000000000004,37.57142857142857,416.52,29.75142857142857,0.62,1,Frequent High-Value Users
CUST_04137,18,919.0999999999999,51.0611111111111,33.5,549.06,30.50333333333333,0.6061111111111112,1,Frequent High-Value Users
CUST_04138,21,943.6,44.93333333333334,36.61904761904762,570.97,27.18904761904762,0.6004761904761905,1,Frequent High-Value Users
CUST_04139,21,1006.4,47.923809523809524,33.57142857142857,596.36,28.398095238095237,0.5947619047619048,1,Frequent High-Value Users
CUST_04140,16,714.8,44.675,36.5625,426.26000000000005,26.641250000000003,0.593125,1,Frequent High-Value Users
CUST_04141,20,1014.4,50.72,34.15,583.12,29.156,0.5725,1,Frequent High-Value Users
CUST_04142,26,1314.8,50.56923076923077,30.46153846153846,773.76,29.759999999999998,0.5834615384615385,1,Frequent High-Value Users
CUST_04143,19,833.5,43.86842105263158,40.26315789473684,496.54,26.133684210526315,0.5978947368421053,1,Frequent High-Value Users
CUST_04144,22,1077.0,48.95454545454545,33.45454545454545,625.29,28.422272727272727,0.5813636363636364,1,Frequent High-Value Users
CUST_04145,24,1030.9,42.95416666666667,36.416666666666664,609.91,25.412916666666664,0.5920833333333334,1,Frequent High-Value Users
CUST_04146,13,562.3,43.25384615384615,37.38461538461539,339.26,26.096923076923076,0.6046153846153846,1,Frequent High-Value Users
CUST_04147,18,889.9,49.43888888888889,29.61111111111111,528.21,29.345000000000002,0.5872222222222222,1,Frequent High-Value Users
CUST_04148,27,1246.2,46.15555555555556,37.22222222222222,742.37,27.495185185185186,0.597037037037037,1,Frequent High-Value Users
CUST_04149,26,1219.2,46.892307692307696,33.61538461538461,710.11,27.311923076923076,0.5811538461538461,1,Frequent High-Value Users
CUST_04150,18,788.1,43.78333333333333,38.888888888888886,462.21999999999997,25.67888888888889,0.5933333333333333,1,Frequent High-Value Users
CUST_04151,15,657.9,43.86,35.333333333333336,398.58,26.572,0.6073333333333333,1,Frequent High-Value Users
CUST_04152,28,1306.0,46.642857142857146,34.964285714285715,792.03,28.286785714285713,0.6071428571428571,1,Frequent High-Value Users
CUST_04153,12,560.1,46.675000000000004,36.166666666666664,306.51,25.5425,0.5508333333333334,1,Frequent High-Value Users
CUST_04154,21,908.1,43.24285714285715,36.38095238095238,519.75,24.75,0.5747619047619048,1,Frequent High-Value Users
CUST_04155,21,1001.9,47.70952380952381,32.476190476190474,620.98,29.570476190476192,0.6142857142857143,1,Frequent High-Value Users
CUST_04156,13,629.0,48.38461538461539,33.53846153846154,367.69,28.283846153846152,0.5892307692307692,1,Frequent High-Value Users
CUST_04157,10,477.9,47.79,34.6,273.15,27.314999999999998,0.5730000000000001,1,Frequent High-Value Users
CUST_04158,26,1222.0,47.0,32.92307692307692,712.85,27.417307692307695,0.5911538461538461,1,Frequent High-Value Users
CUST_04159,17,762.6,44.858823529411765,34.8235294117647,447.06,26.29764705882353,0.591764705882353,1,Frequent High-Value Users
CUST_04160,11,534.5,48.59090909090909,31.545454545454547,318.14,28.921818181818182,0.6054545454545455,1,Frequent High-Value Users
CUST_04161,17,812.3000000000001,47.78235294117648,34.35294117647059,461.48,27.14588235294118,0.5670588235294118,1,Frequent High-Value Users
CUST_04162,20,943.6,47.18,33.05,574.0,28.7,0.603,1,Frequent High-Value Users
CUST_04163,18,786.7,43.705555555555556,37.0,481.89,26.771666666666665,0.615,1,Frequent High-Value Users
CUST_04164,17,765.8,45.04705882352941,32.88235294117647,483.49,28.44058823529412,0.6388235294117647,1,Frequent High-Value Users
CUST_04165,16,746.0,46.625,35.1875,441.49,27.593125,0.586875,1,Frequent High-Value Users
CUST_04166,12,564.1,47.00833333333333,36.083333333333336,330.98,27.581666666666667,0.5808333333333333,1,Frequent High-Value Users
CUST_04167,27,1106.3,40.974074074074075,38.333333333333336,643.21,23.822592592592596,0.5840740740740741,1,Frequent High-Value Users
CUST_04168,22,1135.5,51.61363636363637,30.40909090909091,657.49,29.88590909090909,0.5731818181818181,1,Frequent High-Value Users
CUST_04169,24,1162.4,48.43333333333334,32.583333333333336,685.68,28.569999999999997,0.5883333333333333,1,Frequent High-Value Users
CUST_04170,18,740.2,41.12222222222223,36.166666666666664,453.05,25.169444444444444,0.6155555555555555,1,Frequent High-Value Users
CUST_04171,17,793.3,46.66470588235294,35.23529411764706,479.5,28.205882352941178,0.6058823529411765,1,Frequent High-Value Users
CUST_04172,20,947.4,47.37,35.2,563.61,28.180500000000002,0.5965,1,Frequent High-Value Users
CUST_04173,19,737.6,38.82105263157895,40.578947368421055,445.44,23.44421052631579,0.6063157894736841,1,Frequent High-Value Users
CUST_04174,17,796.3,46.84117647058823,31.529411764705884,476.19,28.011176470588236,0.5994117647058823,1,Frequent High-Value Users
CUST_04175,16,737.6,46.1,38.5625,434.68,27.1675,0.599375,1,Frequent High-Value Users
CUST_04176,18,904.4,50.24444444444444,32.5,526.84,29.268888888888892,0.5855555555555556,1,Frequent High-Value Users
CUST_04177,18,700.9,38.93888888888889,42.44444444444444,410.87,22.82611111111111,0.5911111111111111,1,Frequent High-Value Users
CUST_04178,9,488.2,54.24444444444444,31.333333333333332,295.71000000000004,32.85666666666667,0.6066666666666667,1,Frequent High-Value Users
CUST_04179,16,700.0,43.75,39.125,425.23,26.576875,0.603125,1,Frequent High-Value Users
CUST_04180,16,860.0,53.75,29.125,532.2,33.2625,0.61375,1,Frequent High-Value Users
CUST_04181,11,507.7,46.154545454545456,34.18181818181818,277.84000000000003,25.25818181818182,0.56,1,Frequent High-Value Users
CUST_04182,11,573.4,52.127272727272725,27.818181818181817,321.15,29.19545454545454,0.5636363636363636,1,Frequent High-Value Users
CUST_04183,17,876.7,51.57058823529412,31.41176470588235,535.91,31.524117647058823,0.6064705882352941,1,Frequent High-Value Users
CUST_04184,20,857.3,42.864999999999995,37.9,507.61,25.3805,0.5855,1,Frequent High-Value Users
CUST_04185,18,952.3,52.90555555555555,30.22222222222222,583.11,32.395,0.6116666666666667,1,Frequent High-Value Users
CUST_04186,22,896.3,40.74090909090909,38.90909090909091,536.02,24.364545454545453,0.5981818181818181,1,Frequent High-Value Users
CUST_04187,23,1192.7,51.856521739130436,30.695652173913043,689.7,29.98695652173913,0.5817391304347826,1,Frequent High-Value Users
CUST_04188,17,810.2,47.65882352941177,34.529411764705884,466.3,27.429411764705883,0.5747058823529412,1,Frequent High-Value Users
CUST_04189,20,910.0,45.5,36.7,519.34,25.967000000000002,0.5780000000000001,1,Frequent High-Value Users
CUST_04190,18,844.9,46.93888888888889,38.22222222222222,504.44,28.024444444444445,0.5927777777777777,1,Frequent High-Value Users
CUST_04191,14,742.1,53.00714285714286,31.357142857142858,434.29,31.020714285714288,0.5807142857142856,1,Frequent High-Value Users
CUST_04192,22,974.0,44.27272727272727,37.81818181818182,577.86,26.266363636363636,0.5959090909090908,1,Frequent High-Value Users
CUST_04193,14,732.8,52.34285714285714,30.5,413.23,29.516428571428573,0.5735714285714285,1,Frequent High-Value Users
CUST_04194,23,1163.3,50.57826086956521,30.869565217391305,653.24,28.401739130434784,0.5547826086956522,1,Frequent High-Value Users
CUST_04195,16,701.9,43.86875,36.0625,405.5,25.34375,0.588125,1,Frequent High-Value Users
CUST_04196,19,912.5,48.026315789473685,36.05263157894737,520.12,27.374736842105264,0.57,1,Frequent High-Value Users
CUST_04197,14,626.6,44.75714285714286,36.785714285714285,367.66,26.261428571428574,0.5835714285714285,1,Frequent High-Value Users
CUST_04198,11,559.6,50.872727272727275,30.363636363636363,346.59,31.508181818181814,0.6236363636363637,1,Frequent High-Value Users
CUST_04199,22,928.8,42.21818181818182,37.54545454545455,522.69,23.758636363636366,0.5654545454545454,1,Frequent High-Value Users
CUST_04200,18,759.4,42.18888888888889,38.22222222222222,469.74,26.096666666666668,0.6205555555555555,1,Frequent High-Value Users
CUST_04201,17,879.9,51.758823529411764,33.64705882352941,534.32,31.43058823529412,0.6070588235294118,1,Frequent High-Value Users
CUST_04202,24,1153.9,48.07916666666667,36.0,691.52,28.813333333333333,0.5941666666666666,1,Frequent High-Value Users
CUST_04203,23,913.7,39.72608695652174,39.08695652173913,539.82,23.4704347826087,0.5926086956521739,1,Frequent High-Value Users
CUST_04204,22,1013.0999999999999,46.05,32.72727272727273,598.54,27.206363636363633,0.5909090909090909,1,Frequent High-Value Users
CUST_04205,23,1093.4,47.539130434782614,36.73913043478261,618.48,26.890434782608697,0.5669565217391304,1,Frequent High-Value Users
CUST_04206,20,1046.6,52.33,28.15,646.61,32.3305,0.619,1,Frequent High-Value Users
CUST_04207,14,656.0,46.857142857142854,33.642857142857146,369.17,26.369285714285716,0.5678571428571428,1,Frequent High-Value Users
CUST_04208,23,1157.1,50.30869565217391,32.78260869565217,692.83,30.123043478260872,0.6021739130434782,1,Frequent High-Value Users
CUST_04209,11,470.5,42.77272727272727,41.90909090909091,286.68,26.061818181818182,0.5981818181818181,1,Frequent High-Value Users
CUST_04210,19,932.0,49.05263157894737,34.36842105263158,523.01,27.526842105263157,0.5631578947368421,1,Frequent High-Value Users
CUST_04211,16,735.8,45.9875,37.125,411.32,25.7075,0.565,1,Frequent High-Value Users
CUST_04212,16,774.7,48.41875,35.3125,472.92,29.5575,0.60875,1,Frequent High-Value Users
CUST_04213,21,836.0,39.80952380952381,41.095238095238095,496.86,23.66,0.5871428571428572,1,Frequent High-Value Users
CUST_04214,14,620.4,44.31428571428571,36.642857142857146,391.28,27.948571428571427,0.6335714285714287,1,Frequent High-Value Users
CUST_04215,20,1083.0,54.15,31.45,643.44,32.172000000000004,0.5980000000000001,1,Frequent High-Value Users
CUST_04216,19,908.9,47.83684210526316,37.0,533.39,28.07315789473684,0.59,1,Frequent High-Value Users
CUST_04217,13,543.1,41.776923076923076,39.07692307692308,316.06,24.31230769230769,0.5869230769230769,1,Frequent High-Value Users
CUST_04218,20,991.8,49.589999999999996,31.95,591.57,29.578500000000002,0.601,1,Frequent High-Value Users
CUST_04219,22,956.2,43.46363636363637,35.68181818181818,560.74,25.48818181818182,0.5913636363636363,1,Frequent High-Value Users
CUST_04220,23,1047.1,45.52608695652174,36.95652173913044,612.38,26.625217391304346,0.59,1,Frequent High-Value Users
CUST_04221,29,1294.2,44.62758620689655,34.689655172413794,764.35,26.356896551724137,0.5906896551724138,1,Frequent High-Value Users
CUST_04222,10,426.9,42.69,39.1,267.99,26.799,0.63,1,Frequent High-Value Users
CUST_04223,25,1211.1,48.443999999999996,34.8,728.35,29.134,0.6004,1,Frequent High-Value Users
CUST_04224,18,985.5,54.75,31.77777777777778,557.85,30.991666666666667,0.5688888888888889,1,Frequent High-Value Users
CUST_04225,9,486.5,54.05555555555556,25.444444444444443,298.82,33.20222222222222,0.6133333333333333,1,Frequent High-Value Users
CUST_04226,14,652.1,46.57857142857143,34.714285714285715,379.13,27.080714285714286,0.5792857142857143,1,Frequent High-Value Users
CUST_04227,23,1187.1,51.61304347826086,32.73913043478261,711.78,30.94695652173913,0.5986956521739131,1,Frequent High-Value Users
CUST_04228,21,888.8,42.32380952380952,35.904761904761905,510.71999999999997,24.32,0.5804761904761905,1,Frequent High-Value Users
CUST_04229,27,1333.0,49.370370370370374,31.962962962962962,797.72,29.545185185185186,0.6007407407407407,1,Frequent High-Value Users
CUST_04230,16,754.8,47.175,36.0625,459.01,28.688125,0.609375,1,Frequent High-Value Users
CUST_04231,30,1370.5,45.68333333333333,38.3,842.13,28.071,0.6076666666666667,1,Frequent High-Value Users
CUST_04232,14,539.5,38.535714285714285,41.42857142857143,316.87,22.63357142857143,0.59,1,Frequent High-Value Users
CUST_04233,13,651.9,50.146153846153844,36.38461538461539,366.25,28.173076923076923,0.5646153846153846,1,Frequent High-Value Users
CUST_04234,23,989.3,43.01304347826087,39.391304347826086,596.63,25.940434782608694,0.601304347826087,1,Frequent High-Value Users
CUST_04235,13,616.7,47.43846153846154,35.76923076923077,363.37,27.951538461538462,0.5876923076923076,1,Frequent High-Value Users
CUST_04236,15,696.3,46.419999999999995,35.333333333333336,426.15,28.41,0.6106666666666667,1,Frequent High-Value Users
CUST_04237,22,925.6,42.07272727272727,36.40909090909091,526.2,23.91818181818182,0.5781818181818182,1,Frequent High-Value Users
CUST_04238,17,772.6,45.44705882352941,38.05882352941177,429.82,25.283529411764704,0.5588235294117647,1,Frequent High-Value Users
CUST_04239,16,769.4,48.0875,33.6875,432.03,27.001875,0.5706249999999999,1,Frequent High-Value Users
CUST_04240,13,636.2,48.93846153846154,31.692307692307693,375.27,28.866923076923076,0.58,1,Frequent High-Value Users
CUST_04241,23,1115.7,48.50869565217391,32.73913043478261,642.87,27.950869565217392,0.5726086956521739,1,Frequent High-Value Users
CUST_04242,19,959.4,50.49473684210526,34.94736842105263,556.4300000000001,29.285789473684215,0.5894736842105263,1,Frequent High-Value Users
CUST_04243,19,796.9,41.94210526315789,40.78947368421053,453.74,23.88105263157895,0.5805263157894737,1,Frequent High-Value Users
CUST_04244,22,945.6,42.981818181818184,38.36363636363637,562.12,25.55090909090909,0.5904545454545455,1,Frequent High-Value Users
CUST_04245,21,1174.1,55.909523809523805,27.571428571428573,707.77,33.70333333333333,0.6090476190476191,1,Frequent High-Value Users
CUST_04246,14,742.4,53.028571428571425,31.928571428571427,445.43,31.81642857142857,0.6021428571428571,1,Frequent High-Value Users
CUST_04247,18,881.2,48.955555555555556,36.0,530.6800000000001,29.482222222222227,0.6044444444444445,1,Frequent High-Value Users
CUST_04248,14,706.5,50.464285714285715,30.928571428571427,430.69,30.763571428571428,0.595,1,Frequent High-Value Users
CUST_04249,23,1110.8,48.29565217391304,36.17391304347826,680.21,29.574347826086957,0.6095652173913043,1,Frequent High-Value Users
CUST_04250,20,1006.2,50.31,31.5,581.13,29.0565,0.5815,1,Frequent High-Value Users
CUST_04251,17,750.8000000000001,44.16470588235295,35.529411764705884,440.15,25.891176470588235,0.5882352941176471,1,Frequent High-Value Users
CUST_04252,24,1067.7,44.487500000000004,36.875,650.39,27.09958333333333,0.6091666666666666,1,Frequent High-Value Users
CUST_04253,15,691.9,46.126666666666665,34.86666666666667,399.46,26.630666666666666,0.5866666666666667,1,Frequent High-Value Users
CUST_04254,20,914.2,45.71,37.8,539.71,26.985500000000002,0.5995,1,Frequent High-Value Users
CUST_04255,24,1148.2,47.84166666666667,33.208333333333336,693.78,28.9075,0.6016666666666667,1,Frequent High-Value Users
CUST_04256,18,742.6,41.25555555555556,41.0,459.59,25.532777777777778,0.6144444444444445,1,Frequent High-Value Users
CUST_04257,24,1069.7,44.57083333333333,37.0,653.1,27.212500000000002,0.6104166666666667,1,Frequent High-Value Users
CUST_04258,13,664.6,51.12307692307692,35.07692307692308,400.51,30.808461538461536,0.6038461538461538,1,Frequent High-Value Users
CUST_04259,17,802.3,47.19411764705882,32.411764705882355,473.14,27.831764705882353,0.5952941176470588,1,Frequent High-Value Users
CUST_04260,19,841.5,44.28947368421053,37.78947368421053,502.47,26.44578947368421,0.601578947368421,1,Frequent High-Value Users
CUST_04261,19,1016.6,53.50526315789474,28.473684210526315,624.42,32.86421052631579,0.6115789473684211,1,Frequent High-Value Users
CUST_04262,19,675.6,35.55789473684211,44.31578947368421,393.68,20.72,0.5810526315789474,1,Frequent High-Value Users
CUST_04263,21,995.3,47.39523809523809,35.19047619047619,566.55,26.978571428571428,0.5695238095238095,1,Frequent High-Value Users
CUST_04264,19,868.7,45.72105263157895,36.21052631578947,527.85,27.781578947368423,0.6021052631578947,1,Frequent High-Value Users
CUST_04265,32,1584.8,49.525,35.34375,957.78,29.930625,0.600625,1,Frequent High-Value Users
CUST_04266,16,811.1,50.69375,32.625,489.69,30.605625,0.60375,1,Frequent High-Value Users
CUST_04267,18,965.6,53.644444444444446,25.555555555555557,573.39,31.855,0.5927777777777777,1,Frequent High-Value Users
CUST_04268,17,802.8,47.2235294117647,35.11764705882353,492.16,28.95058823529412,0.6076470588235294,1,Frequent High-Value Users
CUST_04269,18,804.9,44.71666666666667,35.55555555555556,477.03,26.501666666666665,0.5894444444444444,1,Frequent High-Value Users
CUST_04270,16,617.6,38.6,40.625,357.75,22.359375,0.580625,1,Frequent High-Value Users
CUST_04271,24,1046.6,43.60833333333333,36.666666666666664,626.8,26.116666666666664,0.5995833333333334,1,Frequent High-Value Users
CUST_04272,17,772.2,45.42352941176471,31.294117647058822,477.61,28.09470588235294,0.6205882352941177,1,Frequent High-Value Users
CUST_04273,21,865.6,41.21904761904762,41.523809523809526,517.14,24.625714285714285,0.5900000000000001,1,Frequent High-Value Users
CUST_04274,18,809.9,44.99444444444444,38.0,480.40000000000003,26.68888888888889,0.5927777777777777,1,Frequent High-Value Users
CUST_04275,17,796.3,46.84117647058823,36.529411764705884,462.5,27.205882352941178,0.5747058823529412,1,Frequent High-Value Users
CUST_04276,21,1019.5,48.54761904761905,33.42857142857143,588.64,28.03047619047619,0.5819047619047619,1,Frequent High-Value Users
CUST_04277,16,761.3,47.58125,34.1875,446.92,27.9325,0.589375,1,Frequent High-Value Users
CUST_04278,20,891.1,44.555,35.05,524.29,26.214499999999997,0.5865,1,Frequent High-Value Users
CUST_04279,17,802.9,47.22941176470588,33.23529411764706,481.21999999999997,28.30705882352941,0.5952941176470588,1,Frequent High-Value Users
CUST_04280,20,1108.4,55.42,26.7,667.14,33.357,0.5995,1,Frequent High-Value Users
CUST_04281,13,632.3,48.638461538461534,36.0,348.96,26.84307692307692,0.5553846153846154,1,Frequent High-Value Users
CUST_04282,18,846.3,47.016666666666666,33.888888888888886,517.13,28.729444444444443,0.6111111111111112,1,Frequent High-Value Users
CUST_04283,24,1083.0,45.125,37.416666666666664,638.34,26.5975,0.5904166666666667,1,Frequent High-Value Users
CUST_04284,17,941.8,55.4,32.23529411764706,541.45,31.85,0.5841176470588235,1,Frequent High-Value Users
CUST_04285,17,814.8,47.92941176470588,38.23529411764706,488.89,28.758235294117647,0.6035294117647059,1,Frequent High-Value Users
CUST_04286,27,1220.5,45.2037037037037,36.111111111111114,729.0,27.0,0.5940740740740741,1,Frequent High-Value Users
CUST_04287,17,722.8,42.51764705882353,36.05882352941177,433.12,25.47764705882353,0.601764705882353,1,Frequent High-Value Users
CUST_04288,12,459.9,38.324999999999996,42.916666666666664,263.84000000000003,21.986666666666668,0.5825,1,Frequent High-Value Users
CUST_04289,18,770.1,42.78333333333333,37.666666666666664,462.12,25.673333333333332,0.6033333333333333,1,Frequent High-Value Users
CUST_04290,22,1006.0,45.72727272727273,36.40909090909091,582.23,26.465,0.5818181818181819,1,Frequent High-Value Users
CUST_04291,15,664.4,44.29333333333333,37.0,386.03,25.735333333333333,0.584,1,Frequent High-Value Users
CUST_04292,21,965.7,45.98571428571429,37.76190476190476,552.19,26.294761904761906,0.5695238095238094,1,Frequent High-Value Users
CUST_04293,24,1251.9,52.1625,31.25,754.6700000000001,31.444583333333338,0.6016666666666667,1,Frequent High-Value Users
CUST_04294,11,506.2,46.018181818181816,36.54545454545455,299.38,27.216363636363635,0.5990909090909091,1,Frequent High-Value Users
CUST_04295,17,848.0,49.88235294117647,31.941176470588236,501.86,29.521176470588237,0.6070588235294118,1,Frequent High-Value Users
CUST_04296,20,847.1999999999999,42.36,35.8,521.81,26.0905,0.6115,1,Frequent High-Value Users
CUST_04297,12,598.3,49.85833333333333,23.833333333333332,347.61,28.9675,0.5783333333333334,1,Frequent High-Value Users
CUST_04298,31,1465.7,47.28064516129032,34.83870967741935,869.87,28.06032258064516,0.5935483870967742,1,Frequent High-Value Users
CUST_04299,25,1232.1,49.284,33.48,734.68,29.387199999999996,0.5928,1,Frequent High-Value Users
CUST_04300,19,869.4,45.757894736842104,36.473684210526315,524.1,27.58421052631579,0.5978947368421053,1,Frequent High-Value Users
CUST_04301,19,806.0,42.421052631578945,38.578947368421055,489.67,25.772105263157897,0.6010526315789474,1,Frequent High-Value Users
CUST_04302,21,1091.9,51.9952380952381,35.333333333333336,652.83,31.087142857142858,0.6004761904761905,1,Frequent High-Value Users
CUST_04303,16,686.4,42.9,37.0625,416.21999999999997,26.013749999999998,0.609375,1,Frequent High-Value Users
CUST_04304,20,1056.6,52.83,32.05,649.54,32.477,0.612,1,Frequent High-Value Users
CUST_04305,18,799.7,44.42777777777778,37.666666666666664,454.79,25.266111111111112,0.5761111111111111,1,Frequent High-Value Users
CUST_04306,21,1118.6,53.266666666666666,33.666666666666664,660.39,31.447142857142858,0.5966666666666667,1,Frequent High-Value Users
CUST_04307,19,779.5,41.026315789473685,38.10526315789474,469.2,24.69473684210526,0.601578947368421,1,Frequent High-Value Users
CUST_04308,25,1109.3,44.372,35.28,690.72,27.628800000000002,0.6136,1,Frequent High-Value Users
CUST_04309,21,967.6,46.076190476190476,36.95238095238095,570.37,27.160476190476192,0.5885714285714285,1,Frequent High-Value Users
CUST_04310,24,1086.4,45.26666666666667,36.25,661.26,27.5525,0.60375,1,Frequent High-Value Users
CUST_04311,17,795.5,46.794117647058826,34.705882352941174,463.06,27.238823529411764,0.5841176470588235,1,Frequent High-Value Users
CUST_04312,19,930.0,48.94736842105263,34.421052631578945,557.32,29.33263157894737,0.6057894736842105,1,Frequent High-Value Users
CUST_04313,12,579.3000000000001,48.275000000000006,32.5,348.9,29.075,0.6025,1,Frequent High-Value Users
CUST_04314,21,918.0,43.714285714285715,37.523809523809526,536.75,25.55952380952381,0.5847619047619047,1,Frequent High-Value Users
CUST_04315,18,821.0,45.611111111111114,36.388888888888886,470.53,26.140555555555554,0.5816666666666667,1,Frequent High-Value Users
CUST_04316,13,579.4,44.56923076923077,34.92307692307692,355.75,27.365384615384617,0.6115384615384616,1,Frequent High-Value Users
CUST_04317,16,782.3,48.89375,32.6875,450.44,28.1525,0.580625,1,Frequent High-Value Users
CUST_04318,24,1121.4,46.725,34.916666666666664,658.6,27.441666666666666,0.595,1,Frequent High-Value Users
CUST_04319,17,797.9,46.93529411764706,35.588235294117645,473.64,27.861176470588234,0.5947058823529412,1,Frequent High-Value Users
CUST_04320,10,428.0,42.8,41.1,249.87,24.987000000000002,0.591,1,Frequent High-Value Users
CUST_04321,15,724.4,48.29333333333333,34.0,444.39,29.625999999999998,0.612,1,Frequent High-Value Users
CUST_04322,19,884.0,46.526315789473685,36.36842105263158,532.32,28.016842105263162,0.6047368421052631,1,Frequent High-Value Users
CUST_04323,14,601.1,42.93571428571429,38.142857142857146,349.96,24.997142857142855,0.5928571428571429,1,Frequent High-Value Users
CUST_04324,21,1001.7,47.7,32.57142857142857,601.99,28.666190476190476,0.6061904761904762,1,Frequent High-Value Users
CUST_04325,15,716.9,47.79333333333333,32.53333333333333,427.77,28.517999999999997,0.5980000000000001,1,Frequent High-Value Users
CUST_04326,13,726.9,55.91538461538461,33.38461538461539,420.26,32.32769230769231,0.5723076923076923,1,Frequent High-Value Users
CUST_04327,21,962.0,45.80952380952381,34.333333333333336,568.26,27.06,0.5876190476190476,1,Frequent High-Value Users
CUST_04328,15,772.9,51.526666666666664,30.333333333333332,479.23,31.948666666666668,0.618,1,Frequent High-Value Users
CUST_04329,19,1002.7,52.77368421052632,30.36842105263158,593.24,31.223157894736843,0.5878947368421052,1,Frequent High-Value Users
CUST_04330,23,1006.2,43.74782608695652,40.56521739130435,603.96,26.25913043478261,0.6034782608695652,1,Frequent High-Value Users
CUST_04331,20,938.5,46.925,37.0,557.41,27.8705,0.593,1,Frequent High-Value Users
CUST_04332,17,776.7,45.688235294117646,36.64705882352941,458.7,26.98235294117647,0.59,1,Frequent High-Value Users
CUST_04333,27,1241.0,45.96296296296296,35.925925925925924,729.03,27.00111111111111,0.5848148148148149,1,Frequent High-Value Users
CUST_04334,17,757.4,44.55294117647059,36.11764705882353,448.31,26.371176470588235,0.5982352941176471,1,Frequent High-Value Users
CUST_04335,18,889.2,49.400000000000006,32.0,528.9,29.383333333333333,0.5894444444444444,1,Frequent High-Value Users
CUST_04336,20,1023.0,51.15,30.8,564.75,28.2375,0.5515,1,Frequent High-Value Users
CUST_04337,19,962.0,50.63157894736842,32.63157894736842,585.72,30.827368421052633,0.6026315789473684,1,Frequent High-Value Users
CUST_04338,17,818.3,48.13529411764706,37.294117647058826,494.98,29.116470588235295,0.6123529411764705,1,Frequent High-Value Users
CUST_04339,17,738.6,43.44705882352941,38.8235294117647,413.21,24.306470588235292,0.5629411764705883,1,Frequent High-Value Users
CUST_04340,28,1304.4,46.58571428571429,36.214285714285715,741.85,26.494642857142857,0.5678571428571428,1,Frequent High-Value Users
CUST_04341,23,1073.9,46.69130434782609,36.26086956521739,644.09,28.003913043478263,0.587391304347826,1,Frequent High-Value Users
CUST_04342,22,1056.0,48.0,36.95454545454545,595.1,27.05,0.57,1,Frequent High-Value Users
CUST_04343,21,970.1,46.195238095238096,33.61904761904762,589.53,28.072857142857142,0.61,1,Frequent High-Value Users
CUST_04344,22,1039.4,47.24545454545455,33.95454545454545,606.76,27.58,0.5913636363636363,1,Frequent High-Value Users
CUST_04345,19,908.1,47.794736842105266,34.94736842105263,516.12,27.164210526315788,0.5631578947368421,1,Frequent High-Value Users
CUST_04346,24,1163.7,48.487500000000004,34.208333333333336,711.4399999999999,29.64333333333333,0.61125,1,Frequent High-Value Users
CUST_04347,23,1107.4,48.14782608695653,31.130434782608695,677.47,29.45521739130435,0.6139130434782608,1,Frequent High-Value Users
CUST_04348,18,671.4,37.3,43.72222222222222,388.26,21.57,0.5794444444444444,1,Frequent High-Value Users
CUST_04349,24,1098.2,45.75833333333333,36.833333333333336,641.8100000000001,26.742083333333337,0.5870833333333333,1,Frequent High-Value Users
CUST_04350,28,1346.2,48.07857142857143,33.142857142857146,780.62,27.879285714285714,0.5739285714285715,1,Frequent High-Value Users
CUST_04351,22,1005.0,45.68181818181818,37.63636363636363,600.9,27.313636363636363,0.5990909090909091,1,Frequent High-Value Users
CUST_04352,18,823.1,45.72777777777778,35.666666666666664,486.17,27.009444444444444,0.5955555555555556,1,Frequent High-Value Users
CUST_04353,19,839.4,44.17894736842105,34.421052631578945,479.96,25.261052631578945,0.5742105263157895,1,Frequent High-Value Users
CUST_04354,15,804.7,53.64666666666667,34.13333333333333,497.77,33.184666666666665,0.6166666666666667,1,Frequent High-Value Users
CUST_04355,14,535.5,38.25,40.714285714285715,323.40999999999997,23.100714285714282,0.5957142857142858,1,Frequent High-Value Users
CUST_04356,19,939.3,49.43684210526315,29.789473684210527,567.92,29.890526315789472,0.5984210526315789,1,Frequent High-Value Users
CUST_04357,20,1011.1,50.555,33.6,572.16,28.607999999999997,0.5695,1,Frequent High-Value Users
CUST_04358,22,1031.3,46.877272727272725,32.81818181818182,629.61,28.618636363636366,0.6077272727272727,1,Frequent High-Value Users
CUST_04359,12,564.4,47.03333333333333,31.916666666666668,337.08,28.09,0.6033333333333334,1,Frequent High-Value Users
CUST_04360,20,978.5,48.925,33.45,598.88,29.944,0.614,1,Frequent High-Value Users
CUST_04361,20,897.5,44.875,36.1,557.21,27.860500000000002,0.6205,1,Frequent High-Value Users
CUST_04362,22,968.1,44.00454545454546,36.09090909090909,572.16,26.007272727272724,0.5913636363636363,1,Frequent High-Value Users
CUST_04363,17,702.1,41.300000000000004,37.94117647058823,440.34,25.90235294117647,0.6264705882352941,1,Frequent High-Value Users
CUST_04364,19,958.8,50.46315789473684,31.736842105263158,569.59,29.97842105263158,0.5868421052631579,1,Frequent High-Value Users
CUST_04365,20,937.9,46.894999999999996,34.4,555.3100000000001,27.765500000000003,0.597,1,Frequent High-Value Users
CUST_04366,18,770.4,42.8,37.27777777777778,460.9,25.605555555555554,0.5950000000000001,1,Frequent High-Value Users
CUST_04367,22,1139.3,51.78636363636363,32.90909090909091,711.06,32.32090909090909,0.6172727272727273,1,Frequent High-Value Users
CUST_04368,23,1068.1,46.439130434782605,35.82608695652174,646.97,28.12913043478261,0.6043478260869566,1,Frequent High-Value Users
CUST_04369,15,710.9,47.39333333333333,35.13333333333333,392.85,26.19,0.5533333333333333,1,Frequent High-Value Users
CUST_04370,22,1095.0,49.77272727272727,31.0,655.2,29.781818181818185,0.5981818181818181,1,Frequent High-Value Users
CUST_04371,20,827.5,41.375,40.6,499.91,24.9955,0.6094999999999999,1,Frequent High-Value Users
CUST_04372,14,608.8,43.48571428571428,34.857142857142854,364.18,26.012857142857143,0.6042857142857143,1,Frequent High-Value Users
CUST_04373,22,982.1,44.64090909090909,37.40909090909091,577.36,26.243636363636366,0.5936363636363636,1,Frequent High-Value Users
CUST_04374,14,745.9,53.278571428571425,32.57142857142857,458.73,32.76642857142857,0.6171428571428572,1,Frequent High-Value Users
CUST_04375,17,814.5,47.911764705882355,32.23529411764706,469.73,27.631176470588237,0.5782352941176471,1,Frequent High-Value Users
CUST_04376,22,1026.1,46.64090909090908,36.68181818181818,606.26,27.55727272727273,0.6013636363636364,1,Frequent High-Value Users
CUST_04377,15,635.0,42.333333333333336,37.0,365.92,24.39466666666667,0.5793333333333333,1,Frequent High-Value Users
CUST_04378,17,664.4,39.08235294117647,42.35294117647059,399.46,23.497647058823528,0.5970588235294118,1,Frequent High-Value Users
CUST_04379,18,873.9,48.55,33.611111111111114,502.19,27.899444444444445,0.5661111111111111,1,Frequent High-Value Users
CUST_04380,20,890.5,44.525,39.7,513.57,25.678500000000003,0.5815,1,Frequent High-Value Users
CUST_04381,16,753.0,47.0625,33.9375,454.43,28.401875,0.599375,1,Frequent High-Value Users
CUST_04382,18,816.2,45.34444444444445,34.388888888888886,486.18,27.01,0.5977777777777777,1,Frequent High-Value Users
CUST_04383,14,628.8,44.91428571428571,32.57142857142857,384.37,27.455000000000002,0.6135714285714285,1,Frequent High-Value Users
CUST_04384,24,1143.5,47.645833333333336,31.0,663.44,27.643333333333334,0.5841666666666666,1,Frequent High-Value Users
CUST_04385,18,825.4,45.855555555555554,37.611111111111114,503.92,27.995555555555555,0.605,1,Frequent High-Value Users
CUST_04386,19,1026.3,54.01578947368421,33.421052631578945,610.92,32.153684210526315,0.5905263157894737,1,Frequent High-Value Users
CUST_04387,17,898.7,52.86470588235294,30.88235294117647,526.3100000000001,30.959411764705887,0.5958823529411765,1,Frequent High-Value Users
CUST_04388,13,709.4,54.56923076923077,31.923076923076923,431.18,33.167692307692306,0.5969230769230769,1,Frequent High-Value Users
CUST_04389,16,680.6,42.5375,35.9375,412.59,25.786875,0.603125,1,Frequent High-Value Users
CUST_04390,22,944.5,42.93181818181818,37.40909090909091,547.45,24.88409090909091,0.5868181818181818,1,Frequent High-Value Users
CUST_04391,18,792.1,44.00555555555556,38.55555555555556,447.07,24.837222222222223,0.5688888888888889,1,Frequent High-Value Users
CUST_04392,19,919.4,48.38947368421052,32.73684210526316,557.72,29.353684210526318,0.5968421052631578,1,Frequent High-Value Users
CUST_04393,16,740.1,46.25625,37.5,428.28,26.7675,0.583125,1,Frequent High-Value Users
CUST_04394,17,840.9,49.46470588235294,30.235294117647058,483.89,28.464117647058824,0.5770588235294118,1,Frequent High-Value Users
CUST_04395,11,559.0,50.81818181818182,27.181818181818183,315.69,28.69909090909091,0.5690909090909091,1,Frequent High-Value Users
CUST_04396,20,889.2,44.46,37.8,541.59,27.079500000000003,0.613,1,Frequent High-Value Users
CUST_04397,16,775.9,48.49375,35.3125,475.90000000000003,29.743750000000002,0.609375,1,Frequent High-Value Users
CUST_04398,20,888.0,44.4,34.9,529.5,26.475,0.597,1,Frequent High-Value Users
CUST_04399,19,762.1,40.11052631578948,40.8421052631579,467.15,24.586842105263155,0.6157894736842104,1,Frequent High-Value Users
CUST_04400,18,970.7,53.92777777777778,34.166666666666664,567.38,31.52111111111111,0.5944444444444446,1,Frequent High-Value Users
CUST_04401,20,931.6,46.58,33.95,544.56,27.227999999999998,0.5845,1,Frequent High-Value Users
CUST_04402,25,1163.3,46.532,35.64,685.53,27.4212,0.5916,1,Frequent High-Value Users
CUST_04403,16,645.7,40.35625,35.5625,379.95,23.746875,0.586875,1,Frequent High-Value Users
CUST_04404,15,683.0,45.53333333333333,34.4,389.15,25.94333333333333,0.568,1,Frequent High-Value Users
CUST_04405,23,1136.8,49.426086956521736,34.26086956521739,683.5,29.717391304347824,0.6,1,Frequent High-Value Users
CUST_04406,26,1160.7,44.642307692307696,37.07692307692308,671.87,25.841153846153848,0.5807692307692307,1,Frequent High-Value Users
CUST_04407,13,674.2,51.861538461538466,32.38461538461539,405.32,31.178461538461537,0.5976923076923076,1,Frequent High-Value Users
CUST_04408,13,697.4,53.646153846153844,27.46153846153846,408.45,31.41923076923077,0.5807692307692307,1,Frequent High-Value Users
CUST_04409,23,1105.4,48.060869565217395,32.04347826086956,648.43,28.192608695652172,0.5904347826086956,1,Frequent High-Value Users
CUST_04410,20,990.7,49.535000000000004,33.0,578.31,28.915499999999998,0.5860000000000001,1,Frequent High-Value Users
CUST_04411,13,568.2,43.70769230769231,39.92307692307692,356.49,27.422307692307694,0.6261538461538462,1,Frequent High-Value Users
CUST_04412,15,765.4,51.026666666666664,33.6,458.76,30.584,0.6026666666666667,1,Frequent High-Value Users
CUST_04413,19,961.3,50.59473684210526,33.421052631578945,560.26,29.487368421052633,0.5926315789473684,1,Frequent High-Value Users
CUST_04414,19,939.7,49.45789473684211,30.736842105263158,548.92,28.890526315789472,0.5847368421052631,1,Frequent High-Value Users
CUST_04415,14,820.2,58.58571428571429,26.642857142857142,462.94,33.067142857142855,0.5664285714285714,1,Frequent High-Value Users
CUST_04416,13,564.1,43.392307692307696,38.07692307692308,340.92,26.224615384615387,0.6015384615384616,1,Frequent High-Value Users
CUST_04417,25,1159.0,46.36,34.92,686.3199999999999,27.452799999999996,0.5888,1,Frequent High-Value Users
CUST_04418,18,794.6,44.144444444444446,37.77777777777778,478.89,26.605,0.6033333333333333,1,Frequent High-Value Users
CUST_04419,20,1021.8,51.089999999999996,31.45,602.77,30.1385,0.5940000000000001,1,Frequent High-Value Users
CUST_04420,22,1146.1,52.095454545454544,31.09090909090909,672.13,30.551363636363636,0.58,1,Frequent High-Value Users
CUST_04421,22,1080.9,49.13181818181818,33.77272727272727,624.57,28.389545454545456,0.5795454545454546,1,Frequent High-Value Users
CUST_04422,18,830.7,46.150000000000006,35.05555555555556,510.45,28.358333333333334,0.6194444444444445,1,Frequent High-Value Users
CUST_04423,26,1269.6,48.83076923076923,33.76923076923077,750.78,28.876153846153844,0.5896153846153847,1,Frequent High-Value Users
CUST_04424,21,952.2,45.34285714285714,36.904761904761905,550.9,26.23333333333333,0.579047619047619,1,Frequent High-Value Users
CUST_04425,18,796.3,44.23888888888889,36.333333333333336,484.66,26.925555555555558,0.6011111111111112,1,Frequent High-Value Users
CUST_04426,24,1003.2,41.800000000000004,38.083333333333336,588.32,24.513333333333335,0.58875,1,Frequent High-Value Users
CUST_04427,26,1226.2,47.16153846153846,34.80769230769231,692.59,26.638076923076923,0.565,1,Frequent High-Value Users
CUST_04428,19,905.6,47.66315789473684,36.63157894736842,557.81,29.358421052631577,0.6136842105263158,1,Frequent High-Value Users
CUST_04429,17,932.2,54.83529411764706,30.352941176470587,560.1899999999999,32.952352941176464,0.6111764705882353,1,Frequent High-Value Users
CUST_04430,17,889.5,52.3235294117647,31.0,517.97,30.468823529411765,0.5852941176470587,1,Frequent High-Value Users
CUST_04431,22,1079.3,49.059090909090905,33.27272727272727,651.58,29.61727272727273,0.5995454545454545,1,Frequent High-Value Users
CUST_04432,15,692.6,46.17333333333333,37.53333333333333,402.65,26.84333333333333,0.578,1,Frequent High-Value Users
CUST_04433,16,727.6,45.475,36.125,436.72,27.295,0.6,1,Frequent High-Value Users
CUST_04434,15,732.3,48.82,32.0,427.83,28.522,0.5793333333333333,1,Frequent High-Value Users
CUST_04435,18,921.6,51.2,36.0,526.82,29.26777777777778,0.5783333333333334,1,Frequent High-Value Users
CUST_04436,16,654.6,40.9125,39.375,393.45,24.590625,0.60875,1,Frequent High-Value Users
CUST_04437,11,525.7,47.790909090909096,35.45454545454545,316.0,28.727272727272727,0.5963636363636363,1,Frequent High-Value Users
CUST_04438,15,670.3,44.68666666666666,36.46666666666667,391.15,26.076666666666664,0.588,1,Frequent High-Value Users
CUST_04439,16,708.5,44.28125,37.375,427.46999999999997,26.716874999999998,0.605625,1,Frequent High-Value Users
CUST_04440,25,1124.5,44.98,37.8,655.22,26.2088,0.5924,1,Frequent High-Value Users
CUST_04441,22,925.6,42.07272727272727,38.77272727272727,543.7,24.713636363636365,0.5886363636363636,1,Frequent High-Value Users
CUST_04442,16,729.0,45.5625,33.9375,423.37,26.460625,0.585,1,Frequent High-Value Users
CUST_04443,16,629.2,39.325,40.5625,377.27,23.579375,0.598125,1,Frequent High-Value Users
CUST_04444,18,854.1,47.45,35.888888888888886,508.02,28.223333333333333,0.6066666666666667,1,Frequent High-Value Users
CUST_04445,24,1186.9,49.45416666666667,31.625,727.55,30.31458333333333,0.60875,1,Frequent High-Value Users
CUST_04446,26,1265.5,48.67307692307692,37.23076923076923,756.24,29.086153846153845,0.6007692307692307,1,Frequent High-Value Users
CUST_04447,18,841.7,46.76111111111111,32.611111111111114,507.51,28.195,0.605,1,Frequent High-Value Users
CUST_04448,14,609.1,43.50714285714286,34.785714285714285,360.05,25.717857142857145,0.5842857142857143,1,Frequent High-Value Users
CUST_04449,17,813.0,47.8235294117647,35.05882352941177,491.89,28.93470588235294,0.6047058823529411,1,Frequent High-Value Users
CUST_04450,6,300.7,50.11666666666667,34.5,161.76,26.959999999999997,0.5416666666666666,1,Frequent High-Value Users
CUST_04451,20,1060.0,53.0,30.3,618.39,30.9195,0.585,1,Frequent High-Value Users
CUST_04452,16,707.6,44.225,32.375,424.5,26.53125,0.595625,1,Frequent High-Value Users
CUST_04453,22,1166.2,53.00909090909091,32.22727272727273,739.23,33.60136363636364,0.6259090909090909,1,Frequent High-Value Users
CUST_04454,14,822.6,58.75714285714286,27.857142857142858,474.89,33.92071428571428,0.5778571428571428,1,Frequent High-Value Users
CUST_04455,18,878.4,48.8,33.77777777777778,545.29,30.293888888888887,0.6088888888888889,1,Frequent High-Value Users
CUST_04456,19,833.8,43.88421052631579,40.26315789473684,488.3,25.7,0.5910526315789474,1,Frequent High-Value Users
CUST_04457,21,992.4,47.25714285714285,34.95238095238095,560.69,26.69952380952381,0.5671428571428572,1,Frequent High-Value Users
CUST_04458,22,1147.1,52.14090909090908,33.59090909090909,670.64,30.483636363636364,0.58,1,Frequent High-Value Users
CUST_04459,16,681.0,42.5625,38.875,412.02,25.75125,0.5975,1,Frequent High-Value Users
CUST_04460,28,1377.2,49.18571428571429,34.142857142857146,806.91,28.818214285714284,0.5867857142857142,1,Frequent High-Value Users
CUST_04461,11,497.8,45.25454545454546,36.81818181818182,298.59,27.14454545454545,0.6045454545454546,1,Frequent High-Value Users
CUST_04462,18,803.3,44.62777777777777,39.333333333333336,476.27,26.459444444444443,0.595,1,Frequent High-Value Users
CUST_04463,17,897.5,52.794117647058826,28.470588235294116,554.57,32.621764705882356,0.6194117647058823,1,Frequent High-Value Users
CUST_04464,20,912.6,45.63,36.6,533.98,26.699,0.591,1,Frequent High-Value Users
CUST_04465,25,1324.7,52.988,33.0,800.03,32.0012,0.6,1,Frequent High-Value Users
CUST_04466,12,503.8,41.983333333333334,38.916666666666664,305.7,25.474999999999998,0.5991666666666667,1,Frequent High-Value Users
CUST_04467,17,780.9,45.93529411764706,32.76470588235294,469.91,27.641764705882355,0.5994117647058823,1,Frequent High-Value Users
CUST_04468,24,1086.9,45.2875,34.041666666666664,659.62,27.484166666666667,0.6041666666666666,1,Frequent High-Value Users
CUST_04469,25,1329.0,53.16,31.04,789.46,31.578400000000002,0.5956,1,Frequent High-Value Users
CUST_04470,25,1071.6,42.864,35.72,654.46,26.1784,0.6036,1,Frequent High-Value Users
CUST_04471,22,1107.7,50.35,33.27272727272727,636.81,28.945909090909087,0.5672727272727273,1,Frequent High-Value Users
CUST_04472,19,847.6,44.61052631578948,38.68421052631579,493.62,25.98,0.5826315789473684,1,Frequent High-Value Users
CUST_04473,22,1054.7,47.940909090909095,37.95454545454545,596.85,27.129545454545454,0.5654545454545454,1,Frequent High-Value Users
CUST_04474,19,826.2,43.48421052631579,38.21052631578947,483.35,25.439473684210526,0.5905263157894737,1,Frequent High-Value Users
CUST_04475,18,905.4,50.3,31.61111111111111,540.67,30.03722222222222,0.5972222222222222,1,Frequent High-Value Users
CUST_04476,19,954.8,50.252631578947366,29.94736842105263,563.19,29.641578947368423,0.5915789473684211,1,Frequent High-Value Users
CUST_04477,19,827.8,43.56842105263158,37.473684210526315,516.3100000000001,27.174210526315793,0.6236842105263157,1,Frequent High-Value Users
CUST_04478,19,909.3,47.857894736842105,33.473684210526315,537.89,28.31,0.5889473684210526,1,Frequent High-Value Users
CUST_04479,23,1069.7,46.50869565217391,34.82608695652174,642.77,27.946521739130436,0.6069565217391305,1,Frequent High-Value Users
CUST_04480,14,629.9,44.99285714285714,37.57142857142857,359.72,25.694285714285716,0.5871428571428572,1,Frequent High-Value Users
CUST_04481,18,827.3,45.96111111111111,37.44444444444444,494.71999999999997,27.484444444444442,0.5955555555555556,1,Frequent High-Value Users
CUST_04482,19,844.5,44.44736842105263,35.63157894736842,529.74,27.88105263157895,0.6221052631578947,1,Frequent High-Value Users
CUST_04483,15,662.7,44.18,36.733333333333334,382.39,25.492666666666665,0.5786666666666667,1,Frequent High-Value Users
CUST_04484,18,823.0,45.72222222222222,34.27777777777778,486.82,27.045555555555556,0.5855555555555556,1,Frequent High-Value Users
CUST_04485,17,809.0,47.588235294117645,34.411764705882355,467.06,27.474117647058822,0.58,1,Frequent High-Value Users
CUST_04486,18,793.8,44.099999999999994,37.888888888888886,474.35,26.352777777777778,0.5977777777777777,1,Frequent High-Value Users
CUST_04487,14,628.3,44.878571428571426,38.714285714285715,381.71,27.264999999999997,0.5992857142857143,1,Frequent High-Value Users
CUST_04488,22,948.8,43.127272727272725,36.18181818181818,581.86,26.44818181818182,0.6109090909090908,1,Frequent High-Value Users
CUST_04489,29,1203.5,41.5,40.93103448275862,742.54,25.604827586206895,0.6155172413793104,1,Frequent High-Value Users
CUST_04490,11,505.8,45.981818181818184,34.90909090909091,297.46999999999997,27.04272727272727,0.5872727272727273,1,Frequent High-Value Users
CUST_04491,19,779.4,41.02105263157895,40.578947368421055,469.01,24.684736842105263,0.5957894736842105,1,Frequent High-Value Users
CUST_04492,24,1200.8,50.03333333333333,34.0,692.38,28.849166666666665,0.57875,1,Frequent High-Value Users
CUST_04493,20,888.7,44.435,37.75,545.31,27.265499999999996,0.6085,1,Frequent High-Value Users
CUST_04494,11,485.6,44.14545454545455,38.90909090909091,274.28,24.934545454545454,0.5590909090909091,1,Frequent High-Value Users
CUST_04495,11,584.0,53.09090909090909,33.72727272727273,354.9,32.26363636363636,0.6018181818181818,1,Frequent High-Value Users
CUST_04496,12,582.6,48.550000000000004,35.166666666666664,343.57,28.63083333333333,0.5991666666666667,1,Frequent High-Value Users
CUST_04497,24,1066.5,44.4375,36.75,654.76,27.281666666666666,0.6066666666666667,1,Frequent High-Value Users
CUST_04498,16,661.1,41.31875,40.8125,371.97,23.248125,0.571875,1,Frequent High-Value Users
CUST_04499,18,815.3,45.294444444444444,35.22222222222222,514.83,28.60166666666667,0.6233333333333334,1,Frequent High-Value Users
CUST_04500,19,810.7,42.66842105263158,39.1578947368421,464.03,24.422631578947367,0.58,1,Frequent High-Value Users
CUST_04501,16,825.9,51.61875,32.125,504.28000000000003,31.517500000000002,0.613125,1,Frequent High-Value Users
CUST_04502,17,810.1,47.65294117647059,34.88235294117647,475.8,27.988235294117647,0.5905882352941176,1,Frequent High-Value Users
CUST_04503,9,477.6,53.06666666666667,33.44444444444444,291.38,32.37555555555556,0.6133333333333333,1,Frequent High-Value Users
CUST_04504,17,846.5,49.794117647058826,32.11764705882353,501.76,29.51529411764706,0.591764705882353,1,Frequent High-Value Users
CUST_04505,18,844.5,46.916666666666664,35.0,496.96,27.608888888888888,0.5988888888888889,1,Frequent High-Value Users
CUST_04506,17,828.4,48.72941176470588,34.76470588235294,466.33,27.431176470588234,0.5658823529411764,1,Frequent High-Value Users
CUST_04507,15,630.7,42.04666666666667,40.86666666666667,361.55,24.103333333333335,0.574,1,Frequent High-Value Users
CUST_04508,20,939.6,46.980000000000004,36.8,569.73,28.4865,0.609,1,Frequent High-Value Users
CUST_04509,21,1015.8,48.37142857142857,31.857142857142858,581.98,27.713333333333335,0.572857142857143,1,Frequent High-Value Users
CUST_04510,16,731.9,45.74375,34.375,433.19,27.074375,0.590625,1,Frequent High-Value Users
CUST_04511,22,1217.0,55.31818181818182,28.09090909090909,710.6899999999999,32.30409090909091,0.5850000000000001,1,Frequent High-Value Users
CUST_04512,15,716.6999999999999,47.779999999999994,35.4,414.85,27.65666666666667,0.578,1,Frequent High-Value Users
CUST_04513,21,1039.8,49.51428571428571,33.42857142857143,615.9,29.32857142857143,0.6009523809523809,1,Frequent High-Value Users
CUST_04514,19,946.8000000000001,49.83157894736843,33.05263157894737,553.42,29.12736842105263,0.5863157894736842,1,Frequent High-Value Users
CUST_04515,17,724.1,42.59411764705882,36.35294117647059,439.33000000000004,25.84294117647059,0.6070588235294118,1,Frequent High-Value Users
CUST_04516,19,962.5,50.6578947368421,33.31578947368421,557.97,29.36684210526316,0.5810526315789474,1,Frequent High-Value Users
CUST_04517,13,602.4,46.33846153846154,31.615384615384617,350.98,26.99846153846154,0.5823076923076923,1,Frequent High-Value Users
CUST_04518,17,785.8,46.2235294117647,35.411764705882355,483.89,28.464117647058824,0.6111764705882353,1,Frequent High-Value Users
CUST_04519,21,978.6,46.6,36.80952380952381,582.78,27.75142857142857,0.5947619047619048,1,Frequent High-Value Users
CUST_04520,16,629.2,39.325,43.875,380.31,23.769375,0.605,1,Frequent High-Value Users
CUST_04521,24,1155.3,48.137499999999996,33.041666666666664,703.51,29.312916666666666,0.6079166666666667,1,Frequent High-Value Users
CUST_04522,17,847.1,49.82941176470588,34.88235294117647,500.76,29.456470588235295,0.5964705882352942,1,Frequent High-Value Users
CUST_04523,24,990.1,41.25416666666667,39.458333333333336,617.03,25.70958333333333,0.61625,1,Frequent High-Value Users
CUST_04524,21,1009.6,48.076190476190476,30.38095238095238,610.19,29.05666666666667,0.5966666666666667,1,Frequent High-Value Users
CUST_04525,26,1233.6,47.44615384615384,36.30769230769231,742.36,28.552307692307693,0.6042307692307692,1,Frequent High-Value Users
CUST_04526,15,664.8,44.32,39.2,385.16,25.677333333333333,0.5766666666666667,1,Frequent High-Value Users
CUST_04527,15,750.1,50.00666666666667,28.666666666666668,430.98,28.732000000000003,0.5733333333333334,1,Frequent High-Value Users
CUST_04528,21,907.1,43.195238095238096,37.42857142857143,548.8199999999999,26.13428571428571,0.6061904761904762,1,Frequent High-Value Users
CUST_04529,12,487.5,40.625,40.916666666666664,271.90999999999997,22.659166666666664,0.5691666666666667,1,Frequent High-Value Users
CUST_04530,16,717.6,44.85,38.4375,426.46000000000004,26.653750000000002,0.59875,1,Frequent High-Value Users
CUST_04531,26,1140.8,43.87692307692308,36.69230769230769,703.0600000000001,27.040769230769232,0.6157692307692308,1,Frequent High-Value Users
CUST_04532,30,1430.0,47.666666666666664,34.833333333333336,835.63,27.854333333333333,0.5920000000000001,1,Frequent High-Value Users
CUST_04533,15,664.0,44.266666666666666,39.53333333333333,409.39,27.292666666666666,0.6140000000000001,1,Frequent High-Value Users
CUST_04534,30,1403.0,46.766666666666666,36.2,890.96,29.698666666666668,0.6306666666666667,1,Frequent High-Value Users
CUST_04535,16,861.8,53.8625,32.0625,505.23,31.576875,0.584375,1,Frequent High-Value Users
CUST_04536,18,851.7,47.31666666666667,34.333333333333336,475.11,26.395,0.5605555555555556,1,Frequent High-Value Users
CUST_04537,25,1128.9,45.156000000000006,35.24,627.91,25.1164,0.5576,1,Frequent High-Value Users
CUST_04538,31,1343.4,43.33548387096774,38.70967741935484,786.27,25.363548387096774,0.5874193548387097,1,Frequent High-Value Users
CUST_04539,21,1030.7,49.08095238095238,33.95238095238095,639.94,30.473333333333336,0.6138095238095238,1,Frequent High-Value Users
CUST_04540,10,421.9,42.19,37.8,256.47,25.647000000000002,0.614,1,Frequent High-Value Users
CUST_04541,18,801.8,44.544444444444444,31.77777777777778,483.49,26.860555555555557,0.5977777777777777,1,Frequent High-Value Users
CUST_04542,14,631.5,45.107142857142854,39.357142857142854,376.33,26.880714285714284,0.5914285714285715,1,Frequent High-Value Users
CUST_04543,17,797.6999999999999,46.923529411764704,35.64705882352941,464.36,27.31529411764706,0.581764705882353,1,Frequent High-Value Users
CUST_04544,14,646.0,46.142857142857146,35.857142857142854,362.34000000000003,25.881428571428575,0.5671428571428571,1,Frequent High-Value Users
CUST_04545,20,815.5,40.775,44.7,495.25,24.7625,0.6105,1,Frequent High-Value Users
CUST_04546,31,1457.5,47.016129032258064,37.935483870967744,866.12,27.93935483870968,0.5916129032258064,1,Frequent High-Value Users
CUST_04547,23,1020.9,44.38695652173913,36.73913043478261,595.63,25.89695652173913,0.5895652173913044,1,Frequent High-Value Users
CUST_04548,19,882.6,46.45263157894737,35.36842105263158,510.5,26.86842105263158,0.5873684210526315,1,Frequent High-Value Users
CUST_04549,18,804.9,44.71666666666667,34.72222222222222,485.13,26.951666666666668,0.6000000000000001,1,Frequent High-Value Users
CUST_04550,9,351.4,39.044444444444444,38.888888888888886,208.74,23.193333333333335,0.6044444444444443,1,Frequent High-Value Users
CUST_04551,25,1293.0,51.72,32.12,778.07,31.1228,0.6036,1,Frequent High-Value Users
CUST_04552,14,634.3,45.30714285714286,36.42857142857143,359.56,25.68285714285714,0.5685714285714286,1,Frequent High-Value Users
CUST_04553,24,1013.1,42.2125,36.958333333333336,589.34,24.555833333333336,0.5791666666666667,1,Frequent High-Value Users
CUST_04554,20,913.6,45.68,38.2,522.38,26.119,0.5805,1,Frequent High-Value Users
CUST_04555,14,811.5,57.964285714285715,28.285714285714285,474.1,33.864285714285714,0.5835714285714285,1,Frequent High-Value Users
CUST_04556,12,560.5,46.708333333333336,37.166666666666664,325.95,27.162499999999998,0.585,1,Frequent High-Value Users
CUST_04557,27,1122.7,41.58148148148148,39.407407407407405,645.4300000000001,23.904814814814817,0.5833333333333334,1,Frequent High-Value Users
CUST_04558,18,723.1,40.172222222222224,38.666666666666664,417.37,23.18722222222222,0.5811111111111111,1,Frequent High-Value Users
CUST_04559,22,923.7,41.98636363636364,39.18181818181818,544.86,24.766363636363636,0.5831818181818181,1,Frequent High-Value Users
CUST_04560,25,1303.3,52.132,33.76,747.32,29.8928,0.5856,1,Frequent High-Value Users
CUST_04561,20,1148.9,57.44500000000001,27.05,704.61,35.2305,0.6174999999999999,1,Frequent High-Value Users
CUST_04562,15,661.7,44.11333333333334,39.6,398.74,26.582666666666668,0.5966666666666666,1,Frequent High-Value Users
CUST_04563,15,769.5,51.3,31.933333333333334,450.52000000000004,30.03466666666667,0.594,1,Frequent High-Value Users
CUST_04564,19,970.4,51.07368421052632,32.8421052631579,564.6899999999999,29.72052631578947,0.5821052631578948,1,Frequent High-Value Users
CUST_04565,23,1049.1,45.61304347826086,36.21739130434783,640.05,27.828260869565216,0.6021739130434782,1,Frequent High-Value Users
CUST_04566,18,818.8,45.48888888888889,36.111111111111114,499.7,27.76111111111111,0.6127777777777778,1,Frequent High-Value Users
CUST_04567,19,886.7,46.66842105263158,34.26315789473684,549.33,28.912105263157898,0.6205263157894736,1,Frequent High-Value Users
CUST_04568,13,532.9,40.99230769230769,41.46153846153846,335.14,25.779999999999998,0.6253846153846154,1,Frequent High-Value Users
CUST_04569,24,1122.8,46.78333333333333,34.416666666666664,665.68,27.736666666666665,0.5920833333333334,1,Frequent High-Value Users
CUST_04570,12,742.7,61.89166666666667,26.166666666666668,434.4,36.199999999999996,0.5841666666666666,1,Frequent High-Value Users
CUST_04571,18,932.2,51.78888888888889,32.05555555555556,564.17,31.342777777777776,0.6027777777777777,1,Frequent High-Value Users
CUST_04572,11,491.8,44.70909090909091,36.36363636363637,277.92,25.265454545454546,0.5672727272727273,1,Frequent High-Value Users
CUST_04573,15,840.5,56.03333333333333,27.8,503.8,33.586666666666666,0.6006666666666667,1,Frequent High-Value Users
CUST_04574,19,924.5,48.6578947368421,32.10526315789474,549.36,28.913684210526316,0.5926315789473684,1,Frequent High-Value Users
CUST_04575,10,427.0,42.7,38.4,239.26,23.926,0.5720000000000001,1,Frequent High-Value Users
CUST_04576,23,1134.5,49.32608695652174,31.82608695652174,682.78,29.686086956521738,0.5947826086956521,1,Frequent High-Value Users
CUST_04577,18,788.2,43.78888888888889,38.611111111111114,470.56,26.142222222222223,0.5977777777777777,1,Frequent High-Value Users
CUST_04578,15,645.7,43.04666666666667,37.4,369.77,24.651333333333334,0.5813333333333334,1,Frequent High-Value Users
CUST_04579,22,1042.9,47.404545454545456,34.77272727272727,622.63,28.301363636363636,0.5972727272727273,1,Frequent High-Value Users
CUST_04580,16,631.7,39.48125,42.25,378.0,23.625,0.595625,1,Frequent High-Value Users
CUST_04581,14,677.6,48.4,33.92857142857143,397.51,28.393571428571427,0.5921428571428572,1,Frequent High-Value Users
CUST_04582,14,651.4,46.528571428571425,37.285714285714285,374.79,26.770714285714288,0.5885714285714286,1,Frequent High-Value Users
CUST_04583,11,497.5,45.22727272727273,37.0,302.08,27.46181818181818,0.6072727272727273,1,Frequent High-Value Users
CUST_04584,21,1069.6,50.93333333333333,32.0,633.5699999999999,30.169999999999998,0.5980952380952381,1,Frequent High-Value Users
CUST_04585,25,1288.2,51.528,32.2,766.5600000000001,30.6624,0.6,1,Frequent High-Value Users
CUST_04586,15,783.5,52.233333333333334,31.533333333333335,451.84000000000003,30.122666666666667,0.592,1,Frequent High-Value Users
CUST_04587,17,737.4,43.37647058823529,39.23529411764706,426.72,25.101176470588236,0.5858823529411765,1,Frequent High-Value Users
CUST_04588,21,936.1,44.576190476190476,33.857142857142854,547.59,26.075714285714287,0.5876190476190476,1,Frequent High-Value Users
CUST_04589,19,935.1,49.21578947368421,35.578947368421055,557.66,29.350526315789473,0.6010526315789474,1,Frequent High-Value Users
CUST_04590,18,853.8,47.43333333333333,34.388888888888886,520.01,28.889444444444443,0.6077777777777778,1,Frequent High-Value Users
CUST_04591,21,1027.3,48.91904761904762,33.23809523809524,617.33,29.39666666666667,0.6052380952380952,1,Frequent High-Value Users
CUST_04592,17,779.0,45.8235294117647,35.05882352941177,449.0,26.41176470588235,0.5811764705882352,1,Frequent High-Value Users
CUST_04593,20,1036.0,51.8,32.25,603.87,30.1935,0.5860000000000001,1,Frequent High-Value Users
CUST_04594,21,986.8,46.99047619047619,38.714285714285715,576.3,27.44285714285714,0.5857142857142857,1,Frequent High-Value Users
CUST_04595,13,656.5,50.5,32.53846153846154,378.89,29.145384615384614,0.5738461538461539,1,Frequent High-Value Users
CUST_04596,27,1126.3,41.714814814814815,38.629629629629626,664.68,24.617777777777775,0.587037037037037,1,Frequent High-Value Users
CUST_04597,16,731.2,45.7,34.4375,414.05,25.878125,0.57125,1,Frequent High-Value Users
CUST_04598,11,528.7,48.06363636363637,32.27272727272727,322.90000000000003,29.35454545454546,0.6145454545454545,1,Frequent High-Value Users
CUST_04599,17,902.4,53.08235294117647,30.647058823529413,526.53,30.972352941176467,0.5823529411764706,1,Frequent High-Value Users
CUST_04600,20,865.6,43.28,37.2,511.84999999999997,25.592499999999998,0.5934999999999999,1,Frequent High-Value Users
CUST_04601,15,811.6,54.10666666666667,28.4,477.23,31.815333333333335,0.5933333333333334,1,Frequent High-Value Users
CUST_04602,18,936.1,52.00555555555556,32.833333333333336,532.33,29.57388888888889,0.5705555555555555,1,Frequent High-Value Users
CUST_04603,20,872.8,43.64,36.75,521.95,26.097500000000004,0.5980000000000001,1,Frequent High-Value Users
CUST_04604,11,480.09999999999997,43.64545454545454,39.81818181818182,289.18,26.28909090909091,0.6054545454545455,1,Frequent High-Value Users
CUST_04605,17,741.0,43.588235294117645,36.8235294117647,424.53999999999996,24.972941176470584,0.5747058823529412,1,Frequent High-Value Users
CUST_04606,20,855.7,42.785000000000004,36.4,507.11,25.3555,0.5915,1,Frequent High-Value Users
CUST_04607,22,1048.6000000000001,47.66363636363637,33.45454545454545,620.25,28.193181818181817,0.5963636363636363,1,Frequent High-Value Users
CUST_04608,20,952.2,47.61,35.5,556.5600000000001,27.828000000000003,0.583,1,Frequent High-Value Users
CUST_04609,17,789.9,46.46470588235294,34.705882352941174,485.89,28.581764705882353,0.6158823529411765,1,Frequent High-Value Users
CUST_04610,15,722.5,48.166666666666664,33.666666666666664,422.04,28.136000000000003,0.5826666666666667,1,Frequent High-Value Users
CUST_04611,15,650.2,43.34666666666667,42.13333333333333,378.65,25.243333333333332,0.586,1,Frequent High-Value Users
CUST_04612,18,927.1,51.50555555555556,32.388888888888886,574.51,31.91722222222222,0.6255555555555555,1,Frequent High-Value Users
CUST_04613,22,1086.1,49.36818181818182,36.54545454545455,660.54,30.024545454545454,0.6095454545454545,1,Frequent High-Value Users
CUST_04614,24,1087.3,45.30416666666667,40.375,675.9,28.162499999999998,0.6145833333333334,1,Frequent High-Value Users
CUST_04615,22,990.9,45.04090909090909,34.54545454545455,571.5600000000001,25.980000000000004,0.58,1,Frequent High-Value Users
CUST_04616,21,959.8,45.7047619047619,35.04761904761905,575.85,27.42142857142857,0.5957142857142858,1,Frequent High-Value Users
CUST_04617,19,806.1,42.42631578947368,40.94736842105263,489.18,25.746315789473684,0.6042105263157895,1,Frequent High-Value Users
CUST_04618,19,838.9,44.152631578947364,36.10526315789474,480.98,25.314736842105265,0.5736842105263158,1,Frequent High-Value Users
CUST_04619,17,837.0,49.23529411764706,33.35294117647059,501.71,29.51235294117647,0.6052941176470588,1,Frequent High-Value Users
CUST_04620,18,740.4,41.13333333333333,40.111111111111114,430.9,23.938888888888886,0.5788888888888889,1,Frequent High-Value Users
CUST_04621,19,850.0,44.73684210526316,40.63157894736842,496.33,26.122631578947367,0.5873684210526315,1,Frequent High-Value Users
CUST_04622,22,1015.2,46.14545454545455,32.63636363636363,601.09,27.32227272727273,0.5859090909090909,1,Frequent High-Value Users
CUST_04623,10,410.7,41.07,40.1,249.37,24.937,0.605,1,Frequent High-Value Users
CUST_04624,19,808.1,42.53157894736842,37.89473684210526,472.67,24.877368421052633,0.5873684210526315,1,Frequent High-Value Users
CUST_04625,25,1126.2,45.048,36.04,679.28,27.1712,0.6032,1,Frequent High-Value Users
CUST_04626,13,647.6,49.815384615384616,30.384615384615383,371.73,28.594615384615388,0.5692307692307692,1,Frequent High-Value Users
CUST_04627,18,799.0,44.388888888888886,36.888888888888886,479.5,26.63888888888889,0.5866666666666667,1,Frequent High-Value Users
CUST_04628,19,840.6,44.242105263157896,34.89473684210526,518.13,27.27,0.6105263157894737,1,Frequent High-Value Users
CUST_04629,17,733.9,43.17058823529412,38.76470588235294,426.57,25.092352941176472,0.5841176470588235,1,Frequent High-Value Users
CUST_04630,20,989.4,49.47,33.8,574.0600000000001,28.703000000000003,0.5825,1,Frequent High-Value Users
CUST_04631,15,749.9,49.99333333333333,28.866666666666667,449.12,29.941333333333333,0.6033333333333334,1,Frequent High-Value Users
CUST_04632,21,988.3,47.061904761904756,37.0,588.44,28.020952380952384,0.5961904761904762,1,Frequent High-Value Users
CUST_04633,18,958.7,53.26111111111111,30.61111111111111,530.08,29.44888888888889,0.5566666666666666,1,Frequent High-Value Users
CUST_04634,19,797.9,41.99473684210526,35.473684210526315,491.89,25.888947368421054,0.6068421052631578,1,Frequent High-Value Users
CUST_04635,18,795.9,44.21666666666667,39.55555555555556,466.61,25.922777777777778,0.5822222222222222,1,Frequent High-Value Users
CUST_04636,16,718.2,44.8875,31.6875,421.68,26.355,0.5825,1,Frequent High-Value Users
CUST_04637,14,706.5,50.464285714285715,31.142857142857142,436.89,31.20642857142857,0.6242857142857143,1,Frequent High-Value Users
CUST_04638,17,859.8,50.57647058823529,32.76470588235294,502.63,29.566470588235294,0.5841176470588235,1,Frequent High-Value Users
CUST_04639,24,1128.6,47.025,38.541666666666664,659.42,27.47583333333333,0.5875,1,Frequent High-Value Users
CUST_04640,14,732.4,52.31428571428571,28.0,422.11,30.150714285714287,0.5757142857142857,1,Frequent High-Value Users
CUST_04641,24,1125.1,46.87916666666666,35.458333333333336,661.8,27.575,0.5895833333333333,1,Frequent High-Value Users
CUST_04642,15,586.8,39.12,37.0,355.17,23.678,0.6033333333333334,1,Frequent High-Value Users
CUST_04643,16,738.6,46.1625,34.8125,425.88,26.6175,0.57875,1,Frequent High-Value Users
CUST_04644,11,556.3,50.57272727272727,36.09090909090909,324.98,29.543636363636367,0.5827272727272728,1,Frequent High-Value Users
CUST_04645,21,887.3,42.25238095238095,39.76190476190476,533.83,25.420476190476194,0.5985714285714285,1,Frequent High-Value Users
CUST_04646,16,883.9,55.24375,31.0,525.27,32.829375,0.595625,1,Frequent High-Value Users
CUST_04647,20,981.8,49.089999999999996,30.9,588.26,29.413,0.5985,1,Frequent High-Value Users
CUST_04648,22,972.1,44.18636363636364,38.36363636363637,590.0600000000001,26.820909090909094,0.5954545454545455,1,Frequent High-Value Users
CUST_04649,16,653.8,40.8625,35.9375,381.2,23.825,0.57875,1,Frequent High-Value Users
CUST_04650,14,713.7,50.978571428571435,33.214285714285715,406.95,29.067857142857143,0.5771428571428572,1,Frequent High-Value Users
CUST_04651,14,647.8,46.271428571428565,38.642857142857146,401.4,28.67142857142857,0.6235714285714286,1,Frequent High-Value Users
CUST_04652,16,812.6,50.7875,29.9375,482.94,30.18375,0.588125,1,Frequent High-Value Users
CUST_04653,19,725.1,38.16315789473684,42.421052631578945,426.05,22.423684210526318,0.5873684210526315,1,Frequent High-Value Users
CUST_04654,21,980.8,46.7047619047619,35.904761904761905,567.4,27.01904761904762,0.5833333333333334,1,Frequent High-Value Users
CUST_04655,24,1166.5,48.604166666666664,34.208333333333336,657.48,27.395,0.5683333333333334,1,Frequent High-Value Users
CUST_04656,28,1268.7,45.31071428571429,34.82142857142857,789.19,28.185357142857146,0.6167857142857143,1,Frequent High-Value Users
CUST_04657,25,1180.4,47.216,37.2,683.32,27.332800000000002,0.5844,1,Frequent High-Value Users
CUST_04658,20,1035.8,51.79,29.5,584.03,29.2015,0.5605,1,Frequent High-Value Users
CUST_04659,22,1178.2,53.554545454545455,28.363636363636363,678.66,30.848181818181818,0.5722727272727273,1,Frequent High-Value Users
CUST_04660,27,1207.0,44.7037037037037,38.111111111111114,715.29,26.49222222222222,0.5955555555555555,1,Frequent High-Value Users
CUST_04661,19,784.7,41.300000000000004,39.78947368421053,466.18,24.53578947368421,0.5989473684210527,1,Frequent High-Value Users
CUST_04662,18,832.2,46.233333333333334,35.55555555555556,475.59999999999997,26.42222222222222,0.5805555555555555,1,Frequent High-Value Users
CUST_04663,16,761.4,47.5875,36.5,462.19,28.886875,0.60625,1,Frequent High-Value Users
CUST_04664,17,905.1,53.241176470588236,34.35294117647059,534.71,31.45352941176471,0.5976470588235294,1,Frequent High-Value Users
CUST_04665,14,714.2,51.01428571428572,32.714285714285715,430.25,30.732142857142858,0.6085714285714285,1,Frequent High-Value Users
CUST_04666,23,953.3,41.44782608695652,38.0,555.45,24.150000000000002,0.58,1,Frequent High-Value Users
CUST_04667,19,836.3,44.01578947368421,33.78947368421053,489.5,25.763157894736842,0.5873684210526315,1,Frequent High-Value Users
CUST_04668,19,860.1,45.26842105263158,37.1578947368421,517.34,27.22842105263158,0.6,1,Frequent High-Value Users
CUST_04669,17,611.4,35.96470588235294,43.529411764705884,360.05,21.179411764705883,0.5858823529411765,1,Frequent High-Value Users
CUST_04670,14,733.9,52.42142857142857,33.785714285714285,425.49,30.392142857142858,0.5771428571428572,1,Frequent High-Value Users
CUST_04671,22,1086.8,49.4,34.59090909090909,610.17,27.735,0.5827272727272728,1,Frequent High-Value Users
CUST_04672,15,741.7,49.44666666666667,33.06666666666667,430.99,28.732666666666667,0.58,1,Frequent High-Value Users
CUST_04673,21,911.3,43.39523809523809,38.19047619047619,532.0600000000001,25.336190476190477,0.5804761904761905,1,Frequent High-Value Users
CUST_04674,13,589.2,45.323076923076925,34.30769230769231,365.54,28.11846153846154,0.6153846153846154,1,Frequent High-Value Users
CUST_04675,17,899.3,52.9,30.705882352941178,523.14,30.77294117647059,0.58,1,Frequent High-Value Users
CUST_04676,15,629.0,41.93333333333333,35.86666666666667,382.68,25.512,0.6093333333333334,1,Frequent High-Value Users
CUST_04677,17,828.1,48.71176470588235,29.88235294117647,483.36,28.43294117647059,0.5882352941176471,1,Frequent High-Value Users
CUST_04678,14,698.3,49.878571428571426,28.928571428571427,412.90000000000003,29.492857142857144,0.5871428571428572,1,Frequent High-Value Users
CUST_04679,22,1090.0,49.54545454545455,36.45454545454545,630.5,28.65909090909091,0.5863636363636364,1,Frequent High-Value Users
CUST_04680,16,657.9,41.11875,36.625,419.89,26.243125,0.63,1,Frequent High-Value Users
CUST_04681,26,1021.9,39.30384615384615,42.5,594.8,22.876923076923074,0.5773076923076923,1,Frequent High-Value Users
CUST_04682,19,930.5,48.973684210526315,33.36842105263158,578.45,30.444736842105264,0.6284210526315789,1,Frequent High-Value Users
CUST_04683,31,1420.3,45.81612903225806,38.25806451612903,833.99,26.90290322580645,0.5880645161290323,1,Frequent High-Value Users
CUST_04684,27,1316.7,48.766666666666666,33.592592592592595,781.27,28.935925925925925,0.5925925925925926,1,Frequent High-Value Users
CUST_04685,17,796.3000000000001,46.84117647058824,34.11764705882353,473.65999999999997,27.862352941176468,0.5888235294117647,1,Frequent High-Value Users
CUST_04686,12,561.6,46.800000000000004,35.916666666666664,342.86,28.57166666666667,0.6075,1,Frequent High-Value Users
CUST_04687,20,919.2,45.96,38.6,533.65,26.682499999999997,0.5905,1,Frequent High-Value Users
CUST_04688,21,978.7,46.60476190476191,34.19047619047619,577.82,27.515238095238097,0.5928571428571429,1,Frequent High-Value Users
CUST_04689,20,941.1,47.055,37.75,552.8,27.639999999999997,0.5865,1,Frequent High-Value Users
CUST_04690,22,1071.7,48.71363636363637,35.13636363636363,602.85,27.402272727272727,0.5618181818181818,1,Frequent High-Value Users
CUST_04691,12,520.6,43.38333333333333,37.333333333333336,309.77,25.814166666666665,0.5991666666666667,1,Frequent High-Value Users
CUST_04692,15,547.2,36.480000000000004,41.6,343.69,22.912666666666667,0.6286666666666666,1,Frequent High-Value Users
CUST_04693,19,944.2,49.694736842105264,31.42105263157895,542.07,28.53,0.5721052631578948,1,Frequent High-Value Users
CUST_04694,22,1046.6,47.57272727272727,36.54545454545455,634.22,28.828181818181818,0.6136363636363636,1,Frequent High-Value Users
CUST_04695,19,895.7,47.142105263157895,36.89473684210526,523.66,27.561052631578946,0.5910526315789474,1,Frequent High-Value Users
CUST_04696,20,784.5,39.225,41.1,445.85,22.2925,0.5690000000000001,1,Frequent High-Value Users
CUST_04697,17,829.7,48.80588235294118,32.8235294117647,488.5,28.735294117647058,0.5911764705882353,1,Frequent High-Value Users
CUST_04698,11,503.8,45.800000000000004,33.81818181818182,313.76,28.523636363636363,0.6263636363636363,1,Frequent High-Value Users
CUST_04699,13,669.2,51.47692307692308,30.307692307692307,395.65,30.434615384615384,0.5876923076923076,1,Frequent High-Value Users
CUST_04700,20,825.3000000000001,41.265,39.3,486.21000000000004,24.3105,0.5900000000000001,1,Frequent High-Value Users
CUST_04701,19,773.0,40.68421052631579,39.63157894736842,443.21999999999997,23.32736842105263,0.5736842105263158,1,Frequent High-Value Users
CUST_04702,21,942.5,44.88095238095238,35.285714285714285,539.96,25.712380952380954,0.5676190476190476,1,Frequent High-Value Users
CUST_04703,21,1000.4,47.63809523809524,34.142857142857146,576.04,27.43047619047619,0.5819047619047619,1,Frequent High-Value Users
CUST_04704,23,1100.2,47.834782608695654,34.65217391304348,644.5,28.02173913043478,0.5895652173913044,1,Frequent High-Value Users
CUST_04705,15,602.6,40.17333333333333,39.666666666666664,366.0,24.4,0.6046666666666667,1,Frequent High-Value Users
CUST_04706,17,819.6,48.21176470588235,35.705882352941174,487.18,28.657647058823528,0.5935294117647059,1,Frequent High-Value Users
CUST_04707,22,1094.5,49.75,33.86363636363637,681.62,30.982727272727274,0.6181818181818182,1,Frequent High-Value Users
CUST_04708,17,691.6,40.682352941176475,35.0,410.49,24.146470588235296,0.5941176470588235,1,Frequent High-Value Users
CUST_04709,27,1305.3,48.34444444444444,34.03703703703704,774.9,28.7,0.5907407407407408,1,Frequent High-Value Users
CUST_04710,17,855.5,50.3235294117647,30.647058823529413,508.95,29.938235294117646,0.5911764705882353,1,Frequent High-Value Users
CUST_04711,20,856.6,42.83,39.4,486.24,24.312,0.5625,1,Frequent High-Value Users
CUST_04712,18,947.1,52.61666666666667,31.666666666666668,561.61,31.200555555555557,0.5883333333333334,1,Frequent High-Value Users
CUST_04713,16,724.5,45.28125,36.25,406.62,25.41375,0.57125,1,Frequent High-Value Users
CUST_04714,18,888.1,49.33888888888889,33.05555555555556,525.26,29.18111111111111,0.5972222222222222,1,Frequent High-Value Users
CUST_04715,20,1076.5,53.825,31.3,638.12,31.906,0.5860000000000001,1,Frequent High-Value Users
CUST_04716,20,914.0,45.7,37.1,537.38,26.869,0.589,1,Frequent High-Value Users
CUST_04717,16,768.8,48.05,33.5,443.14,27.69625,0.5856250000000001,1,Frequent High-Value Users
CUST_04718,21,1097.7,52.27142857142857,31.666666666666668,658.39,31.351904761904763,0.6023809523809524,1,Frequent High-Value Users
CUST_04719,22,1056.5,48.02272727272727,30.5,614.32,27.923636363636366,0.5813636363636363,1,Frequent High-Value Users
CUST_04720,21,957.5,45.595238095238095,35.714285714285715,572.11,27.243333333333332,0.5923809523809523,1,Frequent High-Value Users
CUST_04721,21,1024.6,48.790476190476184,33.333333333333336,613.0,29.19047619047619,0.6042857142857143,1,Frequent High-Value Users
CUST_04722,19,856.4,45.07368421052632,35.26315789473684,494.09,26.004736842105263,0.5810526315789474,1,Frequent High-Value Users
CUST_04723,15,675.1,45.00666666666667,34.8,392.61,26.174,0.5846666666666667,1,Frequent High-Value Users
CUST_04724,16,809.5,50.59375,30.5625,477.95,29.871875,0.5925,1,Frequent High-Value Users
CUST_04725,23,946.3000000000001,41.14347826086957,40.869565217391305,559.07,24.307391304347828,0.5878260869565217,1,Frequent High-Value Users
CUST_04726,31,1452.1,46.84193548387096,35.096774193548384,860.94,27.77225806451613,0.5922580645161291,1,Frequent High-Value Users
CUST_04727,21,1016.4,48.4,34.142857142857146,614.32,29.253333333333337,0.6057142857142858,1,Frequent High-Value Users
CUST_04728,18,785.9,43.66111111111111,37.388888888888886,459.04,25.502222222222223,0.581111111111111,1,Frequent High-Value Users
CUST_04729,20,949.9,47.495,34.9,559.99,27.9995,0.5905,1,Frequent High-Value Users
CUST_04730,12,599.9,49.99166666666667,33.0,347.65,28.97083333333333,0.5808333333333333,1,Frequent High-Value Users
CUST_04731,13,606.5,46.65384615384615,39.69230769230769,341.19,26.245384615384616,0.5738461538461539,1,Frequent High-Value Users
CUST_04732,19,995.8,52.41052631578947,31.0,567.09,29.84684210526316,0.5747368421052631,1,Frequent High-Value Users
CUST_04733,14,681.0,48.642857142857146,35.0,394.82,28.201428571428572,0.5828571428571429,1,Frequent High-Value Users
CUST_04734,11,538.8,48.98181818181818,33.36363636363637,311.07,28.279090909090908,0.5736363636363636,1,Frequent High-Value Users
CUST_04735,18,830.7,46.150000000000006,38.111111111111114,492.75,27.375,0.5994444444444444,1,Frequent High-Value Users
CUST_04736,17,765.7,45.04117647058824,33.05882352941177,449.12,26.418823529411764,0.5911764705882353,1,Frequent High-Value Users
CUST_04737,13,612.3,47.099999999999994,37.23076923076923,338.75,26.057692307692307,0.5584615384615385,1,Frequent High-Value Users
CUST_04738,21,874.9,41.66190476190476,42.333333333333336,501.32,23.87238095238095,0.5747619047619048,1,Frequent High-Value Users
CUST_04739,18,788.8,43.82222222222222,37.77777777777778,466.04,25.891111111111112,0.5916666666666667,1,Frequent High-Value Users
CUST_04740,20,894.1,44.705,36.35,520.5,26.025,0.579,1,Frequent High-Value Users
CUST_04741,18,923.5,51.30555555555556,33.77777777777778,557.11,30.950555555555557,0.5977777777777777,1,Frequent High-Value Users
CUST_04742,14,619.7,44.26428571428572,36.0,374.21,26.729285714285712,0.6114285714285714,1,Frequent High-Value Users
CUST_04743,19,816.0,42.94736842105263,36.421052631578945,501.40999999999997,26.389999999999997,0.6110526315789473,1,Frequent High-Value Users
CUST_04744,16,857.0,53.5625,30.625,486.19,30.386875,0.566875,1,Frequent High-Value Users
CUST_04745,27,1313.1,48.63333333333333,35.48148148148148,781.62,28.948888888888888,0.6011111111111112,1,Frequent High-Value Users
CUST_04746,15,700.5,46.7,37.8,440.45,29.363333333333333,0.6286666666666666,1,Frequent High-Value Users
CUST_04747,25,996.2,39.848,41.04,582.9,23.316,0.5948,1,Frequent High-Value Users
CUST_04748,22,1111.2,50.50909090909091,32.36363636363637,644.6,29.3,0.5827272727272728,1,Frequent High-Value Users
CUST_04749,22,1038.1,47.18636363636363,35.90909090909091,648.95,29.497727272727275,0.6222727272727272,1,Frequent High-Value Users
CUST_04750,22,811.3,36.877272727272725,42.27272727272727,461.29,20.967727272727274,0.5709090909090909,1,Frequent High-Value Users
CUST_04751,12,541.5,45.125,38.833333333333336,316.25,26.354166666666668,0.585,1,Frequent High-Value Users
CUST_04752,17,813.9,47.87647058823529,34.705882352941174,496.04,29.178823529411765,0.6205882352941176,1,Frequent High-Value Users
CUST_04753,17,788.5,46.38235294117647,33.88235294117647,451.93,26.584117647058825,0.5770588235294118,1,Frequent High-Value Users
CUST_04754,20,851.5,42.575,36.0,499.37,24.9685,0.5865,1,Frequent High-Value Users
CUST_04755,19,897.7,47.247368421052634,33.8421052631579,537.64,28.296842105263156,0.5942105263157895,1,Frequent High-Value Users
CUST_04756,15,698.7,46.580000000000005,36.6,403.35,26.89,0.586,1,Frequent High-Value Users
CUST_04757,13,639.1,49.16153846153846,33.23076923076923,373.17,28.705384615384617,0.5938461538461538,1,Frequent High-Value Users
CUST_04758,12,566.6,47.21666666666667,32.5,336.63,28.0525,0.6025,1,Frequent High-Value Users
CUST_04759,21,900.9,42.9,39.95238095238095,522.01,24.857619047619046,0.5876190476190476,1,Frequent High-Value Users
CUST_04760,17,727.2,42.7764705882353,38.11764705882353,417.04,24.531764705882352,0.5735294117647058,1,Frequent High-Value Users
CUST_04761,12,586.1,48.84166666666667,30.75,366.61,30.550833333333333,0.6233333333333334,1,Frequent High-Value Users
CUST_04762,21,889.8000000000001,42.371428571428574,35.95238095238095,529.27,25.203333333333333,0.5957142857142858,1,Frequent High-Value Users
CUST_04763,15,737.5,49.166666666666664,33.266666666666666,423.88,28.258666666666667,0.5786666666666667,1,Frequent High-Value Users
CUST_04764,19,828.3,43.59473684210526,39.21052631578947,476.09000000000003,25.057368421052633,0.5789473684210527,1,Frequent High-Value Users
CUST_04765,17,813.0,47.8235294117647,37.05882352941177,480.15,28.24411764705882,0.5894117647058823,1,Frequent High-Value Users
CUST_04766,23,924.1999999999999,40.18260869565217,38.0,556.64,24.20173913043478,0.6060869565217392,1,Frequent High-Value Users
CUST_04767,11,603.8,54.89090909090908,29.0,378.46000000000004,34.405454545454546,0.6181818181818182,1,Frequent High-Value Users
CUST_04768,26,1107.9,42.611538461538466,39.26923076923077,656.92,25.266153846153845,0.5911538461538461,1,Frequent High-Value Users
CUST_04769,15,624.7,41.64666666666667,38.0,373.73,24.915333333333333,0.6026666666666666,1,Frequent High-Value Users
CUST_04770,21,958.7,45.65238095238095,35.61904761904762,555.4,26.447619047619046,0.5833333333333334,1,Frequent High-Value Users
CUST_04771,13,609.6,46.892307692307696,36.15384615384615,367.85,28.29615384615385,0.6038461538461538,1,Frequent High-Value Users
CUST_04772,21,953.3,45.39523809523809,36.61904761904762,556.25,26.488095238095237,0.5842857142857143,1,Frequent High-Value Users
CUST_04773,15,682.7,45.513333333333335,34.6,382.88,25.525333333333332,0.5646666666666668,1,Frequent High-Value Users
CUST_04774,17,712.1999999999999,41.89411764705882,37.529411764705884,406.74,23.925882352941176,0.571764705882353,1,Frequent High-Value Users
CUST_04775,19,864.1,45.47894736842105,33.1578947368421,487.89,25.678421052631577,0.5684210526315789,1,Frequent High-Value Users
CUST_04776,22,1035.0,47.04545454545455,35.54545454545455,608.97,27.68045454545455,0.5940909090909091,1,Frequent High-Value Users
CUST_04777,22,1088.0,49.45454545454545,34.95454545454545,618.5699999999999,28.11681818181818,0.5790909090909091,1,Frequent High-Value Users
CUST_04778,24,1053.7,43.90416666666667,36.666666666666664,621.02,25.875833333333333,0.59375,1,Frequent High-Value Users
CUST_04779,15,788.7,52.580000000000005,30.2,455.78000000000003,30.385333333333335,0.5693333333333332,1,Frequent High-Value Users
CUST_04780,21,1001.6,47.695238095238096,33.857142857142854,601.91,28.66238095238095,0.5947619047619048,1,Frequent High-Value Users
CUST_04781,20,1039.9,51.995000000000005,31.95,594.93,29.746499999999997,0.572,1,Frequent High-Value Users
CUST_04782,30,1395.8,46.526666666666664,36.766666666666666,828.13,27.604333333333333,0.5936666666666667,1,Frequent High-Value Users
CUST_04783,13,602.8,46.36923076923077,35.46153846153846,337.44,25.956923076923076,0.5661538461538462,1,Frequent High-Value Users
CUST_04784,24,1134.4,47.26666666666667,34.208333333333336,686.77,28.615416666666665,0.6091666666666667,1,Frequent High-Value Users
CUST_04785,16,692.2,43.2625,38.5625,412.85,25.803125,0.589375,1,Frequent High-Value Users
CUST_04786,27,1364.9,50.55185185185186,31.037037037037038,812.72,30.100740740740743,0.5951851851851852,1,Frequent High-Value Users
CUST_04787,18,854.7,47.483333333333334,34.111111111111114,480.35,26.686111111111114,0.5633333333333334,1,Frequent High-Value Users
CUST_04788,20,892.9,44.644999999999996,37.65,521.9,26.095,0.5885,1,Frequent High-Value Users
CUST_04789,18,767.4,42.63333333333333,34.55555555555556,460.39,25.577222222222222,0.5972222222222222,1,Frequent High-Value Users
CUST_04790,19,937.5,49.3421052631579,32.63157894736842,551.03,29.00157894736842,0.5847368421052631,1,Frequent High-Value Users
CUST_04791,20,876.7,43.835,38.45,533.2,26.660000000000004,0.6125,1,Frequent High-Value Users
CUST_04792,22,1090.4,49.56363636363637,33.5,665.27,30.239545454545453,0.61,1,Frequent High-Value Users
CUST_04793,15,702.0,46.8,32.733333333333334,412.87,27.52466666666667,0.5893333333333334,1,Frequent High-Value Users
CUST_04794,17,755.6,44.44705882352941,38.529411764705884,471.47,27.733529411764707,0.6229411764705882,1,Frequent High-Value Users
CUST_04795,22,1041.6,47.345454545454544,35.18181818181818,624.44,28.383636363636366,0.6077272727272728,1,Frequent High-Value Users
CUST_04796,17,857.3,50.42941176470588,30.470588235294116,493.55,29.03235294117647,0.5711764705882354,1,Frequent High-Value Users
CUST_04797,13,584.1,44.93076923076923,36.0,334.74,25.74923076923077,0.5784615384615385,1,Frequent High-Value Users
CUST_04798,20,1045.1,52.254999999999995,33.9,643.02,32.150999999999996,0.6245,1,Frequent High-Value Users
CUST_04799,16,753.6,47.1,34.5,444.45,27.778125,0.5875,1,Frequent High-Value Users
CUST_04800,20,1029.9,51.495000000000005,30.4,608.73,30.436500000000002,0.5985,1,Frequent High-Value Users
CUST_04801,18,1049.8,58.32222222222222,26.61111111111111,643.09,35.727222222222224,0.6105555555555555,1,Frequent High-Value Users
CUST_04802,23,987.8,42.94782608695652,34.21739130434783,586.4,25.495652173913044,0.5917391304347825,1,Frequent High-Value Users
CUST_04803,13,563.0,43.30769230769231,38.53846153846154,348.07,26.774615384615384,0.6223076923076923,1,Frequent High-Value Users
CUST_04804,20,1076.1,53.80499999999999,30.3,615.66,30.782999999999998,0.571,1,Frequent High-Value Users
CUST_04805,15,726.7,48.44666666666667,34.666666666666664,411.96000000000004,27.464000000000002,0.5786666666666667,1,Frequent High-Value Users
CUST_04806,27,1312.0,48.592592592592595,35.77777777777778,754.18,27.93259259259259,0.5733333333333334,1,Frequent High-Value Users
CUST_04807,26,1243.9,47.8423076923077,34.53846153846154,735.7,28.29615384615385,0.59,1,Frequent High-Value Users
CUST_04808,19,862.9,45.41578947368421,38.473684210526315,499.6,26.294736842105266,0.5900000000000001,1,Frequent High-Value Users
CUST_04809,22,916.7,41.66818181818182,40.09090909090909,528.78,24.035454545454545,0.5895454545454546,1,Frequent High-Value Users
CUST_04810,25,1145.9,45.836000000000006,37.12,678.73,27.1492,0.59,1,Frequent High-Value Users
CUST_04811,20,961.1,48.055,33.85,562.01,28.1005,0.5885,1,Frequent High-Value Users
CUST_04812,18,841.7,46.76111111111111,34.72222222222222,502.65999999999997,27.925555555555555,0.5983333333333333,1,Frequent High-Value Users
CUST_04813,14,659.9,47.135714285714286,34.92857142857143,391.62,27.972857142857144,0.5885714285714286,1,Frequent High-Value Users
CUST_04814,19,913.5,48.078947368421055,35.0,562.63,29.612105263157893,0.6073684210526316,1,Frequent High-Value Users
CUST_04815,19,881.9,46.41578947368421,36.473684210526315,514.45,27.076315789473686,0.5968421052631578,1,Frequent High-Value Users
CUST_04816,12,462.5,38.541666666666664,42.166666666666664,269.56,22.463333333333335,0.5783333333333333,1,Frequent High-Value Users
CUST_04817,14,684.5,48.892857142857146,35.0,410.53000000000003,29.32357142857143,0.5992857142857143,1,Frequent High-Value Users
CUST_04818,19,916.4,48.23157894736842,39.0,549.07,28.89842105263158,0.5915789473684211,1,Frequent High-Value Users
CUST_04819,14,701.0,50.07142857142857,35.714285714285715,399.51,28.53642857142857,0.5735714285714285,1,Frequent High-Value Users
CUST_04820,17,778.6,45.800000000000004,34.88235294117647,464.81,27.341764705882355,0.5947058823529412,1,Frequent High-Value Users
CUST_04821,18,840.4,46.68888888888889,33.77777777777778,499.05,27.725,0.5916666666666667,1,Frequent High-Value Users
CUST_04822,11,573.0,52.09090909090909,32.27272727272727,325.03,29.548181818181817,0.5727272727272728,1,Frequent High-Value Users
CUST_04823,19,956.3,50.33157894736842,33.526315789473685,562.21,29.590000000000003,0.588421052631579,1,Frequent High-Value Users
CUST_04824,27,1101.4,40.7925925925926,42.74074074074074,652.04,24.14962962962963,0.5940740740740741,1,Frequent High-Value Users
CUST_04825,19,954.9,50.257894736842104,29.63157894736842,549.31,28.911052631578944,0.5736842105263158,1,Frequent High-Value Users
CUST_04826,16,793.0,49.5625,33.0625,470.21,29.388125,0.586875,1,Frequent High-Value Users
CUST_04827,17,720.8,42.4,38.94117647058823,437.94,25.761176470588236,0.5976470588235294,1,Frequent High-Value Users
CUST_04828,21,911.7,43.41428571428572,38.23809523809524,559.49,26.642380952380954,0.6076190476190476,1,Frequent High-Value Users
CUST_04829,18,822.3,45.68333333333333,33.388888888888886,495.43,27.52388888888889,0.5994444444444444,1,Frequent High-Value Users
CUST_04830,13,559.6,43.04615384615385,42.46153846153846,312.16,24.012307692307694,0.5623076923076923,1,Frequent High-Value Users
CUST_04831,11,494.0,44.90909090909091,33.72727272727273,288.14,26.19454545454545,0.5827272727272728,1,Frequent High-Value Users
CUST_04832,18,861.5,47.861111111111114,33.611111111111114,522.65,29.03611111111111,0.6016666666666667,1,Frequent High-Value Users
CUST_04833,17,907.6,53.38823529411765,29.058823529411764,530.65,31.21470588235294,0.5782352941176471,1,Frequent High-Value Users
CUST_04834,19,812.5,42.76315789473684,38.63157894736842,476.55,25.08157894736842,0.5815789473684211,1,Frequent High-Value Users
CUST_04835,20,933.8000000000001,46.690000000000005,34.5,569.9499999999999,28.497499999999995,0.613,1,Frequent High-Value Users
CUST_04836,21,1026.7,48.89047619047619,30.666666666666668,596.93,28.425238095238093,0.5842857142857143,1,Frequent High-Value Users
CUST_04837,24,1157.2,48.21666666666667,32.333333333333336,689.62,28.734166666666667,0.6016666666666667,1,Frequent High-Value Users
CUST_04838,21,867.6,41.31428571428572,35.476190476190474,513.78,24.465714285714284,0.590952380952381,1,Frequent High-Value Users
CUST_04839,18,867.3,48.18333333333333,31.72222222222222,548.03,30.446111111111108,0.6361111111111111,1,Frequent High-Value Users
CUST_04840,16,758.4,47.4,36.5625,450.64,28.165,0.5925,1,Frequent High-Value Users
CUST_04841,20,964.2,48.21,37.2,579.93,28.996499999999997,0.5995,1,Frequent High-Value Users
CUST_04842,23,1144.4,49.75652173913044,33.78260869565217,686.37,29.842173913043478,0.6030434782608696,1,Frequent High-Value Users
CUST_04843,21,1075.7,51.22380952380953,32.42857142857143,647.05,30.81190476190476,0.6033333333333333,1,Frequent High-Value Users
CUST_04844,16,682.6,42.6625,37.25,422.86,26.42875,0.618125,1,Frequent High-Value Users
CUST_04845,26,1205.4,46.361538461538466,34.92307692307692,711.88,27.38,0.5826923076923077,1,Frequent High-Value Users
CUST_04846,22,1180.7,53.66818181818182,30.363636363636363,695.6,31.61818181818182,0.5881818181818181,1,Frequent High-Value Users
CUST_04847,21,963.8,45.89523809523809,34.42857142857143,562.85,26.802380952380954,0.5852380952380952,1,Frequent High-Value Users
CUST_04848,23,1144.3,49.75217391304348,31.17391304347826,661.32,28.75304347826087,0.5778260869565218,1,Frequent High-Value Users
CUST_04849,15,673.8,44.919999999999995,38.0,404.58,26.971999999999998,0.6033333333333334,1,Frequent High-Value Users
CUST_04850,19,932.4,49.07368421052632,33.0,560.94,29.523157894736844,0.6,1,Frequent High-Value Users
CUST_04851,18,782.9,43.49444444444444,38.0,472.5,26.25,0.5944444444444444,1,Frequent High-Value Users
CUST_04852,16,768.0,48.0,35.375,450.67,28.166875,0.589375,1,Frequent High-Value Users
CUST_04853,18,833.8,46.32222222222222,34.72222222222222,492.15,27.341666666666665,0.585,1,Frequent High-Value Users
CUST_04854,13,545.3,41.94615384615384,38.69230769230769,327.51,25.193076923076923,0.5992307692307692,1,Frequent High-Value Users
CUST_04855,15,675.5,45.03333333333333,37.53333333333333,407.27,27.151333333333334,0.614,1,Frequent High-Value Users
CUST_04856,9,538.3,59.8111111111111,25.0,310.15999999999997,34.462222222222216,0.5644444444444444,2,Occasional Large-Charge Users
CUST_04857,14,714.0,51.0,30.142857142857142,432.38,30.884285714285713,0.6157142857142858,1,Frequent High-Value Users
CUST_04858,21,1021.8,48.65714285714286,34.61904761904762,601.63,28.649047619047618,0.5985714285714285,1,Frequent High-Value Users
CUST_04859,22,1024.6,46.57272727272727,33.0,623.57,28.344090909090912,0.605,1,Frequent High-Value Users
CUST_04860,26,1353.3,52.05,32.42307692307692,795.25,30.58653846153846,0.5853846153846154,1,Frequent High-Value Users
CUST_04861,27,1197.3,44.34444444444444,36.22222222222222,705.87,26.143333333333334,0.5937037037037037,1,Frequent High-Value Users
CUST_04862,19,876.5999999999999,46.136842105263156,34.36842105263158,540.9,28.468421052631577,0.616842105263158,1,Frequent High-Value Users
CUST_04863,20,1063.8,53.19,33.6,643.82,32.191,0.606,1,Frequent High-Value Users
CUST_04864,13,635.8,48.9076923076923,34.07692307692308,369.98,28.46,0.5838461538461538,1,Frequent High-Value Users
CUST_04865,14,581.4,41.528571428571425,39.142857142857146,341.88,24.419999999999998,0.5857142857142856,1,Frequent High-Value Users
CUST_04866,17,736.1,43.300000000000004,34.294117647058826,452.04,26.59058823529412,0.6123529411764705,1,Frequent High-Value Users
CUST_04867,14,639.2,45.65714285714286,35.785714285714285,359.6,25.685714285714287,0.5728571428571428,1,Frequent High-Value Users
CUST_04868,15,579.9,38.66,39.86666666666667,351.12,23.408,0.602,1,Frequent High-Value Users
CUST_04869,21,942.5,44.88095238095238,36.61904761904762,561.6800000000001,26.74666666666667,0.5928571428571429,1,Frequent High-Value Users
CUST_04870,16,762.2,47.6375,35.1875,450.18,28.13625,0.589375,1,Frequent High-Value Users
CUST_04871,14,663.4,47.385714285714286,34.07142857142857,396.71000000000004,28.336428571428574,0.5992857142857143,1,Frequent High-Value Users
CUST_04872,14,604.7,43.19285714285714,34.0,349.68,24.97714285714286,0.5707142857142857,1,Frequent High-Value Users
CUST_04873,19,985.1,51.847368421052636,30.789473684210527,555.87,29.256315789473685,0.5678947368421052,1,Frequent High-Value Users
CUST_04874,22,910.0,41.36363636363637,39.31818181818182,548.05,24.911363636363635,0.6054545454545455,1,Frequent High-Value Users
CUST_04875,19,921.4,48.49473684210526,31.0,571.45,30.076315789473686,0.6226315789473684,1,Frequent High-Value Users
CUST_04876,11,541.2,49.2,34.36363636363637,289.98,26.361818181818183,0.5418181818181819,1,Frequent High-Value Users
CUST_04877,24,1168.2,48.675000000000004,35.083333333333336,706.14,29.4225,0.5970833333333333,1,Frequent High-Value Users
CUST_04878,22,1119.1,50.86818181818182,31.681818181818183,692.52,31.478181818181817,0.6168181818181818,1,Frequent High-Value Users
CUST_04879,22,920.9,41.85909090909091,40.22727272727273,568.06,25.820909090909087,0.6127272727272728,1,Frequent High-Value Users
CUST_04880,22,1010.9,45.949999999999996,33.31818181818182,584.03,26.546818181818182,0.5786363636363636,1,Frequent High-Value Users
CUST_04881,18,852.0,47.333333333333336,33.05555555555556,539.65,29.980555555555554,0.633888888888889,1,Frequent High-Value Users
CUST_04882,19,811.2,42.694736842105264,38.0,476.6,25.08421052631579,0.5905263157894737,1,Frequent High-Value Users
CUST_04883,14,729.6,52.114285714285714,28.214285714285715,430.25,30.732142857142858,0.5914285714285714,1,Frequent High-Value Users
CUST_04884,27,1472.1,54.52222222222222,28.703703703703702,835.79,30.955185185185183,0.5703703703703704,1,Frequent High-Value Users
CUST_04885,21,921.8,43.89523809523809,36.80952380952381,558.04,26.57333333333333,0.6023809523809524,1,Frequent High-Value Users
CUST_04886,20,799.5,39.975,35.45,479.55,23.9775,0.608,1,Frequent High-Value Users
CUST_04887,22,1044.4,47.472727272727276,33.95454545454545,645.36,29.334545454545456,0.6231818181818182,1,Frequent High-Value Users
CUST_04888,15,582.2,38.81333333333334,42.93333333333333,349.56,23.304,0.5966666666666666,1,Frequent High-Value Users
CUST_04889,15,594.5,39.63333333333333,37.06666666666667,349.32,23.288,0.5926666666666667,1,Frequent High-Value Users
CUST_04890,15,699.9,46.66,34.93333333333333,416.57,27.771333333333335,0.6073333333333333,1,Frequent High-Value Users
CUST_04891,19,938.2,49.37894736842105,33.68421052631579,571.9200000000001,30.101052631578952,0.6157894736842104,1,Frequent High-Value Users
CUST_04892,15,656.9,43.79333333333333,34.53333333333333,400.89,26.726,0.6113333333333333,1,Frequent High-Value Users
CUST_04893,15,725.5,48.36666666666667,29.266666666666666,421.31,28.087333333333333,0.5833333333333334,1,Frequent High-Value Users
CUST_04894,21,1000.8,47.65714285714286,36.333333333333336,578.21,27.533809523809527,0.5852380952380952,1,Frequent High-Value Users
CUST_04895,24,1047.2,43.63333333333333,38.083333333333336,622.8,25.95,0.5954166666666666,1,Frequent High-Value Users
CUST_04896,17,747.4,43.96470588235294,34.76470588235294,432.95,25.46764705882353,0.5847058823529412,1,Frequent High-Value Users
CUST_04897,7,298.7,42.67142857142857,35.142857142857146,180.9,25.842857142857145,0.6057142857142858,1,Frequent High-Value Users
CUST_04898,17,743.2,43.71764705882353,39.529411764705884,430.05,25.29705882352941,0.5752941176470587,1,Frequent High-Value Users
CUST_04899,22,941.8,42.809090909090905,36.63636363636363,556.72,25.30545454545455,0.5904545454545455,1,Frequent High-Value Users
CUST_04900,11,419.7,38.154545454545456,39.0,258.53,23.50272727272727,0.6181818181818182,1,Frequent High-Value Users
CUST_04901,17,836.7,49.21764705882353,33.64705882352941,505.71,29.747647058823528,0.5988235294117646,1,Frequent High-Value Users
CUST_04902,20,808.0,40.4,39.0,459.26,22.963,0.577,1,Frequent High-Value Users
CUST_04903,16,791.1,49.44375,32.0,492.71999999999997,30.794999999999998,0.613125,1,Frequent High-Value Users
CUST_04904,15,786.8,52.45333333333333,33.4,446.92,29.794666666666668,0.5786666666666667,1,Frequent High-Value Users
CUST_04905,24,1190.8,49.61666666666667,32.791666666666664,702.93,29.288749999999997,0.59,1,Frequent High-Value Users
CUST_04906,19,892.8,46.98947368421052,36.68421052631579,528.47,27.81421052631579,0.5910526315789474,1,Frequent High-Value Users
CUST_04907,20,931.6,46.58,34.6,553.04,27.651999999999997,0.5855,1,Frequent High-Value Users
CUST_04908,15,587.7,39.18,42.53333333333333,348.75,23.25,0.594,1,Frequent High-Value Users
CUST_04909,19,933.8,49.147368421052626,33.473684210526315,544.12,28.637894736842107,0.5836842105263158,1,Frequent High-Value Users
CUST_04910,20,975.2,48.760000000000005,32.95,561.83,28.091500000000003,0.5745,1,Frequent High-Value Users
CUST_04911,15,787.0,52.46666666666667,31.333333333333332,475.29,31.686,0.604,1,Frequent High-Value Users
CUST_04912,24,1175.0,48.958333333333336,36.0,705.21,29.383750000000003,0.5983333333333333,1,Frequent High-Value Users
CUST_04913,17,733.4,43.141176470588235,36.76470588235294,446.40999999999997,26.25941176470588,0.6082352941176471,1,Frequent High-Value Users
CUST_04914,13,526.4,40.49230769230769,41.0,312.98,24.075384615384618,0.6,1,Frequent High-Value Users
CUST_04915,17,791.3,46.54705882352941,37.294117647058826,446.67,26.274705882352944,0.571764705882353,1,Frequent High-Value Users
CUST_04916,24,1111.3,46.30416666666667,34.875,631.51,26.312916666666666,0.57375,1,Frequent High-Value Users
CUST_04917,25,1077.1,43.083999999999996,33.4,635.88,25.4352,0.594,1,Frequent High-Value Users
CUST_04918,18,935.1,51.95,32.27777777777778,539.13,29.951666666666668,0.5738888888888889,1,Frequent High-Value Users
CUST_04919,11,522.8,47.527272727272724,30.636363636363637,301.01,27.364545454545453,0.5763636363636363,1,Frequent High-Value Users
CUST_04920,16,671.3,41.95625,40.9375,422.58,26.41125,0.62875,1,Frequent High-Value Users
CUST_04921,21,984.2,46.86666666666667,34.142857142857146,580.73,27.653809523809525,0.6009523809523809,1,Frequent High-Value Users
CUST_04922,11,507.1,46.1,37.45454545454545,309.09000000000003,28.09909090909091,0.6127272727272728,1,Frequent High-Value Users
CUST_04923,26,1229.3,47.28076923076923,34.46153846153846,736.85,28.340384615384615,0.605,1,Frequent High-Value Users
CUST_04924,23,1086.9,47.25652173913044,32.869565217391305,646.85,28.12391304347826,0.5982608695652174,1,Frequent High-Value Users
CUST_04925,12,590.8,49.23333333333333,32.833333333333336,363.03000000000003,30.2525,0.6083333333333333,1,Frequent High-Value Users
CUST_04926,20,941.4,47.07,32.85,522.1,26.105,0.558,1,Frequent High-Value Users
CUST_04927,16,777.2,48.575,33.25,460.63,28.789375,0.59375,1,Frequent High-Value Users
CUST_04928,16,569.0,35.5625,44.3125,341.94,21.37125,0.6025,1,Frequent High-Value Users
CUST_04929,17,905.0,53.23529411764706,32.529411764705884,538.9,31.7,0.5952941176470589,1,Frequent High-Value Users
CUST_04930,22,1012.3,46.01363636363636,35.45454545454545,614.43,27.92863636363636,0.6113636363636363,1,Frequent High-Value Users
CUST_04931,23,1074.9,46.73478260869565,35.26086956521739,632.68,27.50782608695652,0.5860869565217391,1,Frequent High-Value Users
CUST_04932,16,749.2,46.825,35.125,421.64,26.3525,0.575,1,Frequent High-Value Users
CUST_04933,21,903.7,43.03333333333334,37.523809523809526,534.63,25.458571428571428,0.590952380952381,1,Frequent High-Value Users
CUST_04934,20,1204.0,60.2,26.2,714.7,35.735,0.5985,1,Frequent High-Value Users
CUST_04935,21,838.4,39.923809523809524,38.666666666666664,491.96,23.426666666666666,0.5876190476190476,1,Frequent High-Value Users
CUST_04936,23,949.2,41.2695652173913,42.30434782608695,604.6800000000001,26.2904347826087,0.6326086956521738,1,Frequent High-Value Users
CUST_04937,20,864.5,43.225,36.95,513.37,25.6685,0.591,1,Frequent High-Value Users
CUST_04938,20,763.7,38.185,47.15,442.24,22.112000000000002,0.576,1,Frequent High-Value Users
CUST_04939,14,590.9,42.207142857142856,41.714285714285715,350.29,25.020714285714288,0.5942857142857143,1,Frequent High-Value Users
CUST_04940,15,753.3,50.22,29.933333333333334,423.31,28.220666666666666,0.5586666666666668,1,Frequent High-Value Users
CUST_04941,19,727.1999999999999,38.27368421052631,43.8421052631579,433.54,22.817894736842106,0.5936842105263158,1,Frequent High-Value Users
CUST_04942,18,929.2,51.62222222222223,31.055555555555557,558.26,31.014444444444443,0.5966666666666667,1,Frequent High-Value Users
CUST_04943,25,1065.7,42.628,37.92,626.54,25.0616,0.584,1,Frequent High-Value Users
CUST_04944,17,810.6,47.682352941176475,33.23529411764706,498.88,29.345882352941175,0.6105882352941177,1,Frequent High-Value Users
CUST_04945,17,864.8,50.870588235294115,34.23529411764706,489.88,28.816470588235294,0.5747058823529412,1,Frequent High-Value Users
CUST_04946,17,902.3,53.07647058823529,30.88235294117647,544.42,32.02470588235294,0.6064705882352941,1,Frequent High-Value Users
CUST_04947,20,1128.8,56.44,28.3,639.7,31.985000000000003,0.5665,1,Frequent High-Value Users
CUST_04948,11,472.4,42.945454545454545,33.54545454545455,284.92,25.901818181818182,0.5990909090909091,1,Frequent High-Value Users
CUST_04949,18,853.0,47.388888888888886,36.333333333333336,492.84,27.38,0.5822222222222222,1,Frequent High-Value Users
CUST_04950,16,796.3,49.76875,32.1875,449.61,28.100625,0.5725,1,Frequent High-Value Users
CUST_04951,12,669.6,55.800000000000004,29.5,382.02,31.834999999999997,0.5675,1,Frequent High-Value Users
CUST_04952,25,1167.8,46.711999999999996,33.52,693.35,27.734,0.5964,1,Frequent High-Value Users
CUST_04953,20,912.7,45.635000000000005,36.6,533.5,26.675,0.5900000000000001,1,Frequent High-Value Users
CUST_04954,13,654.9,50.37692307692308,32.38461538461539,384.59,29.583846153846153,0.5776923076923077,1,Frequent High-Value Users
CUST_04955,18,953.2,52.955555555555556,29.88888888888889,577.5,32.083333333333336,0.6083333333333333,1,Frequent High-Value Users
CUST_04956,16,772.7,48.29375,33.125,458.2,28.6375,0.595625,1,Frequent High-Value Users
CUST_04957,22,1015.7,46.16818181818182,35.90909090909091,596.51,27.11409090909091,0.5872727272727273,1,Frequent High-Value Users
CUST_04958,12,593.7,49.475,31.75,358.34000000000003,29.861666666666668,0.605,1,Frequent High-Value Users
CUST_04959,20,1039.5,51.975,31.0,600.29,30.014499999999998,0.5810000000000001,1,Frequent High-Value Users
CUST_04960,17,845.2,49.71764705882353,32.94117647058823,511.90999999999997,30.112352941176468,0.5988235294117646,1,Frequent High-Value Users
CUST_04961,21,964.8,45.94285714285714,37.904761904761905,562.09,26.766190476190477,0.5809523809523809,1,Frequent High-Value Users
CUST_04962,26,1318.0,50.69230769230769,32.92307692307692,759.59,29.215,0.5765384615384616,1,Frequent High-Value Users
CUST_04963,20,1016.6,50.83,35.7,595.77,29.7885,0.5915,1,Frequent High-Value Users
CUST_04964,25,1150.2,46.008,33.88,670.02,26.8008,0.5796,1,Frequent High-Value Users
CUST_04965,17,871.4,51.258823529411764,34.35294117647059,530.26,31.191764705882353,0.6052941176470589,1,Frequent High-Value Users
CUST_04966,15,650.2,43.34666666666667,36.333333333333336,373.76,24.917333333333332,0.568,1,Frequent High-Value Users
CUST_04967,22,1074.4,48.83636363636364,35.54545454545455,629.03,28.592272727272725,0.5872727272727273,1,Frequent High-Value Users
CUST_04968,19,979.3,51.54210526315789,30.526315789473685,569.46,29.971578947368425,0.5863157894736842,1,Frequent High-Value Users
CUST_04969,20,1007.3,50.364999999999995,33.15,616.18,30.808999999999997,0.611,1,Frequent High-Value Users
CUST_04970,18,923.2,51.28888888888889,30.055555555555557,542.7,30.150000000000002,0.5805555555555555,1,Frequent High-Value Users
CUST_04971,14,780.2,55.728571428571435,30.571428571428573,452.8,32.34285714285714,0.5828571428571429,1,Frequent High-Value Users
CUST_04972,15,724.8,48.32,36.2,439.57,29.304666666666666,0.6053333333333334,1,Frequent High-Value Users
CUST_04973,21,1194.2,56.86666666666667,25.857142857142858,722.07,34.38428571428572,0.6066666666666667,1,Frequent High-Value Users
CUST_04974,21,981.3,46.72857142857143,34.714285714285715,562.73,26.796666666666667,0.5761904761904761,1,Frequent High-Value Users
CUST_04975,18,956.8,53.15555555555555,31.666666666666668,572.9300000000001,31.829444444444448,0.5916666666666667,1,Frequent High-Value Users
CUST_04976,17,667.4,39.258823529411764,42.411764705882355,397.07,23.35705882352941,0.5976470588235294,1,Frequent High-Value Users
CUST_04977,14,671.9,47.99285714285714,36.142857142857146,402.79,28.770714285714288,0.6035714285714285,1,Frequent High-Value Users
CUST_04978,27,1351.7,50.06296296296296,33.666666666666664,820.04,30.37185185185185,0.604074074074074,1,Frequent High-Value Users
CUST_04979,25,1372.1,54.88399999999999,31.24,764.69,30.587600000000002,0.562,1,Frequent High-Value Users
CUST_04980,16,758.3,47.39375,36.9375,452.67,28.291875,0.593125,1,Frequent High-Value Users
CUST_04981,10,431.3,43.13,39.5,258.11,25.811,0.61,1,Frequent High-Value Users
CUST_04982,19,1034.2,54.43157894736842,30.63157894736842,620.21,32.64263157894737,0.5905263157894737,1,Frequent High-Value Users
CUST_04983,20,947.5,47.375,35.95,554.06,27.702999999999996,0.5885,1,Frequent High-Value Users
CUST_04984,27,1225.4,45.385185185185186,33.18518518518518,718.22,26.600740740740743,0.5877777777777777,1,Frequent High-Value Users
CUST_04985,21,1018.0,48.476190476190474,30.523809523809526,607.94,28.94952380952381,0.5947619047619048,1,Frequent High-Value Users
CUST_04986,23,1005.3,43.70869565217391,36.43478260869565,598.26,26.011304347826087,0.5969565217391305,1,Frequent High-Value Users
CUST_04987,15,691.6,46.10666666666667,35.2,394.18,26.278666666666666,0.5806666666666668,1,Frequent High-Value Users
CUST_04988,22,975.7,44.35,37.13636363636363,591.09,26.867727272727276,0.5954545454545455,1,Frequent High-Value Users
CUST_04989,16,833.0,52.0625,31.1875,477.13,29.820625,0.566875,1,Frequent High-Value Users
CUST_04990,19,779.8,41.04210526315789,39.05263157894737,464.68,24.45684210526316,0.5952631578947368,1,Frequent High-Value Users
CUST_04991,23,1012.5,44.02173913043478,38.65217391304348,599.82,26.07913043478261,0.601304347826087,1,Frequent High-Value Users
CUST_04992,19,905.2,47.642105263157895,36.1578947368421,554.85,29.20263157894737,0.6142105263157894,1,Frequent High-Value Users
CUST_04993,16,638.0,39.875,41.6875,378.77,23.673125,0.585,1,Frequent High-Value Users
CUST_04994,22,1129.7,51.35,27.772727272727273,680.7,30.94090909090909,0.5977272727272728,1,Frequent High-Value Users
CUST_04995,14,650.3,46.449999999999996,32.92857142857143,375.99,26.856428571428573,0.5857142857142856,1,Frequent High-Value Users
CUST_04996,20,953.7,47.685,35.35,564.05,28.202499999999997,0.596,1,Frequent High-Value Users
CUST_04997,12,632.2,52.68333333333334,30.0,378.06,31.505,0.5941666666666666,1,Frequent High-Value Users
CUST_04998,16,671.8,41.9875,41.8125,401.65999999999997,25.103749999999998,0.5975,1,Frequent High-Value Users
CUST_04999,23,1060.2,46.095652173913045,35.04347826086956,647.89,28.16913043478261,0.6004347826086956,1,Frequent High-Value Users
CUST_05000,29,1224.5,42.224137931034484,40.55172413793103,751.52,25.91448275862069,0.6168965517241379,1,Frequent High-Value Users
CUST_05001,14,696.3,49.73571428571428,29.142857142857142,404.68,28.905714285714286,0.58,1,Frequent High-Value Users
CUST_05002,28,1191.7,42.56071428571429,34.75,690.97,24.677500000000002,0.5746428571428571,1,Frequent High-Value Users
CUST_05003,21,988.3,47.061904761904756,37.38095238095238,570.91,27.186190476190475,0.5785714285714286,1,Frequent High-Value Users
CUST_05004,22,1086.8,49.4,33.18181818181818,634.96,28.861818181818183,0.5840909090909091,1,Frequent High-Value Users
CUST_05005,18,809.7,44.983333333333334,33.72222222222222,454.11,25.228333333333335,0.5605555555555556,1,Frequent High-Value Users
CUST_05006,10,424.3,42.43,35.3,250.2,25.02,0.586,1,Frequent High-Value Users
CUST_05007,18,971.5,53.97222222222222,31.5,562.15,31.230555555555554,0.5738888888888889,1,Frequent High-Value Users
CUST_05008,16,681.9,42.61875,39.5,413.49,25.843125,0.60875,1,Frequent High-Value Users
CUST_05009,28,1410.2,50.364285714285714,33.464285714285715,852.2,30.435714285714287,0.6050000000000001,1,Frequent High-Value Users
CUST_05010,22,924.2,42.00909090909091,38.09090909090909,532.86,24.220909090909092,0.5822727272727273,1,Frequent High-Value Users
CUST_05011,20,909.3,45.464999999999996,35.35,523.1899999999999,26.159499999999998,0.581,1,Frequent High-Value Users
CUST_05012,22,1047.7,47.622727272727275,34.68181818181818,616.32,28.014545454545456,0.5986363636363636,1,Frequent High-Value Users
CUST_05013,24,1180.1,49.17083333333333,34.25,691.37,28.807083333333335,0.585,1,Frequent High-Value Users
CUST_05014,20,953.6,47.68,33.7,557.72,27.886000000000003,0.5810000000000001,1,Frequent High-Value Users
CUST_05015,21,906.3,43.15714285714286,38.23809523809524,558.41,26.59095238095238,0.6142857142857143,1,Frequent High-Value Users
CUST_05016,23,1130.3,49.143478260869564,34.65217391304348,647.49,28.151739130434784,0.5756521739130435,1,Frequent High-Value Users
CUST_05017,19,844.8,44.46315789473684,35.63157894736842,478.97,25.208947368421054,0.5736842105263158,1,Frequent High-Value Users
CUST_05018,19,946.5,49.81578947368421,32.89473684210526,531.49,27.973157894736843,0.5610526315789474,1,Frequent High-Value Users
CUST_05019,21,944.4,44.97142857142857,38.19047619047619,552.73,26.320476190476192,0.5857142857142857,1,Frequent High-Value Users
CUST_05020,19,950.3,50.01578947368421,34.8421052631579,559.34,29.438947368421054,0.5873684210526315,1,Frequent High-Value Users
CUST_05021,17,708.7,41.688235294117646,42.23529411764706,404.94,23.82,0.5729411764705883,1,Frequent High-Value Users
CUST_05022,22,1071.3,48.695454545454545,34.5,615.01,27.955,0.5818181818181819,1,Frequent High-Value Users
CUST_05023,19,852.4,44.863157894736844,35.05263157894737,490.9,25.836842105263155,0.5715789473684211,1,Frequent High-Value Users
CUST_05024,18,832.1,46.22777777777778,35.666666666666664,486.24,27.013333333333335,0.5883333333333334,1,Frequent High-Value Users
CUST_05025,14,591.8,42.271428571428565,38.785714285714285,359.96,25.71142857142857,0.6028571428571429,1,Frequent High-Value Users
CUST_05026,20,961.7,48.085,32.8,558.05,27.902499999999996,0.5735,1,Frequent High-Value Users
CUST_05027,19,847.3,44.59473684210526,38.473684210526315,508.53999999999996,26.765263157894736,0.5963157894736842,1,Frequent High-Value Users
CUST_05028,20,906.2,45.31,38.9,528.28,26.413999999999998,0.58,1,Frequent High-Value Users
CUST_05029,21,969.3,46.15714285714286,35.285714285714285,571.21,27.20047619047619,0.5971428571428571,1,Frequent High-Value Users
CUST_05030,14,589.6,42.114285714285714,38.92857142857143,359.56,25.68285714285714,0.6121428571428572,1,Frequent High-Value Users
CUST_05031,20,875.5,43.775,37.25,503.67,25.183500000000002,0.5740000000000001,1,Frequent High-Value Users
CUST_05032,28,1195.7,42.70357142857143,37.607142857142854,716.28,25.58142857142857,0.6010714285714286,1,Frequent High-Value Users
CUST_05033,27,1309.3,48.492592592592594,32.666666666666664,753.2,27.8962962962963,0.575925925925926,1,Frequent High-Value Users
CUST_05034,18,749.1,41.61666666666667,37.77777777777778,445.05,24.725,0.5938888888888889,1,Frequent High-Value Users
CUST_05035,23,1040.6,45.24347826086956,37.08695652173913,612.64,26.636521739130433,0.5956521739130435,1,Frequent High-Value Users
CUST_05036,12,561.8,46.81666666666666,32.0,336.87,28.0725,0.5991666666666666,1,Frequent High-Value Users
CUST_05037,16,785.4,49.0875,33.6875,446.6,27.9125,0.57375,1,Frequent High-Value Users
CUST_05038,14,724.1,51.721428571428575,29.714285714285715,419.46000000000004,29.961428571428574,0.5814285714285715,1,Frequent High-Value Users
CUST_05039,20,980.6,49.03,31.75,585.59,29.279500000000002,0.6104999999999999,1,Frequent High-Value Users
CUST_05040,21,1095.5,52.166666666666664,31.761904761904763,659.78,31.418095238095237,0.6004761904761905,1,Frequent High-Value Users
CUST_05041,21,885.4,42.16190476190476,39.666666666666664,531.17,25.29380952380952,0.6047619047619047,1,Frequent High-Value Users
CUST_05042,21,1009.5,48.07142857142857,33.04761904761905,589.13,28.053809523809523,0.5914285714285714,1,Frequent High-Value Users
CUST_05043,26,1194.6,45.94615384615384,35.73076923076923,714.99,27.499615384615385,0.5976923076923076,1,Frequent High-Value Users
CUST_05044,20,951.0,47.55,31.35,591.4,29.57,0.6235,1,Frequent High-Value Users
CUST_05045,20,1012.6,50.63,31.35,596.6800000000001,29.834000000000003,0.5915,1,Frequent High-Value Users
CUST_05046,15,662.3,44.15333333333333,36.53333333333333,406.7,27.113333333333333,0.6093333333333334,1,Frequent High-Value Users
CUST_05047,19,794.2,41.800000000000004,37.31578947368421,458.79,24.146842105263158,0.5773684210526316,1,Frequent High-Value Users
CUST_05048,25,1252.4,50.096000000000004,32.88,777.05,31.081999999999997,0.6187999999999999,1,Frequent High-Value Users
CUST_05049,22,1071.9,48.722727272727276,34.95454545454545,638.08,29.003636363636364,0.5909090909090909,1,Frequent High-Value Users
CUST_05050,10,401.5,40.15,36.2,238.1,23.81,0.5900000000000001,1,Frequent High-Value Users
CUST_05051,14,665.9,47.56428571428571,33.785714285714285,395.11,28.22214285714286,0.6007142857142858,1,Frequent High-Value Users
CUST_05052,15,748.2,49.88,32.06666666666667,439.5,29.3,0.5906666666666667,1,Frequent High-Value Users
CUST_05053,20,1094.3,54.714999999999996,27.7,627.29,31.3645,0.5780000000000001,1,Frequent High-Value Users
CUST_05054,11,504.7,45.88181818181818,34.72727272727273,317.09000000000003,28.826363636363638,0.6218181818181818,1,Frequent High-Value Users
CUST_05055,26,1146.5,44.09615384615385,39.19230769230769,677.0,26.03846153846154,0.5973076923076923,1,Frequent High-Value Users
CUST_05056,19,966.3,50.857894736842105,34.526315789473685,587.82,30.937894736842107,0.6194736842105263,1,Frequent High-Value Users
CUST_05057,18,790.7,43.92777777777778,39.55555555555556,472.69,26.260555555555555,0.6016666666666667,1,Frequent High-Value Users
CUST_05058,21,923.3,43.96666666666666,32.476190476190474,561.92,26.758095238095237,0.6038095238095238,1,Frequent High-Value Users
CUST_05059,23,1001.8,43.55652173913043,40.391304347826086,588.55,25.589130434782607,0.5834782608695652,1,Frequent High-Value Users
CUST_05060,15,629.3,41.95333333333333,40.53333333333333,359.94,23.996,0.5726666666666667,1,Frequent High-Value Users
CUST_05061,16,822.0,51.375,34.3125,498.7,31.16875,0.603125,1,Frequent High-Value Users
CUST_05062,19,858.5,45.18421052631579,35.31578947368421,512.96,26.997894736842106,0.5947368421052632,1,Frequent High-Value Users
CUST_05063,21,887.4,42.25714285714285,39.38095238095238,517.97,24.665238095238095,0.5819047619047619,1,Frequent High-Value Users
CUST_05064,22,1017.5,46.25,36.95454545454545,613.8,27.9,0.6045454545454546,1,Frequent High-Value Users
CUST_05065,25,1344.2,53.768,32.48,789.02,31.5608,0.5856,1,Frequent High-Value Users
CUST_05066,18,786.9,43.71666666666667,33.833333333333336,474.86,26.38111111111111,0.6011111111111112,1,Frequent High-Value Users
CUST_05067,21,1061.6,50.55238095238095,35.333333333333336,624.07,29.71761904761905,0.6014285714285714,1,Frequent High-Value Users
CUST_05068,17,757.7,44.57058823529412,33.11764705882353,456.35,26.844117647058823,0.6023529411764706,1,Frequent High-Value Users
CUST_05069,21,938.4,44.68571428571428,34.476190476190474,573.55,27.31190476190476,0.6109523809523809,1,Frequent High-Value Users
CUST_05070,15,710.7,47.38,36.6,409.09000000000003,27.27266666666667,0.578,1,Frequent High-Value Users
CUST_05071,21,839.5,39.976190476190474,37.904761904761905,485.43,23.115714285714287,0.5761904761904761,1,Frequent High-Value Users
CUST_05072,22,1155.5,52.52272727272727,32.63636363636363,707.61,32.16409090909091,0.6077272727272728,1,Frequent High-Value Users
CUST_05073,17,765.1,45.00588235294118,38.411764705882355,456.0,26.823529411764707,0.5947058823529412,1,Frequent High-Value Users
CUST_05074,18,883.1,49.06111111111111,34.27777777777778,531.8,29.54444444444444,0.6061111111111112,1,Frequent High-Value Users
CUST_05075,21,925.8000000000001,44.08571428571429,37.142857142857146,548.3,26.109523809523807,0.5947619047619048,1,Frequent High-Value Users
CUST_05076,20,898.5,44.925,37.2,532.56,26.627999999999997,0.585,1,Frequent High-Value Users
CUST_05077,21,936.7,44.60476190476191,36.095238095238095,561.87,26.755714285714287,0.5847619047619048,1,Frequent High-Value Users
CUST_05078,15,766.9,51.126666666666665,32.2,466.32,31.088,0.6033333333333334,1,Frequent High-Value Users
CUST_05079,16,730.7,45.66875,38.125,452.91,28.306875,0.625625,1,Frequent High-Value Users
CUST_05080,19,939.5,49.44736842105263,35.10526315789474,556.06,29.26631578947368,0.5873684210526315,1,Frequent High-Value Users
CUST_05081,15,642.1,42.806666666666665,36.13333333333333,396.1,26.40666666666667,0.6140000000000001,1,Frequent High-Value Users
CUST_05082,18,856.6,47.58888888888889,34.27777777777778,520.45,28.91388888888889,0.6016666666666667,1,Frequent High-Value Users
CUST_05083,24,1085.2,45.21666666666667,34.5,663.63,27.65125,0.6120833333333333,1,Frequent High-Value Users
CUST_05084,24,1188.5,49.520833333333336,33.958333333333336,705.5699999999999,29.398749999999996,0.595,1,Frequent High-Value Users
CUST_05085,21,1108.9,52.80476190476191,30.285714285714285,654.74,31.17809523809524,0.589047619047619,1,Frequent High-Value Users
CUST_05086,19,908.4,47.810526315789474,34.78947368421053,542.82,28.56947368421053,0.5952631578947368,1,Frequent High-Value Users
CUST_05087,23,1035.9,45.039130434782614,35.21739130434783,617.49,26.847391304347827,0.5943478260869565,1,Frequent High-Value Users
CUST_05088,19,980.0,51.578947368421055,33.8421052631579,585.45,30.813157894736843,0.5947368421052632,1,Frequent High-Value Users
CUST_05089,12,544.1,45.34166666666667,37.333333333333336,304.40999999999997,25.367499999999996,0.5691666666666667,1,Frequent High-Value Users
CUST_05090,16,861.8,53.8625,29.4375,485.08,30.3175,0.56375,1,Frequent High-Value Users
CUST_05091,14,781.9,55.85,26.428571428571427,460.71999999999997,32.90857142857143,0.5914285714285714,1,Frequent High-Value Users
CUST_05092,21,1068.3,50.87142857142857,31.38095238095238,652.99,31.094761904761906,0.6038095238095238,1,Frequent High-Value Users
CUST_05093,18,984.8,54.71111111111111,30.166666666666668,591.01,32.833888888888886,0.6083333333333333,1,Frequent High-Value Users
CUST_05094,25,1236.7,49.468,34.28,719.83,28.793200000000002,0.5804,1,Frequent High-Value Users
CUST_05095,20,913.7,45.685,34.0,537.21,26.860500000000002,0.592,1,Frequent High-Value Users
CUST_05096,18,928.8,51.599999999999994,31.22222222222222,569.42,31.63444444444444,0.616111111111111,1,Frequent High-Value Users
CUST_05097,11,614.8,55.89090909090908,31.09090909090909,367.79,33.43545454545455,0.6054545454545455,1,Frequent High-Value Users
CUST_05098,15,645.2,43.013333333333335,38.2,385.28999999999996,25.685999999999996,0.6006666666666667,1,Frequent High-Value Users
CUST_05099,21,1005.9,47.9,35.57142857142857,608.0,28.952380952380953,0.5957142857142858,1,Frequent High-Value Users
CUST_05100,13,630.1,48.46923076923077,34.07692307692308,391.68,30.12923076923077,0.6184615384615384,1,Frequent High-Value Users
CUST_05101,12,585.3,48.775,37.416666666666664,351.0,29.25,0.5958333333333333,1,Frequent High-Value Users
CUST_05102,10,492.90000000000003,49.290000000000006,34.4,286.45,28.645,0.5820000000000001,1,Frequent High-Value Users
CUST_05103,16,773.5,48.34375,31.3125,488.11,30.506875,0.619375,1,Frequent High-Value Users
CUST_05104,17,850.4,50.023529411764706,29.470588235294116,505.96,29.76235294117647,0.5900000000000001,1,Frequent High-Value Users
CUST_05105,13,572.3,44.02307692307692,38.92307692307692,344.06,26.466153846153848,0.5976923076923076,1,Frequent High-Value Users
CUST_05106,16,647.0,40.4375,38.4375,384.86,24.05375,0.596875,1,Frequent High-Value Users
CUST_05107,22,1008.8,45.85454545454545,36.59090909090909,592.99,26.954090909090908,0.5836363636363636,1,Frequent High-Value Users
CUST_05108,21,992.7,47.27142857142857,33.57142857142857,584.99,27.856666666666666,0.5976190476190476,1,Frequent High-Value Users
CUST_05109,19,821.0,43.21052631578947,37.421052631578945,498.24,26.223157894736843,0.6110526315789473,1,Frequent High-Value Users
CUST_05110,15,710.8000000000001,47.38666666666667,39.2,414.08,27.60533333333333,0.588,1,Frequent High-Value Users
CUST_05111,17,685.4,40.317647058823525,37.1764705882353,407.48,23.96941176470588,0.5935294117647059,1,Frequent High-Value Users
CUST_05112,17,820.6,48.27058823529412,36.0,481.99,28.35235294117647,0.5829411764705883,1,Frequent High-Value Users
CUST_05113,15,663.8,44.25333333333333,34.733333333333334,387.87,25.858,0.588,1,Frequent High-Value Users
CUST_05114,18,826.1,45.894444444444446,37.333333333333336,480.92,26.71777777777778,0.58,1,Frequent High-Value Users
CUST_05115,19,956.4,50.33684210526316,29.36842105263158,572.45,30.128947368421056,0.598421052631579,1,Frequent High-Value Users
CUST_05116,16,795.5,49.71875,29.5,475.13,29.695625,0.594375,1,Frequent High-Value Users
CUST_05117,14,611.0,43.642857142857146,33.714285714285715,366.92,26.208571428571428,0.5957142857142858,1,Frequent High-Value Users
CUST_05118,23,1207.3,52.49130434782609,33.04347826086956,737.79,32.07782608695652,0.6069565217391305,1,Frequent High-Value Users
CUST_05119,15,722.2,48.14666666666667,33.0,437.59,29.172666666666665,0.6066666666666667,1,Frequent High-Value Users
CUST_05120,23,957.1,41.61304347826087,36.95652173913044,543.34,23.623478260869568,0.5730434782608695,1,Frequent High-Value Users
CUST_05121,22,1105.9,50.26818181818182,35.27272727272727,642.99,29.22681818181818,0.5845454545454545,1,Frequent High-Value Users
CUST_05122,26,988.4,38.01538461538461,42.07692307692308,583.95,22.459615384615386,0.5876923076923076,1,Frequent High-Value Users
CUST_05123,18,963.3,53.516666666666666,31.27777777777778,571.6800000000001,31.760000000000005,0.5994444444444444,1,Frequent High-Value Users
CUST_05124,18,836.6,46.47777777777778,37.72222222222222,475.13,26.39611111111111,0.5644444444444444,1,Frequent High-Value Users
CUST_05125,11,541.0,49.18181818181818,34.0,332.91,30.264545454545456,0.6181818181818182,1,Frequent High-Value Users
CUST_05126,10,447.3,44.730000000000004,42.0,269.89,26.988999999999997,0.606,1,Frequent High-Value Users
CUST_05127,17,855.7,50.33529411764706,32.35294117647059,499.31,29.371176470588235,0.5794117647058823,1,Frequent High-Value Users
CUST_05128,21,951.1999999999999,45.29523809523809,37.333333333333336,539.65,25.697619047619046,0.5738095238095239,1,Frequent High-Value Users
CUST_05129,18,822.4,45.68888888888889,35.333333333333336,506.25,28.125,0.6166666666666667,1,Frequent High-Value Users
CUST_05130,13,567.2,43.63076923076923,39.38461538461539,346.74,26.672307692307694,0.6238461538461538,1,Frequent High-Value Users
CUST_05131,16,737.0,46.0625,39.5,449.7,28.10625,0.60875,1,Frequent High-Value Users
CUST_05132,12,594.1,49.50833333333333,31.416666666666668,329.73,27.477500000000003,0.5583333333333333,1,Frequent High-Value Users
CUST_05133,16,748.9,46.80625,36.75,447.31,27.956875,0.6075,1,Frequent High-Value Users
CUST_05134,23,1102.1,47.917391304347824,36.08695652173913,663.4300000000001,28.844782608695656,0.6069565217391304,1,Frequent High-Value Users
CUST_05135,16,671.9,41.99375,40.625,386.07,24.129375,0.585,1,Frequent High-Value Users
CUST_05136,22,1178.9,53.58636363636364,28.454545454545453,678.14,30.824545454545454,0.5781818181818182,1,Frequent High-Value Users
CUST_05137,14,766.7,54.76428571428572,31.571428571428573,462.1,33.00714285714286,0.6050000000000001,1,Frequent High-Value Users
CUST_05138,14,661.9,47.278571428571425,35.0,383.72,27.40857142857143,0.585,1,Frequent High-Value Users
CUST_05139,21,936.9,44.614285714285714,35.23809523809524,537.66,25.60285714285714,0.5666666666666667,1,Frequent High-Value Users
CUST_05140,13,563.4,43.33846153846154,37.92307692307692,347.21,26.70846153846154,0.6046153846153847,1,Frequent High-Value Users
CUST_05141,20,1100.0,55.0,31.4,656.28,32.814,0.588,1,Frequent High-Value Users
CUST_05142,20,903.1,45.155,36.85,504.65,25.232499999999998,0.5559999999999999,1,Frequent High-Value Users
CUST_05143,22,934.4,42.47272727272727,37.95454545454545,536.75,24.397727272727273,0.5795454545454546,1,Frequent High-Value Users
CUST_05144,20,909.4,45.47,35.25,546.33,27.3165,0.616,1,Frequent High-Value Users
CUST_05145,21,1022.1,48.67142857142857,34.142857142857146,609.76,29.036190476190477,0.5852380952380952,1,Frequent High-Value Users
CUST_05146,24,975.6,40.65,41.208333333333336,559.24,23.301666666666666,0.5758333333333333,1,Frequent High-Value Users
CUST_05147,17,874.4,51.43529411764706,32.705882352941174,518.74,30.514117647058825,0.5988235294117646,1,Frequent High-Value Users
CUST_05148,18,946.7,52.59444444444445,30.5,555.0,30.833333333333332,0.5844444444444444,1,Frequent High-Value Users
CUST_05149,23,1046.6,45.50434782608695,35.56521739130435,615.34,26.753913043478263,0.587391304347826,1,Frequent High-Value Users
CUST_05150,23,996.0,43.30434782608695,37.30434782608695,594.87,25.86391304347826,0.5952173913043478,1,Frequent High-Value Users
CUST_05151,13,539.5,41.5,37.84615384615385,319.92,24.60923076923077,0.5961538461538461,1,Frequent High-Value Users
CUST_05152,14,608.3,43.449999999999996,38.07142857142857,357.7,25.55,0.597857142857143,1,Frequent High-Value Users
CUST_05153,20,898.3,44.915,37.05,504.24,25.212,0.5650000000000001,1,Frequent High-Value Users
CUST_05154,19,870.4,45.810526315789474,33.68421052631579,517.38,27.230526315789472,0.5942105263157894,1,Frequent High-Value Users
CUST_05155,13,631.1,48.54615384615385,31.846153846153847,360.24,27.71076923076923,0.5707692307692308,1,Frequent High-Value Users
CUST_05156,26,1067.1,41.04230769230769,39.34615384615385,612.59,23.561153846153847,0.5726923076923077,1,Frequent High-Value Users
CUST_05157,15,734.0,48.93333333333333,33.8,408.57,27.238,0.558,1,Frequent High-Value Users
CUST_05158,8,425.7,53.2125,28.0,262.06,32.7575,0.62125,1,Frequent High-Value Users
CUST_05159,18,772.8,42.93333333333333,41.77777777777778,458.84000000000003,25.491111111111113,0.5922222222222222,1,Frequent High-Value Users
CUST_05160,18,913.2,50.733333333333334,32.55555555555556,550.49,30.58277777777778,0.6005555555555556,1,Frequent High-Value Users
CUST_05161,20,965.6,48.28,34.7,594.34,29.717000000000002,0.6075,1,Frequent High-Value Users
CUST_05162,25,1233.4,49.336000000000006,32.52,692.98,27.7192,0.5704,1,Frequent High-Value Users
CUST_05163,20,1005.2,50.260000000000005,33.4,600.55,30.027499999999996,0.596,1,Frequent High-Value Users
CUST_05164,16,645.1,40.31875,38.125,385.2,24.075,0.606875,1,Frequent High-Value Users
CUST_05165,18,849.9,47.21666666666667,37.166666666666664,506.68,28.14888888888889,0.6033333333333333,1,Frequent High-Value Users
CUST_05166,22,1034.9,47.040909090909096,37.27272727272727,617.78,28.08090909090909,0.5922727272727273,1,Frequent High-Value Users
CUST_05167,21,991.1,47.195238095238096,33.142857142857146,575.72,27.415238095238095,0.5742857142857143,1,Frequent High-Value Users
CUST_05168,11,461.1,41.91818181818182,42.18181818181818,279.22,25.383636363636366,0.6027272727272727,1,Frequent High-Value Users
CUST_05169,18,830.5,46.138888888888886,37.5,465.63,25.868333333333332,0.5683333333333334,1,Frequent High-Value Users
CUST_05170,16,703.4,43.9625,38.625,411.6,25.725,0.576875,1,Frequent High-Value Users
CUST_05171,13,627.0,48.23076923076923,33.92307692307692,360.05,27.696153846153848,0.5846153846153845,1,Frequent High-Value Users
CUST_05172,22,1190.1,54.095454545454544,30.818181818181817,702.16,31.916363636363634,0.5936363636363636,1,Frequent High-Value Users
CUST_05173,17,733.7,43.15882352941177,39.35294117647059,430.07,25.298235294117646,0.5823529411764706,1,Frequent High-Value Users
CUST_05174,15,712.9,47.526666666666664,34.6,424.57,28.304666666666666,0.5973333333333334,1,Frequent High-Value Users
CUST_05175,23,1019.4,44.32173913043478,35.47826086956522,598.36,26.015652173913043,0.5808695652173913,1,Frequent High-Value Users
CUST_05176,23,1011.1,43.96086956521739,36.43478260869565,587.33,25.53608695652174,0.5852173913043479,1,Frequent High-Value Users
CUST_05177,16,713.3,44.58125,40.125,408.95,25.559375,0.566875,1,Frequent High-Value Users
CUST_05178,16,687.3,42.95625,40.4375,415.34000000000003,25.958750000000002,0.604375,1,Frequent High-Value Users
CUST_05179,20,862.1,43.105000000000004,37.35,526.33,26.3165,0.6060000000000001,1,Frequent High-Value Users
CUST_05180,19,952.5,50.13157894736842,35.578947368421055,573.9,30.205263157894734,0.5952631578947368,1,Frequent High-Value Users
CUST_05181,19,1001.9,52.73157894736842,33.31578947368421,606.21,31.905789473684212,0.5984210526315789,1,Frequent High-Value Users
CUST_05182,19,869.5,45.76315789473684,33.63157894736842,530.49,27.920526315789473,0.6063157894736841,1,Frequent High-Value Users
CUST_05183,17,712.9,41.93529411764706,38.64705882352941,420.5,24.735294117647058,0.5970588235294118,1,Frequent High-Value Users
CUST_05184,13,644.9,49.607692307692304,33.23076923076923,386.28,29.713846153846152,0.6,1,Frequent High-Value Users
CUST_05185,21,985.5,46.92857142857143,33.76190476190476,572.3,27.25238095238095,0.5876190476190476,1,Frequent High-Value Users
CUST_05186,18,816.5,45.361111111111114,34.94444444444444,471.93,26.218333333333334,0.5844444444444444,1,Frequent High-Value Users
CUST_05187,22,1096.4,49.83636363636364,32.95454545454545,648.34,29.470000000000002,0.5940909090909091,1,Frequent High-Value Users
CUST_05188,18,830.5,46.138888888888886,34.55555555555556,480.04,26.66888888888889,0.5788888888888889,1,Frequent High-Value Users
CUST_05189,19,965.5,50.81578947368421,32.578947368421055,596.27,31.382631578947368,0.6115789473684211,1,Frequent High-Value Users
CUST_05190,26,1070.0,41.15384615384615,39.03846153846154,622.03,23.924230769230768,0.5757692307692308,1,Frequent High-Value Users
CUST_05191,16,689.3,43.08125,36.875,393.52,24.595,0.574375,1,Frequent High-Value Users
CUST_05192,21,958.7,45.65238095238095,35.523809523809526,557.03,26.525238095238095,0.5766666666666667,1,Frequent High-Value Users
CUST_05193,14,567.5,40.535714285714285,42.714285714285715,330.54,23.610000000000003,0.5885714285714286,1,Frequent High-Value Users
CUST_05194,17,800.9,47.11176470588235,36.88235294117647,459.77,27.045294117647057,0.58,1,Frequent High-Value Users
CUST_05195,18,820.5,45.583333333333336,34.72222222222222,480.68,26.704444444444444,0.5805555555555555,1,Frequent High-Value Users
CUST_05196,16,746.8,46.675,35.3125,443.64,27.7275,0.59875,1,Frequent High-Value Users
CUST_05197,21,914.0,43.523809523809526,37.80952380952381,561.19,26.723333333333336,0.6128571428571428,1,Frequent High-Value Users
CUST_05198,18,845.9,46.99444444444444,36.888888888888886,505.14,28.063333333333333,0.5955555555555556,1,Frequent High-Value Users
CUST_05199,25,1176.0,47.04,35.2,697.36,27.8944,0.5836,1,Frequent High-Value Users
CUST_05200,17,853.0,50.1764705882353,30.41176470588235,513.96,30.23294117647059,0.6011764705882353,1,Frequent High-Value Users
CUST_05201,16,800.1,50.00625,31.875,486.65,30.415625,0.60625,1,Frequent High-Value Users
CUST_05202,21,856.6,40.79047619047619,38.0,494.58,23.55142857142857,0.58,1,Frequent High-Value Users
CUST_05203,16,676.8,42.3,38.375,402.26,25.14125,0.5925,1,Frequent High-Value Users
CUST_05204,14,591.8,42.271428571428565,38.5,359.13,25.652142857142856,0.6092857142857142,1,Frequent High-Value Users
CUST_05205,20,946.6999999999999,47.334999999999994,33.5,552.09,27.6045,0.581,1,Frequent High-Value Users
CUST_05206,22,1098.0,49.90909090909091,32.5,634.87,28.857727272727274,0.5781818181818182,1,Frequent High-Value Users
CUST_05207,22,946.6,43.02727272727273,37.54545454545455,582.26,26.466363636363635,0.6136363636363636,1,Frequent High-Value Users
CUST_05208,18,886.7,49.26111111111111,38.333333333333336,519.0,28.833333333333332,0.5811111111111111,1,Frequent High-Value Users
CUST_05209,18,915.5,50.861111111111114,34.166666666666664,537.02,29.834444444444443,0.5905555555555556,1,Frequent High-Value Users
CUST_05210,16,769.0,48.0625,33.125,453.09,28.318125,0.58375,1,Frequent High-Value Users
CUST_05211,20,917.0,45.85,36.3,550.03,27.5015,0.601,1,Frequent High-Value Users
CUST_05212,18,888.5,49.361111111111114,31.444444444444443,541.28,30.071111111111108,0.6044444444444443,1,Frequent High-Value Users
CUST_05213,22,1075.1,48.86818181818182,31.772727272727273,628.87,28.585,0.58,1,Frequent High-Value Users
CUST_05214,17,790.9,46.523529411764706,35.05882352941177,463.27,27.251176470588234,0.5870588235294117,1,Frequent High-Value Users
CUST_05215,19,809.1999999999999,42.589473684210525,34.68421052631579,476.14,25.06,0.5857894736842105,1,Frequent High-Value Users
CUST_05216,14,624.2,44.58571428571429,34.214285714285715,376.2,26.87142857142857,0.595,1,Frequent High-Value Users
CUST_05217,23,1107.6,48.15652173913043,34.08695652173913,632.26,27.489565217391306,0.5665217391304348,1,Frequent High-Value Users
CUST_05218,24,988.1,41.170833333333334,39.541666666666664,579.5,24.145833333333332,0.5808333333333333,1,Frequent High-Value Users
CUST_05219,16,779.3,48.70625,28.8125,485.75,30.359375,0.61625,1,Frequent High-Value Users
CUST_05220,17,831.6,48.91764705882353,36.35294117647059,513.13,30.184117647058823,0.6211764705882353,1,Frequent High-Value Users
CUST_05221,24,1015.2,42.300000000000004,39.25,588.74,24.530833333333334,0.5791666666666667,1,Frequent High-Value Users
CUST_05222,23,998.2,43.4,35.73913043478261,568.08,24.69913043478261,0.5760869565217391,1,Frequent High-Value Users
CUST_05223,20,972.3,48.614999999999995,33.1,565.85,28.2925,0.5775,1,Frequent High-Value Users
CUST_05224,15,798.4,53.22666666666667,31.133333333333333,484.21,32.28066666666667,0.606,1,Frequent High-Value Users
CUST_05225,17,806.6,47.44705882352941,37.0,480.0,28.235294117647058,0.6011764705882353,1,Frequent High-Value Users
CUST_05226,18,903.1,50.172222222222224,30.833333333333332,561.71,31.206111111111113,0.62,1,Frequent High-Value Users
CUST_05227,8,357.6,44.7,33.5,202.6,25.325,0.55875,1,Frequent High-Value Users
CUST_05228,23,1195.9,51.99565217391305,33.91304347826087,691.34,30.05826086956522,0.5795652173913044,1,Frequent High-Value Users
CUST_05229,20,924.4,46.22,34.65,537.26,26.863,0.5845,1,Frequent High-Value Users
CUST_05230,11,491.3,44.663636363636364,35.27272727272727,289.8,26.345454545454547,0.5827272727272728,1,Frequent High-Value Users
CUST_05231,14,633.6,45.25714285714286,35.285714285714285,364.25,26.017857142857142,0.5814285714285715,1,Frequent High-Value Users
CUST_05232,20,862.5,43.125,39.1,484.84999999999997,24.2425,0.567,1,Frequent High-Value Users
CUST_05233,20,916.9,45.845,37.25,548.95,27.4475,0.6014999999999999,1,Frequent High-Value Users
CUST_05234,17,818.1,48.12352941176471,32.529411764705884,490.81,28.871176470588235,0.6064705882352941,1,Frequent High-Value Users
CUST_05235,20,984.8,49.239999999999995,33.3,599.06,29.952999999999996,0.608,1,Frequent High-Value Users
CUST_05236,14,527.8,37.699999999999996,44.357142857142854,301.48,21.534285714285716,0.5721428571428572,1,Frequent High-Value Users
CUST_05237,26,1215.9,46.76538461538462,35.03846153846154,716.32,27.550769230769234,0.5888461538461539,1,Frequent High-Value Users
CUST_05238,22,1046.5,47.56818181818182,36.45454545454545,615.3199999999999,27.969090909090905,0.5859090909090909,1,Frequent High-Value Users
CUST_05239,24,1107.2,46.13333333333333,32.375,643.83,26.82625,0.5845833333333333,1,Frequent High-Value Users
CUST_05240,18,774.9,43.05,38.05555555555556,473.34000000000003,26.296666666666667,0.6116666666666667,1,Frequent High-Value Users
CUST_05241,21,917.1,43.67142857142857,37.333333333333336,545.13,25.958571428571428,0.5947619047619048,1,Frequent High-Value Users
CUST_05242,12,475.1,39.59166666666667,36.083333333333336,291.63,24.3025,0.6124999999999999,1,Frequent High-Value Users
CUST_05243,18,846.2,47.01111111111111,31.88888888888889,486.35,27.019444444444446,0.5711111111111111,1,Frequent High-Value Users
CUST_05244,19,957.6,50.4,30.736842105263158,561.25,29.539473684210527,0.5894736842105263,1,Frequent High-Value Users
CUST_05245,26,1155.2,44.43076923076923,36.53846153846154,702.22,27.00846153846154,0.6084615384615385,1,Frequent High-Value Users
CUST_05246,23,1134.8,49.339130434782604,34.73913043478261,670.05,29.132608695652173,0.5817391304347826,1,Frequent High-Value Users
CUST_05247,21,956.0,45.523809523809526,36.904761904761905,548.27,26.10809523809524,0.5742857142857143,1,Frequent High-Value Users
CUST_05248,18,831.5,46.19444444444444,34.44444444444444,520.0,28.88888888888889,0.6216666666666666,1,Frequent High-Value Users
CUST_05249,24,1150.5,47.9375,33.75,684.07,28.502916666666668,0.58875,1,Frequent High-Value Users
CUST_05250,21,942.5,44.88095238095238,35.57142857142857,531.17,25.29380952380952,0.5566666666666666,1,Frequent High-Value Users
CUST_05251,13,605.6,46.58461538461539,33.23076923076923,356.67,27.436153846153847,0.5892307692307692,1,Frequent High-Value Users
CUST_05252,17,817.0,48.05882352941177,33.11764705882353,475.49,27.97,0.581764705882353,1,Frequent High-Value Users
CUST_05253,21,884.9,42.13809523809524,37.95238095238095,506.86,24.136190476190478,0.5752380952380952,1,Frequent High-Value Users
CUST_05254,21,928.6,44.21904761904762,34.80952380952381,537.56,25.598095238095237,0.5847619047619047,1,Frequent High-Value Users
CUST_05255,19,894.6,47.08421052631579,32.1578947368421,534.36,28.12421052631579,0.6073684210526316,1,Frequent High-Value Users
CUST_05256,15,747.7,49.84666666666667,32.733333333333334,444.43,29.628666666666668,0.5966666666666668,1,Frequent High-Value Users
CUST_05257,19,926.9,48.78421052631579,37.473684210526315,564.83,29.727894736842106,0.6010526315789474,1,Frequent High-Value Users
CUST_05258,25,1260.3,50.412,30.56,757.84,30.3136,0.5988,1,Frequent High-Value Users
CUST_05259,20,796.9,39.845,37.5,466.63,23.3315,0.5875,1,Frequent High-Value Users
CUST_05260,17,735.7,43.2764705882353,34.1764705882353,430.47,25.321764705882355,0.5758823529411765,1,Frequent High-Value Users
CUST_05261,12,612.5,51.041666666666664,31.583333333333332,380.68,31.723333333333333,0.6,1,Frequent High-Value Users
CUST_05262,20,859.5,42.975,39.95,493.32,24.666,0.5740000000000001,1,Frequent High-Value Users
CUST_05263,27,1349.2,49.970370370370375,34.2962962962963,788.95,29.22037037037037,0.5818518518518518,1,Frequent High-Value Users
CUST_05264,20,889.6,44.480000000000004,36.4,530.46,26.523000000000003,0.5940000000000001,1,Frequent High-Value Users
CUST_05265,29,1370.9,47.27241379310345,33.86206896551724,824.28,28.423448275862068,0.6017241379310344,1,Frequent High-Value Users
CUST_05266,23,1226.1,53.30869565217391,31.608695652173914,731.29,31.795217391304345,0.5891304347826087,1,Frequent High-Value Users
CUST_05267,24,1106.6,46.10833333333333,33.666666666666664,636.51,26.52125,0.5695833333333333,1,Frequent High-Value Users
CUST_05268,19,779.5,41.026315789473685,38.21052631578947,462.38,24.335789473684212,0.5873684210526315,1,Frequent High-Value Users
CUST_05269,15,878.7,58.580000000000005,26.333333333333332,508.44,33.896,0.5786666666666667,1,Frequent High-Value Users
CUST_05270,17,738.7,43.45294117647059,36.705882352941174,448.34,26.372941176470587,0.6111764705882353,1,Frequent High-Value Users
CUST_05271,22,999.6,45.43636363636364,37.5,602.14,27.37,0.5972727272727273,1,Frequent High-Value Users
CUST_05272,20,973.0,48.65,32.75,584.46,29.223000000000003,0.6,1,Frequent High-Value Users
CUST_05273,16,831.2,51.95,31.625,516.29,32.268125,0.6175,1,Frequent High-Value Users
CUST_05274,19,868.1,45.689473684210526,35.36842105263158,504.28000000000003,26.54105263157895,0.5757894736842105,1,Frequent High-Value Users
CUST_05275,16,710.3,44.39375,34.25,422.26,26.39125,0.5975,1,Frequent High-Value Users
CUST_05276,15,718.8,47.919999999999995,37.266666666666666,436.26,29.084,0.5946666666666667,1,Frequent High-Value Users
CUST_05277,17,818.1,48.12352941176471,32.11764705882353,495.57,29.151176470588236,0.5994117647058823,1,Frequent High-Value Users
CUST_05278,11,550.3,50.027272727272724,35.27272727272727,350.73,31.884545454545457,0.6263636363636363,1,Frequent High-Value Users
CUST_05279,12,572.8000000000001,47.73333333333334,36.0,327.51,27.2925,0.5841666666666666,1,Frequent High-Value Users
CUST_05280,18,854.3,47.46111111111111,36.77777777777778,496.27,27.570555555555554,0.5822222222222222,1,Frequent High-Value Users
CUST_05281,10,464.2,46.42,26.4,280.62,28.062,0.6060000000000001,1,Frequent High-Value Users
CUST_05282,11,564.8,51.345454545454544,30.454545454545453,294.96,26.814545454545453,0.5227272727272727,1,Frequent High-Value Users
CUST_05283,16,810.1,50.63125,31.1875,453.46999999999997,28.341874999999998,0.564375,1,Frequent High-Value Users
CUST_05284,16,757.3,47.33125,34.5625,457.58,28.59875,0.596875,1,Frequent High-Value Users
CUST_05285,11,492.5,44.77272727272727,37.63636363636363,281.95,25.63181818181818,0.5836363636363636,1,Frequent High-Value Users
CUST_05286,14,665.9,47.56428571428571,33.285714285714285,397.01,28.357857142857142,0.5992857142857143,1,Frequent High-Value Users
CUST_05287,25,1208.7,48.348,34.8,714.5,28.58,0.596,1,Frequent High-Value Users
CUST_05288,19,1023.3,53.857894736842105,30.57894736842105,596.66,31.40315789473684,0.5826315789473684,1,Frequent High-Value Users
CUST_05289,24,1229.1,51.2125,33.875,737.53,30.730416666666667,0.6058333333333333,1,Frequent High-Value Users
CUST_05290,11,495.3,45.02727272727273,37.18181818181818,315.9,28.718181818181815,0.6345454545454546,1,Frequent High-Value Users
CUST_05291,19,918.3,48.33157894736842,37.526315789473685,544.58,28.662105263157898,0.5942105263157895,1,Frequent High-Value Users
CUST_05292,17,812.7,47.80588235294118,34.76470588235294,477.02,28.06,0.5841176470588235,1,Frequent High-Value Users
CUST_05293,16,770.6,48.1625,33.8125,457.65,28.603125,0.5925,1,Frequent High-Value Users
CUST_05294,14,746.2,53.300000000000004,32.285714285714285,435.93,31.137857142857143,0.595,1,Frequent High-Value Users
CUST_05295,14,635.8,45.41428571428571,39.214285714285715,369.84000000000003,26.41714285714286,0.5814285714285715,1,Frequent High-Value Users
CUST_05296,19,850.4,44.757894736842104,38.473684210526315,490.97,25.840526315789475,0.578421052631579,1,Frequent High-Value Users
CUST_05297,19,879.4,46.28421052631579,39.89473684210526,547.56,28.81894736842105,0.6278947368421053,1,Frequent High-Value Users
CUST_05298,12,458.0,38.166666666666664,36.0,269.19,22.4325,0.5866666666666667,1,Frequent High-Value Users
CUST_05299,16,623.5,38.96875,40.875,362.9,22.68125,0.575625,1,Frequent High-Value Users
CUST_05300,11,609.6,55.41818181818182,29.727272727272727,357.32,32.483636363636364,0.5918181818181818,1,Frequent High-Value Users
CUST_05301,16,762.7,47.66875,33.5,438.68,27.4175,0.580625,1,Frequent High-Value Users
CUST_05302,20,907.1,45.355000000000004,38.55,531.7,26.585,0.5810000000000001,1,Frequent High-Value Users
CUST_05303,15,730.6,48.70666666666667,30.666666666666668,427.13,28.47533333333333,0.5893333333333334,1,Frequent High-Value Users
CUST_05304,16,769.8,48.1125,32.9375,431.5,26.96875,0.574375,1,Frequent High-Value Users
CUST_05305,23,1222.3,53.143478260869564,28.17391304347826,723.91,31.474347826086955,0.5995652173913043,1,Frequent High-Value Users
CUST_05306,20,920.7,46.035000000000004,33.75,520.9,26.044999999999998,0.5735,1,Frequent High-Value Users
CUST_05307,17,907.3,53.370588235294115,30.352941176470587,537.73,31.631176470588237,0.5911764705882353,1,Frequent High-Value Users
CUST_05308,17,713.8,41.98823529411764,37.35294117647059,413.2,24.305882352941175,0.5735294117647058,1,Frequent High-Value Users
CUST_05309,21,1028.5,48.976190476190474,31.571428571428573,586.1,27.90952380952381,0.5685714285714285,1,Frequent High-Value Users
CUST_05310,22,1138.3,51.74090909090909,31.40909090909091,674.5699999999999,30.662272727272725,0.5995454545454546,1,Frequent High-Value Users
CUST_05311,20,900.1,45.005,37.75,512.57,25.628500000000003,0.572,1,Frequent High-Value Users
CUST_05312,25,1154.9,46.196000000000005,38.16,687.28,27.4912,0.5916,1,Frequent High-Value Users
CUST_05313,17,853.7,50.21764705882353,34.588235294117645,509.90999999999997,29.99470588235294,0.5994117647058823,1,Frequent High-Value Users
CUST_05314,25,1095.1,43.803999999999995,36.52,666.66,26.6664,0.6024,1,Frequent High-Value Users
CUST_05315,12,487.9,40.65833333333333,38.416666666666664,286.9,23.90833333333333,0.585,1,Frequent High-Value Users
CUST_05316,20,1101.4,55.07000000000001,29.1,667.05,33.3525,0.603,1,Frequent High-Value Users
CUST_05317,15,665.3,44.35333333333333,43.733333333333334,369.63,24.642,0.5646666666666668,1,Frequent High-Value Users
CUST_05318,14,604.1,43.15,40.92857142857143,350.05,25.00357142857143,0.585,1,Frequent High-Value Users
CUST_05319,25,1056.6,42.263999999999996,39.8,619.21,24.7684,0.5924,1,Frequent High-Value Users
CUST_05320,18,843.4,46.855555555555554,32.44444444444444,498.0,27.666666666666668,0.5905555555555556,1,Frequent High-Value Users
CUST_05321,15,736.5,49.1,33.733333333333334,445.58,29.705333333333332,0.612,1,Frequent High-Value Users
CUST_05322,20,958.1,47.905,35.25,587.41,29.3705,0.604,1,Frequent High-Value Users
CUST_05323,19,849.9,44.73157894736842,37.31578947368421,475.98,25.051578947368423,0.5605263157894737,1,Frequent High-Value Users
CUST_05324,18,846.6,47.03333333333333,34.55555555555556,495.86,27.547777777777778,0.5872222222222222,1,Frequent High-Value Users
CUST_05325,13,543.9,41.83846153846154,41.84615384615385,309.08,23.775384615384613,0.5753846153846154,1,Frequent High-Value Users
CUST_05326,19,888.7,46.77368421052632,35.36842105263158,515.1899999999999,27.115263157894734,0.5794736842105263,1,Frequent High-Value Users
CUST_05327,14,591.9,42.278571428571425,37.57142857142857,339.57,24.255,0.5871428571428572,1,Frequent High-Value Users
CUST_05328,14,726.7,51.90714285714286,27.714285714285715,425.81,30.415,0.5857142857142856,1,Frequent High-Value Users
CUST_05329,21,927.6,44.17142857142857,39.95238095238095,555.07,26.431904761904764,0.6038095238095238,1,Frequent High-Value Users
CUST_05330,12,605.0,50.416666666666664,33.333333333333336,352.93,29.410833333333333,0.5866666666666667,1,Frequent High-Value Users
CUST_05331,14,622.6,44.471428571428575,39.285714285714285,367.25,26.232142857142858,0.5907142857142856,1,Frequent High-Value Users
CUST_05332,16,682.1,42.63125,39.875,398.15,24.884375,0.58375,1,Frequent High-Value Users
CUST_05333,24,1044.4,43.51666666666667,35.25,623.78,25.99083333333333,0.5970833333333333,1,Frequent High-Value Users
CUST_05334,18,788.8,43.82222222222222,34.94444444444444,451.96000000000004,25.10888888888889,0.5755555555555555,1,Frequent High-Value Users
CUST_05335,19,926.4,48.757894736842104,36.8421052631579,542.25,28.539473684210527,0.5900000000000001,1,Frequent High-Value Users
CUST_05336,21,1039.6,49.5047619047619,33.666666666666664,621.66,29.60285714285714,0.6019047619047619,1,Frequent High-Value Users
CUST_05337,21,894.4,42.59047619047619,37.61904761904762,510.82,24.324761904761903,0.5804761904761905,1,Frequent High-Value Users
CUST_05338,20,944.5,47.225,35.7,550.9,27.544999999999998,0.5780000000000001,1,Frequent High-Value Users
CUST_05339,18,994.6,55.25555555555556,28.5,598.62,33.25666666666667,0.5950000000000001,1,Frequent High-Value Users
CUST_05340,19,942.8,49.62105263157895,34.36842105263158,561.47,29.551052631578948,0.5963157894736842,1,Frequent High-Value Users
CUST_05341,20,897.3,44.864999999999995,36.7,527.18,26.358999999999998,0.599,1,Frequent High-Value Users
CUST_05342,27,1216.6,45.05925925925926,36.74074074074074,695.22,25.74888888888889,0.572962962962963,1,Frequent High-Value Users
CUST_05343,22,988.3,44.92272727272727,38.45454545454545,575.25,26.147727272727273,0.5827272727272728,1,Frequent High-Value Users
CUST_05344,20,1058.9,52.94500000000001,30.6,664.7,33.235,0.619,1,Frequent High-Value Users
CUST_05345,24,1072.4,44.68333333333334,35.916666666666664,665.59,27.732916666666668,0.6170833333333333,1,Frequent High-Value Users
CUST_05346,19,986.8,51.93684210526315,32.36842105263158,587.1899999999999,30.90473684210526,0.5963157894736842,1,Frequent High-Value Users
CUST_05347,21,924.1,44.00476190476191,36.57142857142857,564.1800000000001,26.86571428571429,0.6090476190476191,1,Frequent High-Value Users
CUST_05348,15,660.7,44.04666666666667,37.4,401.28,26.752,0.5946666666666667,1,Frequent High-Value Users
CUST_05349,32,1345.3,42.040625,39.0,818.89,25.5903125,0.6015625,1,Frequent High-Value Users
CUST_05350,19,889.4,46.810526315789474,36.89473684210526,517.01,27.211052631578948,0.5768421052631579,1,Frequent High-Value Users
CUST_05351,18,846.4,47.02222222222222,34.888888888888886,509.72,28.317777777777778,0.6127777777777778,1,Frequent High-Value Users
CUST_05352,16,822.8,51.425,34.5,514.1,32.13125,0.625,1,Frequent High-Value Users
CUST_05353,21,1097.7,52.27142857142857,29.761904761904763,650.22,30.962857142857143,0.5942857142857143,1,Frequent High-Value Users
CUST_05354,20,939.3,46.964999999999996,36.95,559.02,27.951,0.597,1,Frequent High-Value Users
CUST_05355,12,573.1,47.75833333333333,35.916666666666664,337.45,28.120833333333334,0.5883333333333333,1,Frequent High-Value Users
CUST_05356,24,1170.0,48.75,33.166666666666664,694.09,28.920416666666668,0.5958333333333333,1,Frequent High-Value Users
CUST_05357,18,814.0,45.22222222222222,34.611111111111114,483.7,26.87222222222222,0.5988888888888888,1,Frequent High-Value Users
CUST_05358,18,748.5,41.583333333333336,38.44444444444444,431.61,23.978333333333335,0.5755555555555555,1,Frequent High-Value Users
CUST_05359,15,808.7,53.913333333333334,30.133333333333333,471.09,31.406,0.5893333333333334,1,Frequent High-Value Users
CUST_05360,20,903.0,45.15,34.95,526.47,26.323500000000003,0.5890000000000001,1,Frequent High-Value Users
CUST_05361,22,1055.1,47.959090909090904,34.59090909090909,606.98,27.59,0.5727272727272728,1,Frequent High-Value Users
CUST_05362,26,1230.5,47.32692307692308,32.30769230769231,707.36,27.206153846153846,0.5723076923076923,1,Frequent High-Value Users
CUST_05363,16,767.8,47.9875,32.1875,454.02,28.37625,0.58625,1,Frequent High-Value Users
CUST_05364,13,518.4,39.87692307692308,37.84615384615385,306.69,23.591538461538462,0.5915384615384616,1,Frequent High-Value Users
CUST_05365,19,822.6,43.294736842105266,37.421052631578945,502.77,26.46157894736842,0.6105263157894737,1,Frequent High-Value Users
CUST_05366,17,744.7,43.80588235294118,37.705882352941174,439.87,25.87470588235294,0.5964705882352942,1,Frequent High-Value Users
CUST_05367,11,577.1,52.46363636363637,34.18181818181818,343.06,31.187272727272727,0.5854545454545454,1,Frequent High-Value Users
CUST_05368,17,752.0,44.23529411764706,36.64705882352941,438.35,25.78529411764706,0.5852941176470587,1,Frequent High-Value Users
CUST_05369,15,689.3,45.95333333333333,33.86666666666667,422.87,28.191333333333333,0.6146666666666667,1,Frequent High-Value Users
CUST_05370,19,877.5,46.18421052631579,37.1578947368421,518.22,27.274736842105266,0.5968421052631578,1,Frequent High-Value Users
CUST_05371,12,583.9,48.65833333333333,34.416666666666664,353.3,29.441666666666666,0.5983333333333333,1,Frequent High-Value Users
CUST_05372,18,1000.8,55.599999999999994,26.944444444444443,608.27,33.79277777777778,0.6127777777777778,1,Frequent High-Value Users
CUST_05373,16,735.3,45.95625,36.1875,417.68,26.105,0.56625,1,Frequent High-Value Users
CUST_05374,17,746.0,43.88235294117647,35.94117647058823,439.77,25.868823529411763,0.5894117647058823,1,Frequent High-Value Users
CUST_05375,22,1051.5,47.79545454545455,33.0,632.42,28.746363636363636,0.6027272727272727,1,Frequent High-Value Users
CUST_05376,25,1132.1,45.284,34.24,679.43,27.1772,0.598,1,Frequent High-Value Users
CUST_05377,11,538.6,48.96363636363637,33.18181818181818,312.07,28.37,0.5790909090909091,1,Frequent High-Value Users
CUST_05378,17,758.1,44.59411764705882,38.35294117647059,460.37,27.08058823529412,0.6076470588235294,1,Frequent High-Value Users
CUST_05379,23,1112.8,48.38260869565217,33.69565217391305,669.51,29.109130434782607,0.6065217391304347,1,Frequent High-Value Users
CUST_05380,15,689.0,45.93333333333333,37.0,421.86,28.124000000000002,0.608,1,Frequent High-Value Users
CUST_05381,24,1174.1,48.92083333333333,32.125,680.38,28.349166666666665,0.5833333333333334,1,Frequent High-Value Users
CUST_05382,20,874.1,43.705,36.35,512.46,25.623,0.593,1,Frequent High-Value Users
CUST_05383,14,655.1,46.792857142857144,36.714285714285715,368.67,26.333571428571428,0.5678571428571428,1,Frequent High-Value Users
CUST_05384,15,665.1,44.34,36.8,400.46,26.697333333333333,0.5980000000000001,1,Frequent High-Value Users
CUST_05385,18,964.0,53.55555555555556,29.0,580.15,32.230555555555554,0.6044444444444443,1,Frequent High-Value Users
CUST_05386,21,1172.3,55.82380952380952,29.857142857142858,697.33,33.20619047619048,0.6019047619047619,1,Frequent High-Value Users
CUST_05387,22,996.9,45.31363636363636,37.63636363636363,581.38,26.426363636363636,0.58,1,Frequent High-Value Users
CUST_05388,14,633.6,45.25714285714286,37.42857142857143,384.62,27.472857142857144,0.6050000000000001,1,Frequent High-Value Users
CUST_05389,12,657.6,54.800000000000004,29.0,378.26,31.521666666666665,0.585,1,Frequent High-Value Users
CUST_05390,16,686.3,42.89375,37.25,409.95,25.621875,0.598125,1,Frequent High-Value Users
CUST_05391,14,614.3,43.878571428571426,37.5,358.1,25.57857142857143,0.5835714285714285,1,Frequent High-Value Users
CUST_05392,17,712.1,41.88823529411765,39.76470588235294,426.44,25.084705882352942,0.601764705882353,1,Frequent High-Value Users
CUST_05393,16,678.6,42.4125,40.5,401.37,25.085625,0.59125,1,Frequent High-Value Users
CUST_05394,8,375.3,46.9125,32.875,218.75,27.34375,0.5762499999999999,1,Frequent High-Value Users
CUST_05395,21,986.7,46.98571428571429,34.285714285714285,550.4399999999999,26.21142857142857,0.5628571428571428,1,Frequent High-Value Users
CUST_05396,13,542.9,41.76153846153846,37.07692307692308,321.21,24.70846153846154,0.5930769230769231,1,Frequent High-Value Users
CUST_05397,20,948.3,47.415,37.5,578.34,28.917,0.6065,1,Frequent High-Value Users
CUST_05398,25,1069.5,42.78,41.04,626.81,25.0724,0.588,1,Frequent High-Value Users
CUST_05399,14,583.3,41.66428571428571,40.785714285714285,340.94,24.352857142857143,0.5871428571428572,1,Frequent High-Value Users
CUST_05400,18,842.1,46.78333333333333,36.666666666666664,504.90000000000003,28.05,0.6011111111111112,1,Frequent High-Value Users
CUST_05401,17,785.8,46.2235294117647,34.94117647058823,485.89,28.581764705882353,0.6158823529411765,1,Frequent High-Value Users
CUST_05402,15,684.3,45.62,34.2,390.82,26.054666666666666,0.5773333333333334,1,Frequent High-Value Users
CUST_05403,25,1016.5,40.66,37.96,584.89,23.395599999999998,0.5768,1,Frequent High-Value Users
CUST_05404,17,809.6,47.62352941176471,37.11764705882353,470.57,27.680588235294117,0.5905882352941177,1,Frequent High-Value Users
CUST_05405,17,778.1,45.77058823529412,34.411764705882355,451.58,26.563529411764705,0.5823529411764706,1,Frequent High-Value Users
CUST_05406,18,897.4,49.855555555555554,34.833333333333336,544.95,30.275000000000002,0.6005555555555556,1,Frequent High-Value Users
CUST_05407,21,1197.2,57.00952380952381,29.142857142857142,712.03,33.906190476190474,0.6052380952380952,1,Frequent High-Value Users
CUST_05408,20,1012.3,50.614999999999995,32.7,584.45,29.222500000000004,0.5785,1,Frequent High-Value Users
CUST_05409,13,609.5,46.88461538461539,34.23076923076923,366.23,28.171538461538464,0.5938461538461538,1,Frequent High-Value Users
CUST_05410,17,883.0,51.94117647058823,31.764705882352942,494.06,29.06235294117647,0.5647058823529412,1,Frequent High-Value Users
CUST_05411,16,618.1,38.63125,39.6875,360.89,22.555625,0.584375,1,Frequent High-Value Users
CUST_05412,25,1237.7,49.508,32.6,734.35,29.374000000000002,0.5888,1,Frequent High-Value Users
CUST_05413,21,1072.4,51.06666666666667,34.714285714285715,623.28,29.68,0.589047619047619,1,Frequent High-Value Users
CUST_05414,22,1121.8,50.99090909090909,32.5,670.69,30.485909090909093,0.5995454545454545,1,Frequent High-Value Users
CUST_05415,20,856.3,42.815,38.75,496.57,24.8285,0.5835,1,Frequent High-Value Users
CUST_05416,22,942.0,42.81818181818182,35.81818181818182,550.99,25.045,0.5895454545454546,1,Frequent High-Value Users
CUST_05417,22,1079.7,49.07727272727273,31.59090909090909,644.43,29.292272727272724,0.5981818181818181,1,Frequent High-Value Users
CUST_05418,18,812.8,45.15555555555555,35.55555555555556,504.44,28.024444444444445,0.6155555555555555,1,Frequent High-Value Users
CUST_05419,20,909.6,45.480000000000004,36.15,533.78,26.689,0.5895,1,Frequent High-Value Users
CUST_05420,19,909.7,47.87894736842105,32.78947368421053,535.06,28.161052631578944,0.5852631578947368,1,Frequent High-Value Users
CUST_05421,16,851.0,53.1875,31.1875,483.89,30.243125,0.571875,1,Frequent High-Value Users
CUST_05422,20,876.2,43.81,36.9,527.14,26.357,0.6065,1,Frequent High-Value Users
CUST_05423,13,619.3,47.638461538461534,33.46153846153846,376.01,28.923846153846153,0.6076923076923078,1,Frequent High-Value Users
CUST_05424,12,569.0,47.416666666666664,34.166666666666664,331.18,27.598333333333333,0.5841666666666666,1,Frequent High-Value Users
CUST_05425,20,1032.8,51.64,32.0,603.86,30.193,0.5875,1,Frequent High-Value Users
CUST_05426,17,854.5,50.26470588235294,28.352941176470587,506.51,29.79470588235294,0.5935294117647059,1,Frequent High-Value Users
CUST_05427,19,974.9,51.310526315789474,31.36842105263158,597.91,31.468947368421052,0.6152631578947368,1,Frequent High-Value Users
CUST_05428,20,892.5,44.625,38.45,494.91999999999996,24.746,0.561,1,Frequent High-Value Users
CUST_05429,24,1072.4,44.68333333333334,34.708333333333336,646.25,26.927083333333332,0.5966666666666667,1,Frequent High-Value Users
CUST_05430,17,813.4,47.84705882352941,34.529411764705884,490.63,28.860588235294117,0.6047058823529411,1,Frequent High-Value Users
CUST_05431,21,969.6,46.17142857142857,36.904761904761905,583.68,27.794285714285714,0.6,1,Frequent High-Value Users
CUST_05432,17,824.7,48.51176470588236,32.705882352941174,484.97,28.527647058823533,0.5864705882352942,1,Frequent High-Value Users
CUST_05433,18,754.9,41.93888888888889,36.44444444444444,462.15,25.674999999999997,0.6144444444444445,1,Frequent High-Value Users
CUST_05434,21,1020.7,48.60476190476191,34.666666666666664,585.86,27.898095238095237,0.5780952380952381,1,Frequent High-Value Users
CUST_05435,21,1068.8,50.89523809523809,31.571428571428573,641.04,30.525714285714283,0.5995238095238096,1,Frequent High-Value Users
CUST_05436,13,553.9,42.607692307692304,36.07692307692308,308.39,23.72230769230769,0.5546153846153846,1,Frequent High-Value Users
CUST_05437,21,978.1,46.576190476190476,34.857142857142854,555.01,26.42904761904762,0.5680952380952381,1,Frequent High-Value Users
CUST_05438,14,679.3,48.521428571428565,38.92857142857143,407.82,29.13,0.5971428571428571,1,Frequent High-Value Users
CUST_05439,20,954.8,47.739999999999995,33.75,544.26,27.213,0.5785,1,Frequent High-Value Users
CUST_05440,22,968.9,44.04090909090909,36.04545454545455,561.52,25.523636363636363,0.5863636363636364,1,Frequent High-Value Users
CUST_05441,18,843.8,46.87777777777777,29.77777777777778,486.51,27.028333333333332,0.5788888888888889,1,Frequent High-Value Users
CUST_05442,18,847.1,47.06111111111111,33.611111111111114,505.06,28.058888888888887,0.5961111111111111,1,Frequent High-Value Users
CUST_05443,24,1190.0,49.583333333333336,32.5,701.28,29.22,0.58875,1,Frequent High-Value Users
CUST_05444,18,901.5,50.083333333333336,33.22222222222222,533.87,29.659444444444446,0.5872222222222222,1,Frequent High-Value Users
CUST_05445,15,613.8,40.919999999999995,38.0,367.44,24.496,0.6046666666666667,1,Frequent High-Value Users
CUST_05446,23,1100.1,47.83043478260869,33.52173913043478,666.22,28.96608695652174,0.6056521739130435,1,Frequent High-Value Users
CUST_05447,13,618.6,47.58461538461539,35.92307692307692,352.97,27.151538461538465,0.5823076923076923,1,Frequent High-Value Users
CUST_05448,23,1170.8,50.904347826086955,30.08695652173913,706.63,30.72304347826087,0.6004347826086956,1,Frequent High-Value Users
CUST_05449,16,800.6,50.0375,29.6875,482.4,30.15,0.6075,1,Frequent High-Value Users
CUST_05450,15,719.5,47.96666666666667,33.2,432.19,28.812666666666665,0.6006666666666667,1,Frequent High-Value Users
CUST_05451,17,734.4,43.199999999999996,36.470588235294116,423.22,24.89529411764706,0.5705882352941176,1,Frequent High-Value Users
CUST_05452,22,946.6,43.02727272727273,40.0,574.83,26.128636363636364,0.5959090909090908,1,Frequent High-Value Users
CUST_05453,15,701.3,46.75333333333333,34.666666666666664,397.99,26.532666666666668,0.5713333333333334,1,Frequent High-Value Users
CUST_05454,17,896.4,52.72941176470588,31.647058823529413,524.59,30.858235294117648,0.5852941176470587,1,Frequent High-Value Users
CUST_05455,15,723.0,48.2,32.53333333333333,429.54,28.636000000000003,0.5946666666666667,1,Frequent High-Value Users
CUST_05456,23,873.8,37.99130434782609,41.04347826086956,513.05,22.30652173913043,0.5904347826086956,1,Frequent High-Value Users
CUST_05457,16,649.2,40.575,39.25,394.92,24.6825,0.613125,1,Frequent High-Value Users
CUST_05458,19,863.9,45.46842105263158,39.473684210526315,509.43,26.812105263157896,0.5921052631578947,1,Frequent High-Value Users
CUST_05459,13,594.4,45.723076923076924,30.46153846153846,360.94,27.764615384615386,0.606923076923077,1,Frequent High-Value Users
CUST_05460,16,683.7,42.73125,34.75,392.65999999999997,24.541249999999998,0.571875,1,Frequent High-Value Users
CUST_05461,17,859.7,50.57058823529412,33.05882352941177,514.58,30.269411764705886,0.5976470588235294,1,Frequent High-Value Users
CUST_05462,18,798.0,44.333333333333336,36.27777777777778,473.41,26.300555555555558,0.5894444444444444,1,Frequent High-Value Users
CUST_05463,16,691.4,43.2125,35.625,416.23,26.014375,0.5906250000000001,1,Frequent High-Value Users
CUST_05464,15,703.9,46.92666666666666,36.53333333333333,419.7,27.98,0.5933333333333334,1,Frequent High-Value Users
CUST_05465,15,608.3,40.55333333333333,41.4,362.38,24.158666666666665,0.5953333333333333,1,Frequent High-Value Users
CUST_05466,18,895.9,49.77222222222222,37.05555555555556,548.76,30.486666666666665,0.6088888888888888,1,Frequent High-Value Users
CUST_05467,16,763.6,47.725,39.375,465.99,29.124375,0.606875,1,Frequent High-Value Users
CUST_05468,14,647.4,46.24285714285714,33.42857142857143,388.79,27.770714285714288,0.5942857142857143,1,Frequent High-Value Users
CUST_05469,11,538.3,48.93636363636363,29.636363636363637,310.27,28.206363636363633,0.5818181818181819,1,Frequent High-Value Users
CUST_05470,18,897.0,49.833333333333336,34.94444444444444,538.19,29.89944444444445,0.6055555555555556,1,Frequent High-Value Users
CUST_05471,15,753.4,50.22666666666667,34.6,451.61,30.107333333333333,0.5986666666666667,1,Frequent High-Value Users
CUST_05472,22,1134.2,51.554545454545455,31.318181818181817,637.4300000000001,28.97409090909091,0.5709090909090909,1,Frequent High-Value Users
CUST_05473,15,709.4,47.29333333333333,32.8,430.43,28.695333333333334,0.6020000000000001,1,Frequent High-Value Users
CUST_05474,13,603.2,46.400000000000006,36.30769230769231,356.87,27.451538461538462,0.5892307692307692,1,Frequent High-Value Users
CUST_05475,14,592.2,42.300000000000004,35.642857142857146,340.12,24.294285714285714,0.5664285714285714,1,Frequent High-Value Users
CUST_05476,17,726.6,42.741176470588236,35.411764705882355,420.53,24.73705882352941,0.5811764705882352,1,Frequent High-Value Users
CUST_05477,24,1183.3,49.30416666666667,30.25,687.68,28.653333333333332,0.5833333333333334,1,Frequent High-Value Users
CUST_05478,16,698.3,43.64375,38.0625,413.75,25.859375,0.60125,1,Frequent High-Value Users
CUST_05479,21,1022.0,48.666666666666664,34.42857142857143,606.54,28.88285714285714,0.5985714285714285,1,Frequent High-Value Users
CUST_05480,22,1196.1,54.36818181818182,31.045454545454547,713.03,32.41045454545454,0.5859090909090909,1,Frequent High-Value Users
CUST_05481,20,852.7,42.635000000000005,38.3,496.71,24.8355,0.591,1,Frequent High-Value Users
CUST_05482,17,945.1,55.59411764705882,25.941176470588236,557.36,32.78588235294118,0.5805882352941176,1,Frequent High-Value Users
CUST_05483,10,563.8,56.379999999999995,27.0,328.59000000000003,32.859,0.579,1,Frequent High-Value Users
CUST_05484,15,571.0,38.06666666666667,42.266666666666666,345.54,23.036,0.6046666666666667,1,Frequent High-Value Users
CUST_05485,21,934.9,44.51904761904762,36.523809523809526,555.1,26.433333333333334,0.5885714285714285,1,Frequent High-Value Users
CUST_05486,18,783.8,43.544444444444444,36.22222222222222,458.76,25.486666666666665,0.5838888888888889,1,Frequent High-Value Users
CUST_05487,18,933.3,51.849999999999994,34.666666666666664,589.81,32.767222222222216,0.6294444444444445,1,Frequent High-Value Users
CUST_05488,18,916.1,50.894444444444446,30.944444444444443,526.03,29.223888888888887,0.5772222222222223,1,Frequent High-Value Users
CUST_05489,17,814.4,47.90588235294118,30.529411764705884,479.64,28.214117647058824,0.5852941176470587,1,Frequent High-Value Users
CUST_05490,19,895.1,47.11052631578948,35.10526315789474,520.4,27.389473684210525,0.5868421052631579,1,Frequent High-Value Users
CUST_05491,17,853.6,50.21176470588235,30.176470588235293,494.27,29.07470588235294,0.581764705882353,1,Frequent High-Value Users
CUST_05492,20,919.7,45.985,37.45,551.0699999999999,27.553499999999996,0.593,1,Frequent High-Value Users
CUST_05493,23,1038.8,45.165217391304346,35.65217391304348,611.1700000000001,26.57260869565218,0.5904347826086956,1,Frequent High-Value Users
CUST_05494,15,734.0,48.93333333333333,32.46666666666667,436.44,29.096,0.5920000000000001,1,Frequent High-Value Users
CUST_05495,19,822.8,43.305263157894736,40.21052631578947,484.25,25.486842105263158,0.5878947368421052,1,Frequent High-Value Users
CUST_05496,22,1016.0,46.18181818181818,36.27272727272727,606.18,27.55363636363636,0.5931818181818183,1,Frequent High-Value Users
CUST_05497,17,816.6,48.03529411764706,34.23529411764706,482.59,28.38764705882353,0.5911764705882353,1,Frequent High-Value Users
CUST_05498,16,768.0,48.0,33.8125,443.03000000000003,27.689375000000002,0.580625,1,Frequent High-Value Users
CUST_05499,21,1032.1,49.147619047619045,33.714285714285715,617.67,29.412857142857142,0.5928571428571429,1,Frequent High-Value Users
CUST_05500,18,694.3,38.57222222222222,39.388888888888886,418.98,23.276666666666667,0.6055555555555556,1,Frequent High-Value Users
CUST_05501,18,759.7,42.205555555555556,38.888888888888886,443.91,24.66166666666667,0.5872222222222222,1,Frequent High-Value Users
CUST_05502,24,1146.8,47.78333333333333,34.958333333333336,673.28,28.05333333333333,0.59,1,Frequent High-Value Users
CUST_05503,18,744.0,41.333333333333336,42.77777777777778,426.31,23.683888888888887,0.57,1,Frequent High-Value Users
CUST_05504,21,972.2,46.2952380952381,37.57142857142857,590.58,28.122857142857146,0.6052380952380952,1,Frequent High-Value Users
CUST_05505,14,667.3,47.66428571428571,33.714285714285715,395.58,28.255714285714284,0.5992857142857143,1,Frequent High-Value Users
CUST_05506,19,963.0,50.68421052631579,31.736842105263158,570.7,30.036842105263162,0.5905263157894737,1,Frequent High-Value Users
CUST_05507,22,991.7,45.07727272727273,36.13636363636363,569.7,25.895454545454548,0.5768181818181818,1,Frequent High-Value Users
CUST_05508,12,525.5,43.791666666666664,36.666666666666664,300.19,25.015833333333333,0.5791666666666667,1,Frequent High-Value Users
CUST_05509,17,834.3,49.07647058823529,32.05882352941177,495.49,29.146470588235296,0.5805882352941177,1,Frequent High-Value Users
CUST_05510,15,704.6999999999999,46.98,36.86666666666667,415.49,27.699333333333335,0.5866666666666667,1,Frequent High-Value Users
CUST_05511,23,1248.2,54.2695652173913,29.347826086956523,762.08,33.133913043478266,0.61,1,Frequent High-Value Users
CUST_05512,21,925.4,44.06666666666666,37.523809523809526,550.96,26.23619047619048,0.5961904761904762,1,Frequent High-Value Users
CUST_05513,18,920.1,51.11666666666667,31.944444444444443,542.12,30.11777777777778,0.5922222222222222,1,Frequent High-Value Users
CUST_05514,14,599.5,42.82142857142857,37.92857142857143,351.71999999999997,25.12285714285714,0.5778571428571428,1,Frequent High-Value Users
CUST_05515,38,1813.0,47.71052631578947,35.28947368421053,1082.86,28.49631578947368,0.5997368421052631,1,Frequent High-Value Users
CUST_05516,18,800.0,44.44444444444444,39.94444444444444,466.01,25.889444444444443,0.5861111111111111,1,Frequent High-Value Users
CUST_05517,20,892.5,44.625,38.15,541.26,27.063,0.6025,1,Frequent High-Value Users
CUST_05518,12,605.5,50.458333333333336,32.5,355.78,29.64833333333333,0.5916666666666667,1,Frequent High-Value Users
CUST_05519,21,911.6,43.40952380952381,32.57142857142857,527.36,25.112380952380953,0.58,1,Frequent High-Value Users
CUST_05520,23,1124.6,48.89565217391304,35.52173913043478,690.75,30.032608695652176,0.6121739130434782,1,Frequent High-Value Users
CUST_05521,23,990.3000000000001,43.05652173913044,38.391304347826086,576.75,25.07608695652174,0.5826086956521739,1,Frequent High-Value Users
CUST_05522,18,878.6,48.81111111111111,34.666666666666664,522.75,29.041666666666668,0.6055555555555556,1,Frequent High-Value Users
CUST_05523,20,892.9,44.644999999999996,38.95,522.31,26.115499999999997,0.5810000000000001,1,Frequent High-Value Users
CUST_05524,20,990.8,49.54,35.35,602.61,30.1305,0.612,1,Frequent High-Value Users
CUST_05525,16,821.0,51.3125,32.5,485.92,30.37,0.591875,1,Frequent High-Value Users
CUST_05526,14,568.2,40.58571428571429,36.714285714285715,354.74,25.33857142857143,0.62,1,Frequent High-Value Users
CUST_05527,16,711.4,44.4625,36.875,418.69,26.168125,0.59625,1,Frequent High-Value Users
CUST_05528,10,505.4,50.54,32.4,315.43,31.543,0.629,1,Frequent High-Value Users
CUST_05529,19,885.3,46.59473684210526,34.421052631578945,521.12,27.42736842105263,0.5815789473684211,1,Frequent High-Value Users
CUST_05530,15,762.8,50.85333333333333,31.333333333333332,426.49,28.432666666666666,0.5693333333333332,1,Frequent High-Value Users
CUST_05531,20,1005.2,50.260000000000005,31.05,575.76,28.788,0.5735,1,Frequent High-Value Users
CUST_05532,11,470.59999999999997,42.78181818181818,38.45454545454545,281.81,25.61909090909091,0.5990909090909091,1,Frequent High-Value Users
CUST_05533,20,1004.6,50.230000000000004,30.6,603.19,30.1595,0.5965,1,Frequent High-Value Users
CUST_05534,21,985.6,46.93333333333334,34.61904761904762,578.76,27.56,0.590952380952381,1,Frequent High-Value Users
CUST_05535,21,1110.1,52.86190476190476,33.476190476190474,662.94,31.56857142857143,0.6023809523809524,1,Frequent High-Value Users
CUST_05536,24,982.2,40.925000000000004,38.75,593.05,24.710416666666664,0.6124999999999999,1,Frequent High-Value Users
CUST_05537,12,631.5,52.625,33.75,360.08,30.006666666666664,0.5691666666666667,1,Frequent High-Value Users
CUST_05538,19,834.0,43.89473684210526,36.578947368421055,485.03000000000003,25.527894736842107,0.5810526315789474,1,Frequent High-Value Users
CUST_05539,26,1001.2,38.50769230769231,42.03846153846154,561.69,21.60346153846154,0.5700000000000001,1,Frequent High-Value Users
CUST_05540,15,720.5,48.03333333333333,34.666666666666664,419.3,27.953333333333333,0.5860000000000001,1,Frequent High-Value Users
CUST_05541,18,793.9,44.105555555555554,32.388888888888886,487.79,27.099444444444444,0.6138888888888889,1,Frequent High-Value Users
CUST_05542,13,725.3,55.79230769230769,29.53846153846154,425.32,32.716923076923074,0.5984615384615385,1,Frequent High-Value Users
CUST_05543,20,845.1999999999999,42.26,40.4,497.73,24.8865,0.5934999999999999,1,Frequent High-Value Users
CUST_05544,19,910.9,47.94210526315789,33.05263157894737,551.22,29.011578947368424,0.6110526315789473,1,Frequent High-Value Users
CUST_05545,20,802.8,40.14,42.9,484.49,24.2245,0.6064999999999999,1,Frequent High-Value Users
CUST_05546,15,747.8,49.85333333333333,33.86666666666667,413.2,27.546666666666667,0.5573333333333333,1,Frequent High-Value Users
CUST_05547,18,747.7,41.53888888888889,41.0,442.82,24.60111111111111,0.5950000000000001,1,Frequent High-Value Users
CUST_05548,17,844.3,49.66470588235294,33.88235294117647,508.18,29.89294117647059,0.5982352941176471,1,Frequent High-Value Users
CUST_05549,12,489.1,40.75833333333333,40.0,281.8,23.483333333333334,0.5791666666666667,1,Frequent High-Value Users
CUST_05550,25,1120.2,44.808,32.68,666.12,26.6448,0.5972,1,Frequent High-Value Users
CUST_05551,27,1340.0,49.629629629629626,35.55555555555556,799.88,29.625185185185185,0.6066666666666666,1,Frequent High-Value Users
CUST_05552,15,754.9,50.32666666666667,36.2,450.2,30.013333333333332,0.5853333333333333,1,Frequent High-Value Users
CUST_05553,27,1225.9,45.403703703703705,37.18518518518518,726.02,26.889629629629628,0.5918518518518519,1,Frequent High-Value Users
CUST_05554,17,731.3000000000001,43.017647058823535,36.35294117647059,444.38,26.14,0.6105882352941175,1,Frequent High-Value Users
CUST_05555,18,845.5,46.97222222222222,37.388888888888886,504.45,28.025,0.5938888888888889,1,Frequent High-Value Users
CUST_05556,16,762.0,47.625,35.875,449.85,28.115625,0.5875,1,Frequent High-Value Users
CUST_05557,13,623.7,47.97692307692308,35.15384615384615,374.92,28.84,0.5869230769230769,1,Frequent High-Value Users
CUST_05558,20,952.2,47.61,31.8,572.01,28.6005,0.6,1,Frequent High-Value Users
CUST_05559,19,895.2,47.11578947368421,38.05263157894737,532.81,28.042631578947365,0.5868421052631579,1,Frequent High-Value Users
CUST_05560,21,982.9,46.804761904761904,37.714285714285715,591.01,28.143333333333334,0.5938095238095238,1,Frequent High-Value Users
CUST_05561,14,556.9,39.778571428571425,39.5,337.34999999999997,24.096428571428568,0.6121428571428572,1,Frequent High-Value Users
CUST_05562,15,725.8,48.38666666666666,29.4,430.91,28.727333333333334,0.59,1,Frequent High-Value Users
CUST_05563,22,1073.4,48.790909090909096,34.63636363636363,631.58,28.70818181818182,0.5954545454545455,1,Frequent High-Value Users
CUST_05564,11,378.6,34.41818181818182,43.45454545454545,215.27,19.57,0.5690909090909091,0,Occasional Standard Users
CUST_05565,25,1240.3,49.611999999999995,32.84,728.17,29.1268,0.5892000000000001,1,Frequent High-Value Users
CUST_05566,13,672.5,51.73076923076923,30.615384615384617,419.12,32.24,0.6261538461538462,1,Frequent High-Value Users
CUST_05567,15,775.5,51.7,31.266666666666666,460.27,30.684666666666665,0.5886666666666667,1,Frequent High-Value Users
CUST_05568,13,545.6,41.96923076923077,43.0,309.73,23.825384615384618,0.5700000000000001,1,Frequent High-Value Users
CUST_05569,23,1262.3,54.88260869565217,28.347826086956523,737.08,32.04695652173913,0.5839130434782609,1,Frequent High-Value Users
CUST_05570,20,837.8,41.89,40.25,501.46,25.073,0.5875,1,Frequent High-Value Users
CUST_05571,23,1219.5,53.02173913043478,31.608695652173914,716.02,31.131304347826084,0.59,1,Frequent High-Value Users
CUST_05572,21,960.1,45.71904761904762,36.333333333333336,579.64,27.601904761904763,0.6104761904761905,1,Frequent High-Value Users
CUST_05573,14,635.0,45.357142857142854,38.5,350.62,25.044285714285714,0.5607142857142857,1,Frequent High-Value Users
CUST_05574,23,985.4,42.84347826086957,39.21739130434783,573.5,24.934782608695652,0.5869565217391305,1,Frequent High-Value Users
CUST_05575,24,1102.0,45.916666666666664,35.208333333333336,668.97,27.87375,0.6020833333333333,1,Frequent High-Value Users
CUST_05576,26,1134.0,43.61538461538461,37.11538461538461,656.54,25.25153846153846,0.5769230769230769,1,Frequent High-Value Users
CUST_05577,19,1026.7,54.03684210526316,28.36842105263158,597.4,31.442105263157895,0.5868421052631579,1,Frequent High-Value Users
CUST_05578,21,1014.2,48.2952380952381,32.095238095238095,573.62,27.315238095238094,0.5661904761904762,1,Frequent High-Value Users
CUST_05579,18,887.4,49.3,33.72222222222222,513.97,28.553888888888892,0.5933333333333333,1,Frequent High-Value Users
CUST_05580,17,883.0,51.94117647058823,32.8235294117647,513.49,30.20529411764706,0.5847058823529412,1,Frequent High-Value Users
CUST_05581,21,1001.8,47.7047619047619,34.904761904761905,617.82,29.42,0.61,1,Frequent High-Value Users
CUST_05582,14,614.3,43.878571428571426,38.57142857142857,384.47,27.462142857142858,0.6214285714285716,1,Frequent High-Value Users
CUST_05583,21,911.9,43.423809523809524,39.904761904761905,532.74,25.36857142857143,0.5866666666666667,1,Frequent High-Value Users
CUST_05584,20,890.7,44.535000000000004,38.35,538.9,26.945,0.608,1,Frequent High-Value Users
CUST_05585,20,976.9000000000001,48.845000000000006,35.85,558.44,27.922000000000004,0.5765,1,Frequent High-Value Users
CUST_05586,25,1206.1,48.244,31.32,736.6,29.464000000000002,0.6108,1,Frequent High-Value Users
CUST_05587,17,817.1,48.06470588235294,33.705882352941174,492.8,28.988235294117647,0.6082352941176471,1,Frequent High-Value Users
CUST_05588,7,235.5,33.642857142857146,50.0,138.49,19.784285714285716,0.5871428571428572,0,Occasional Standard Users
CUST_05589,12,672.3,56.025,29.833333333333332,389.26,32.43833333333333,0.5933333333333334,1,Frequent High-Value Users
CUST_05590,20,985.3,49.265,30.7,590.83,29.541500000000003,0.6025,1,Frequent High-Value Users
CUST_05591,25,1249.8,49.992,34.48,745.73,29.8292,0.5943999999999999,1,Frequent High-Value Users
CUST_05592,23,1082.3,47.05652173913043,33.91304347826087,663.04,28.82782608695652,0.6091304347826086,1,Frequent High-Value Users
CUST_05593,16,672.1,42.00625,37.9375,394.56,24.66,0.58875,1,Frequent High-Value Users
CUST_05594,16,786.5,49.15625,37.1875,445.79,27.861875,0.57625,1,Frequent High-Value Users
CUST_05595,21,1008.2,48.00952380952381,35.904761904761905,623.23,29.67761904761905,0.6071428571428571,1,Frequent High-Value Users
CUST_05596,16,773.7,48.35625,33.625,455.49,28.468125,0.594375,1,Frequent High-Value Users
CUST_05597,15,707.8,47.18666666666666,34.46666666666667,390.35,26.023333333333333,0.5493333333333333,1,Frequent High-Value Users
CUST_05598,24,1146.7,47.77916666666667,33.291666666666664,687.13,28.630416666666665,0.5929166666666666,1,Frequent High-Value Users
CUST_05599,18,816.0,45.333333333333336,32.77777777777778,491.77,27.320555555555554,0.5972222222222222,1,Frequent High-Value Users
CUST_05600,19,928.8,48.88421052631579,36.526315789473685,514.27,27.066842105263156,0.5578947368421052,1,Frequent High-Value Users
CUST_05601,22,891.4,40.518181818181816,38.86363636363637,519.21,23.600454545454546,0.5827272727272728,1,Frequent High-Value Users
CUST_05602,21,903.5,43.023809523809526,39.38095238095238,544.12,25.910476190476192,0.5980952380952381,1,Frequent High-Value Users
CUST_05603,18,761.2,42.28888888888889,38.44444444444444,439.25,24.40277777777778,0.5777777777777778,1,Frequent High-Value Users
CUST_05604,15,610.0,40.666666666666664,36.93333333333333,355.62,23.708000000000002,0.5860000000000001,1,Frequent High-Value Users
CUST_05605,16,877.1,54.81875,27.6875,500.24,31.265,0.57375,1,Frequent High-Value Users
CUST_05606,18,912.2,50.67777777777778,33.22222222222222,539.47,29.970555555555556,0.5983333333333333,1,Frequent High-Value Users
CUST_05607,13,496.7,38.207692307692305,39.76923076923077,299.33,23.025384615384613,0.6,1,Frequent High-Value Users
CUST_05608,27,1153.2,42.711111111111116,35.2962962962963,659.66,24.43185185185185,0.5744444444444444,1,Frequent High-Value Users
CUST_05609,16,771.8,48.2375,29.4375,461.78999999999996,28.861874999999998,0.595,1,Frequent High-Value Users
CUST_05610,20,890.1,44.505,38.85,524.7,26.235000000000003,0.5820000000000001,1,Frequent High-Value Users
CUST_05611,20,847.0,42.35,37.95,523.13,26.1565,0.6145,1,Frequent High-Value Users
CUST_05612,23,1274.1,55.39565217391304,29.695652173913043,738.26,32.098260869565216,0.578695652173913,1,Frequent High-Value Users
CUST_05613,14,623.3,44.521428571428565,36.642857142857146,363.90000000000003,25.992857142857144,0.5971428571428571,1,Frequent High-Value Users
CUST_05614,13,622.5,47.88461538461539,36.53846153846154,385.22,29.632307692307695,0.6246153846153846,1,Frequent High-Value Users
CUST_05615,21,911.6999999999999,43.41428571428571,34.57142857142857,534.2,25.43809523809524,0.5852380952380953,1,Frequent High-Value Users
CUST_05616,18,903.3,50.18333333333333,32.833333333333336,526.68,29.259999999999998,0.5844444444444444,1,Frequent High-Value Users
CUST_05617,22,1069.4,48.60909090909092,36.77272727272727,654.67,29.75772727272727,0.6022727272727273,1,Frequent High-Value Users
CUST_05618,21,960.3,45.72857142857143,36.23809523809524,554.97,26.427142857142858,0.5771428571428572,1,Frequent High-Value Users
CUST_05619,14,666.5,47.607142857142854,35.642857142857146,387.15,27.65357142857143,0.5878571428571429,1,Frequent High-Value Users
CUST_05620,16,847.8,52.9875,27.1875,509.85,31.865625,0.611875,1,Frequent High-Value Users
CUST_05621,20,929.7,46.485,34.6,560.02,28.000999999999998,0.6,1,Frequent High-Value Users
CUST_05622,14,552.8,39.48571428571428,38.785714285714285,340.29,24.306428571428572,0.6192857142857143,1,Frequent High-Value Users
CUST_05623,22,1019.1,46.32272727272727,37.86363636363637,582.79,26.490454545454543,0.5640909090909091,1,Frequent High-Value Users
CUST_05624,18,963.7,53.53888888888889,30.0,559.51,31.08388888888889,0.5822222222222222,1,Frequent High-Value Users
CUST_05625,15,745.5,49.7,33.733333333333334,452.78000000000003,30.185333333333336,0.6093333333333334,1,Frequent High-Value Users
CUST_05626,19,876.6,46.136842105263156,36.8421052631579,516.25,27.17105263157895,0.5989473684210526,1,Frequent High-Value Users
CUST_05627,22,1061.5,48.25,32.59090909090909,622.19,28.28136363636364,0.5918181818181818,1,Frequent High-Value Users
CUST_05628,14,835.6,59.68571428571429,26.357142857142858,478.67,34.190714285714286,0.5807142857142857,1,Frequent High-Value Users
CUST_05629,23,1066.4,46.36521739130435,35.73913043478261,624.51,27.152608695652173,0.58,1,Frequent High-Value Users
CUST_05630,15,703.0,46.86666666666667,37.53333333333333,413.78,27.58533333333333,0.5826666666666667,1,Frequent High-Value Users
CUST_05631,19,910.9,47.94210526315789,36.26315789473684,544.99,28.683684210526316,0.5931578947368421,1,Frequent High-Value Users
CUST_05632,18,784.4,43.577777777777776,40.77777777777778,480.88,26.715555555555554,0.6122222222222222,1,Frequent High-Value Users
CUST_05633,21,927.6,44.17142857142857,40.666666666666664,582.14,27.72095238095238,0.6290476190476191,1,Frequent High-Value Users
CUST_05634,21,863.7,41.12857142857143,37.095238095238095,510.78999999999996,24.32333333333333,0.5861904761904763,1,Frequent High-Value Users
CUST_05635,14,660.5,47.17857142857143,31.285714285714285,390.59000000000003,27.899285714285718,0.5878571428571429,1,Frequent High-Value Users
CUST_05636,18,692.2,38.455555555555556,43.5,407.94,22.663333333333334,0.5805555555555555,1,Frequent High-Value Users
CUST_05637,13,515.5,39.65384615384615,40.69230769230769,314.13,24.163846153846155,0.6061538461538462,1,Frequent High-Value Users
CUST_05638,23,1154.4,50.19130434782609,33.26086956521739,692.06,30.089565217391304,0.601304347826087,1,Frequent High-Value Users
CUST_05639,27,1424.8,52.770370370370365,31.37037037037037,823.06,30.4837037037037,0.5811111111111111,1,Frequent High-Value Users
CUST_05640,16,732.2,45.7625,36.8125,425.96999999999997,26.623124999999998,0.57875,1,Frequent High-Value Users
CUST_05641,17,822.2,48.36470588235294,36.23529411764706,486.39,28.611176470588234,0.5888235294117647,1,Frequent High-Value Users
CUST_05642,16,687.5,42.96875,36.75,439.81,27.488125,0.6375,1,Frequent High-Value Users
CUST_05643,20,1049.2,52.46,31.7,624.3,31.214999999999996,0.593,1,Frequent High-Value Users
CUST_05644,33,1629.3,49.372727272727275,34.18181818181818,955.67,28.959696969696967,0.586969696969697,1,Frequent High-Value Users
CUST_05645,17,797.8,46.92941176470588,33.529411764705884,484.17,28.480588235294118,0.6088235294117647,1,Frequent High-Value Users
CUST_05646,14,744.5,53.17857142857143,31.785714285714285,440.05,31.432142857142857,0.5992857142857143,1,Frequent High-Value Users
CUST_05647,20,861.6,43.08,37.7,495.06,24.753,0.572,1,Frequent High-Value Users
CUST_05648,17,769.1,45.241176470588236,40.11764705882353,459.03000000000003,27.001764705882355,0.5976470588235294,1,Frequent High-Value Users
CUST_05649,19,849.9,44.73157894736842,35.1578947368421,501.83,26.412105263157894,0.5852631578947368,1,Frequent High-Value Users
CUST_05650,14,669.5,47.82142857142857,34.42857142857143,390.78,27.912857142857142,0.585,1,Frequent High-Value Users
CUST_05651,23,1100.8,47.86086956521739,35.869565217391305,657.48,28.58608695652174,0.5952173913043478,1,Frequent High-Value Users
CUST_05652,25,1091.2,43.648,37.96,652.54,26.101599999999998,0.5968,1,Frequent High-Value Users
CUST_05653,13,573.1,44.08461538461539,34.23076923076923,353.92,27.224615384615387,0.6192307692307693,1,Frequent High-Value Users
CUST_05654,23,1009.4,43.88695652173913,39.43478260869565,581.41,25.278695652173912,0.5739130434782609,1,Frequent High-Value Users
CUST_05655,18,877.6,48.75555555555556,35.111111111111114,511.84000000000003,28.435555555555556,0.5905555555555556,1,Frequent High-Value Users
CUST_05656,21,1123.1,53.480952380952374,31.238095238095237,648.81,30.895714285714284,0.5795238095238096,1,Frequent High-Value Users
CUST_05657,18,915.4,50.855555555555554,31.5,548.5699999999999,30.47611111111111,0.6044444444444445,1,Frequent High-Value Users
CUST_05658,11,554.6,50.41818181818182,33.27272727272727,333.47,30.315454545454546,0.6009090909090908,1,Frequent High-Value Users
CUST_05659,8,455.79999999999995,56.974999999999994,26.0,260.28000000000003,32.535000000000004,0.565,1,Frequent High-Value Users
CUST_05660,18,891.4,49.52222222222222,34.333333333333336,545.83,30.32388888888889,0.6233333333333334,1,Frequent High-Value Users
CUST_05661,10,450.1,45.010000000000005,37.4,253.88,25.387999999999998,0.576,1,Frequent High-Value Users
CUST_05662,13,615.5,47.34615384615385,37.76923076923077,359.33000000000004,27.640769230769234,0.5807692307692307,1,Frequent High-Value Users
CUST_05663,16,696.7,43.54375,38.25,419.46,26.21625,0.604375,1,Frequent High-Value Users
CUST_05664,25,1291.6,51.663999999999994,33.88,807.22,32.2888,0.6212000000000001,1,Frequent High-Value Users
CUST_05665,20,869.7,43.485,36.5,519.03,25.9515,0.599,1,Frequent High-Value Users
CUST_05666,24,1177.4,49.05833333333334,32.416666666666664,717.66,29.9025,0.6045833333333334,1,Frequent High-Value Users
CUST_05667,21,1094.4,52.11428571428572,32.61904761904762,656.05,31.240476190476187,0.5961904761904762,1,Frequent High-Value Users
CUST_05668,23,985.0,42.82608695652174,38.73913043478261,595.43,25.888260869565215,0.5986956521739131,1,Frequent High-Value Users
CUST_05669,13,519.6,39.96923076923077,43.15384615384615,304.37,23.413076923076922,0.5892307692307692,1,Frequent High-Value Users
CUST_05670,17,723.1,42.53529411764706,33.88235294117647,411.78999999999996,24.222941176470584,0.5682352941176471,1,Frequent High-Value Users
CUST_05671,13,597.1,45.93076923076923,36.69230769230769,374.26,28.78923076923077,0.6315384615384616,1,Frequent High-Value Users
CUST_05672,20,912.7,45.635000000000005,35.25,533.97,26.698500000000003,0.5810000000000001,1,Frequent High-Value Users
CUST_05673,21,1117.8,53.22857142857143,28.904761904761905,692.73,32.98714285714286,0.6152380952380953,1,Frequent High-Value Users
CUST_05674,13,575.0,44.23076923076923,36.15384615384615,335.43,25.802307692307693,0.5861538461538461,1,Frequent High-Value Users
CUST_05675,15,777.7,51.84666666666667,34.53333333333333,473.52,31.567999999999998,0.6066666666666667,1,Frequent High-Value Users
CUST_05676,16,944.5,59.03125,29.5625,547.49,34.218125,0.58,1,Frequent High-Value Users
CUST_05677,19,820.8,43.199999999999996,38.26315789473684,482.35,25.38684210526316,0.5831578947368421,1,Frequent High-Value Users
CUST_05678,18,919.8,51.099999999999994,32.166666666666664,559.34,31.074444444444445,0.605,1,Frequent High-Value Users
CUST_05679,14,531.4,37.957142857142856,43.57142857142857,315.37,22.52642857142857,0.5964285714285714,1,Frequent High-Value Users
CUST_05680,23,996.5,43.32608695652174,33.69565217391305,589.46,25.628695652173914,0.5891304347826087,1,Frequent High-Value Users
CUST_05681,25,1180.7,47.228,35.68,709.94,28.3976,0.5996,1,Frequent High-Value Users
CUST_05682,19,708.6,37.294736842105266,40.21052631578947,424.83,22.359473684210524,0.6026315789473684,1,Frequent High-Value Users
CUST_05683,18,797.4,44.3,36.94444444444444,446.46999999999997,24.80388888888889,0.5583333333333333,1,Frequent High-Value Users
CUST_05684,13,610.0,46.92307692307692,33.61538461538461,344.26,26.48153846153846,0.5653846153846154,1,Frequent High-Value Users
CUST_05685,17,991.4,58.317647058823525,27.764705882352942,590.94,34.76117647058824,0.5929411764705882,1,Frequent High-Value Users
CUST_05686,16,743.5,46.46875,36.0625,448.71000000000004,28.044375000000002,0.611875,1,Frequent High-Value Users
CUST_05687,19,825.3,43.43684210526315,36.0,490.67,25.824736842105263,0.5889473684210526,1,Frequent High-Value Users
CUST_05688,17,759.7,44.688235294117646,33.88235294117647,465.69,27.393529411764707,0.6164705882352941,1,Frequent High-Value Users
CUST_05689,22,1105.8,50.26363636363636,33.45454545454545,663.54,30.16090909090909,0.5959090909090908,1,Frequent High-Value Users
CUST_05690,20,927.5,46.375,34.35,562.21,28.110500000000002,0.6,1,Frequent High-Value Users
CUST_05691,19,855.5,45.026315789473685,37.31578947368421,528.2,27.8,0.6136842105263158,1,Frequent High-Value Users
CUST_05692,14,697.9,49.85,31.0,444.0,31.714285714285715,0.6271428571428571,1,Frequent High-Value Users
CUST_05693,20,977.1,48.855000000000004,34.15,568.25,28.4125,0.5855,1,Frequent High-Value Users
CUST_05694,19,923.1,48.58421052631579,36.1578947368421,553.87,29.15105263157895,0.5957894736842105,1,Frequent High-Value Users
CUST_05695,18,972.7,54.03888888888889,31.72222222222222,594.92,33.05111111111111,0.616111111111111,1,Frequent High-Value Users
CUST_05696,21,951.7,45.31904761904762,38.666666666666664,535.3100000000001,25.490952380952383,0.5676190476190476,1,Frequent High-Value Users
CUST_05697,13,680.0,52.30769230769231,31.076923076923077,398.98,30.69076923076923,0.5915384615384616,1,Frequent High-Value Users
CUST_05698,20,907.5,45.375,33.9,534.37,26.7185,0.5885,1,Frequent High-Value Users
CUST_05699,12,529.2,44.1,37.5,318.16,26.513333333333335,0.5958333333333333,1,Frequent High-Value Users
CUST_05700,24,1145.6,47.73333333333333,33.708333333333336,662.08,27.58666666666667,0.5795833333333333,1,Frequent High-Value Users
CUST_05701,20,970.4,48.519999999999996,38.7,566.95,28.347500000000004,0.5820000000000001,1,Frequent High-Value Users
CUST_05702,20,962.9,48.144999999999996,34.05,557.98,27.899,0.58,1,Frequent High-Value Users
CUST_05703,12,619.7,51.64166666666667,35.083333333333336,354.96,29.58,0.5766666666666667,1,Frequent High-Value Users
CUST_05704,22,922.3,41.92272727272727,38.40909090909091,559.18,25.417272727272724,0.6031818181818182,1,Frequent High-Value Users
CUST_05705,21,1057.0,50.333333333333336,33.0,612.22,29.153333333333336,0.5885714285714285,1,Frequent High-Value Users
CUST_05706,26,1333.2,51.276923076923076,32.96153846153846,769.6,29.6,0.5757692307692308,1,Frequent High-Value Users
CUST_05707,16,710.3,44.39375,37.25,438.38,27.39875,0.625625,1,Frequent High-Value Users
CUST_05708,17,884.3,52.01764705882353,33.23529411764706,529.19,31.12882352941177,0.5911764705882353,1,Frequent High-Value Users
CUST_05709,19,943.6,49.66315789473684,34.578947368421055,549.17,28.903684210526315,0.5789473684210527,1,Frequent High-Value Users
CUST_05710,16,801.8,50.1125,31.375,474.21,29.638125,0.586875,1,Frequent High-Value Users
CUST_05711,20,887.2,44.36,38.1,530.62,26.531,0.592,1,Frequent High-Value Users
CUST_05712,15,666.2,44.413333333333334,34.733333333333334,399.23,26.615333333333336,0.5873333333333334,1,Frequent High-Value Users
CUST_05713,20,1021.3,51.065,32.25,587.27,29.3635,0.5765,1,Frequent High-Value Users
CUST_05714,14,597.6,42.68571428571429,38.285714285714285,381.52,27.25142857142857,0.63,1,Frequent High-Value Users
CUST_05715,19,862.8,45.41052631578947,34.1578947368421,527.7,27.77368421052632,0.6157894736842104,1,Frequent High-Value Users
CUST_05716,15,663.4,44.22666666666667,39.93333333333333,384.33,25.622,0.5806666666666668,1,Frequent High-Value Users
CUST_05717,15,745.6,49.70666666666667,33.666666666666664,423.68,28.245333333333335,0.574,1,Frequent High-Value Users
CUST_05718,17,825.6,48.56470588235294,38.11764705882353,487.75,28.691176470588236,0.5947058823529412,1,Frequent High-Value Users
CUST_05719,19,935.3,49.22631578947368,35.73684210526316,569.84,29.991578947368424,0.6126315789473684,1,Frequent High-Value Users
CUST_05720,15,764.8,50.986666666666665,27.933333333333334,444.37,29.624666666666666,0.584,1,Frequent High-Value Users
CUST_05721,17,703.8,41.4,39.470588235294116,418.63,24.62529411764706,0.6,1,Frequent High-Value Users
CUST_05722,29,1363.1000000000001,47.00344827586208,33.37931034482759,803.7,27.71379310344828,0.5896551724137932,1,Frequent High-Value Users
CUST_05723,18,868.3,48.23888888888889,32.77777777777778,505.52,28.084444444444443,0.5811111111111111,1,Frequent High-Value Users
CUST_05724,23,911.3,39.62173913043478,40.52173913043478,568.34,24.710434782608697,0.6247826086956522,1,Frequent High-Value Users
CUST_05725,15,702.9,46.86,35.06666666666667,401.19,26.746,0.568,1,Frequent High-Value Users
CUST_05726,11,554.1,50.372727272727275,31.545454545454547,336.0,30.545454545454547,0.6072727272727273,1,Frequent High-Value Users
CUST_05727,14,680.1,48.57857142857143,29.142857142857142,401.78,28.698571428571427,0.5892857142857143,1,Frequent High-Value Users
CUST_05728,18,854.1,47.45,34.77777777777778,473.73,26.318333333333335,0.56,1,Frequent High-Value Users
CUST_05729,20,833.5,41.675,38.55,500.40999999999997,25.0205,0.601,1,Frequent High-Value Users
CUST_05730,18,885.7,49.205555555555556,33.22222222222222,532.44,29.580000000000002,0.6061111111111112,1,Frequent High-Value Users
CUST_05731,18,748.9,41.605555555555554,41.55555555555556,433.46,24.08111111111111,0.5822222222222222,1,Frequent High-Value Users
CUST_05732,18,835.5,46.416666666666664,37.27777777777778,497.8,27.655555555555555,0.5894444444444444,1,Frequent High-Value Users
CUST_05733,26,1183.2,45.50769230769231,33.92307692307692,689.84,26.532307692307693,0.5842307692307692,1,Frequent High-Value Users
CUST_05734,25,1195.0,47.8,34.24,698.75,27.95,0.586,1,Frequent High-Value Users
CUST_05735,29,1253.8,43.234482758620686,37.55172413793103,742.15,25.591379310344827,0.5920689655172414,1,Frequent High-Value Users
CUST_05736,20,876.5,43.825,33.05,519.34,25.967000000000002,0.591,1,Frequent High-Value Users
CUST_05737,13,613.8000000000001,47.21538461538462,33.0,361.49,27.806923076923077,0.5884615384615385,1,Frequent High-Value Users
CUST_05738,20,923.8,46.19,37.75,548.96,27.448,0.5905,1,Frequent High-Value Users
CUST_05739,22,1041.9,47.35909090909092,33.40909090909091,640.21,29.100454545454546,0.61,1,Frequent High-Value Users
CUST_05740,20,951.5,47.575,33.45,571.92,28.595999999999997,0.596,1,Frequent High-Value Users
CUST_05741,20,886.6999999999999,44.334999999999994,36.0,532.23,26.6115,0.6005,1,Frequent High-Value Users
CUST_05742,16,764.0,47.75,34.125,444.23,27.764375,0.58125,1,Frequent High-Value Users
CUST_05743,17,808.5,47.55882352941177,35.588235294117645,488.14,28.714117647058824,0.6023529411764706,1,Frequent High-Value Users
CUST_05744,20,953.5,47.675,32.7,549.82,27.491000000000003,0.5810000000000001,1,Frequent High-Value Users
CUST_05745,21,1010.1,48.1,33.61904761904762,612.93,29.187142857142856,0.6028571428571429,1,Frequent High-Value Users
CUST_05746,16,676.4,42.275,36.4375,412.14,25.75875,0.6025,1,Frequent High-Value Users
CUST_05747,22,1090.9,49.58636363636364,34.77272727272727,655.56,29.798181818181817,0.6090909090909091,1,Frequent High-Value Users
CUST_05748,17,733.4,43.141176470588235,36.470588235294116,428.34,25.196470588235293,0.5888235294117647,1,Frequent High-Value Users
CUST_05749,25,1221.2,48.848,31.8,740.44,29.617600000000003,0.5996,1,Frequent High-Value Users
CUST_05750,12,496.5,41.375,42.25,309.16999999999996,25.764166666666664,0.6166666666666667,1,Frequent High-Value Users
CUST_05751,23,993.7,43.20434782608696,39.30434782608695,589.25,25.619565217391305,0.5969565217391305,1,Frequent High-Value Users
CUST_05752,15,873.1,58.20666666666667,27.666666666666668,544.93,36.32866666666666,0.624,1,Frequent High-Value Users
CUST_05753,20,881.6,44.08,36.6,511.67,25.5835,0.5820000000000001,1,Frequent High-Value Users
CUST_05754,24,1112.9,46.37083333333334,33.708333333333336,645.83,26.909583333333334,0.5891666666666667,1,Frequent High-Value Users
CUST_05755,12,542.2,45.18333333333334,39.583333333333336,306.88,25.573333333333334,0.5666666666666667,1,Frequent High-Value Users
CUST_05756,26,1181.6,45.44615384615384,34.96153846153846,718.51,27.634999999999998,0.6065384615384615,1,Frequent High-Value Users
CUST_05757,21,965.8,45.99047619047619,34.61904761904762,567.05,27.00238095238095,0.5833333333333334,1,Frequent High-Value Users
CUST_05758,25,1177.2,47.088,34.2,697.11,27.8844,0.5912,1,Frequent High-Value Users
CUST_05759,17,701.1,41.241176470588236,38.94117647058823,386.78,22.75176470588235,0.5552941176470588,1,Frequent High-Value Users
CUST_05760,17,899.6,52.91764705882353,33.76470588235294,526.33,30.96058823529412,0.5805882352941177,1,Frequent High-Value Users
CUST_05761,29,1407.3,48.52758620689655,35.275862068965516,891.12,30.728275862068966,0.6310344827586207,1,Frequent High-Value Users
CUST_05762,20,859.6,42.980000000000004,35.75,519.96,25.998,0.603,1,Frequent High-Value Users
CUST_05763,19,867.6,45.66315789473684,35.94736842105263,522.69,27.51,0.6,1,Frequent High-Value Users
CUST_05764,15,598.4,39.89333333333333,43.13333333333333,350.32,23.354666666666667,0.5920000000000001,1,Frequent High-Value Users
CUST_05765,18,762.5,42.361111111111114,39.77777777777778,439.34999999999997,24.40833333333333,0.5822222222222222,1,Frequent High-Value Users
CUST_05766,12,605.2,50.43333333333334,30.75,352.37,29.364166666666666,0.5875,1,Frequent High-Value Users
CUST_05767,20,884.4,44.22,36.9,535.24,26.762,0.6045,1,Frequent High-Value Users
CUST_05768,13,637.4,49.03076923076923,31.53846153846154,358.99,27.614615384615384,0.5684615384615385,1,Frequent High-Value Users
CUST_05769,17,901.7,53.04117647058824,32.470588235294116,535.36,31.491764705882353,0.591764705882353,1,Frequent High-Value Users
CUST_05770,19,1020.8000000000001,53.72631578947369,30.42105263157895,610.52,32.13263157894737,0.598421052631579,1,Frequent High-Value Users
CUST_05771,23,1036.5,45.06521739130435,38.869565217391305,605.69,26.334347826086958,0.5830434782608696,1,Frequent High-Value Users
CUST_05772,18,877.2,48.733333333333334,36.22222222222222,518.4399999999999,28.80222222222222,0.5972222222222222,1,Frequent High-Value Users
CUST_05773,12,597.2,49.76666666666667,31.583333333333332,348.79,29.065833333333334,0.5825,1,Frequent High-Value Users
CUST_05774,20,949.7,47.485,31.85,568.41,28.420499999999997,0.6,1,Frequent High-Value Users
CUST_05775,22,1092.4,49.654545454545456,31.636363636363637,658.65,29.938636363636363,0.6086363636363636,1,Frequent High-Value Users
CUST_05776,18,721.0,40.05555555555556,41.72222222222222,429.28,23.848888888888887,0.5966666666666667,1,Frequent High-Value Users
CUST_05777,14,738.8,52.771428571428565,28.857142857142858,415.66,29.69,0.5700000000000001,1,Frequent High-Value Users
CUST_05778,13,603.6,46.43076923076923,35.07692307692308,347.28,26.713846153846152,0.5776923076923077,1,Frequent High-Value Users
CUST_05779,23,1150.2,50.00869565217391,32.08695652173913,653.85,28.428260869565218,0.5730434782608695,1,Frequent High-Value Users
CUST_05780,24,1138.2,47.425000000000004,34.5,698.96,29.123333333333335,0.6091666666666667,1,Frequent High-Value Users
CUST_05781,17,777.0,45.705882352941174,35.411764705882355,470.4,27.670588235294115,0.601764705882353,1,Frequent High-Value Users
CUST_05782,17,798.2,46.95294117647059,32.1764705882353,463.90999999999997,27.28882352941176,0.581764705882353,1,Frequent High-Value Users
CUST_05783,14,731.1,52.221428571428575,31.357142857142858,436.44,31.174285714285713,0.6035714285714285,1,Frequent High-Value Users
CUST_05784,26,1327.3,51.05,31.692307692307693,779.48,29.98,0.5869230769230769,1,Frequent High-Value Users
CUST_05785,16,787.8000000000001,49.237500000000004,31.5,469.09,29.318125,0.59875,1,Frequent High-Value Users
CUST_05786,17,782.6,46.03529411764706,35.411764705882355,470.12,27.654117647058825,0.5900000000000001,1,Frequent High-Value Users
CUST_05787,22,957.5,43.52272727272727,36.0,584.74,26.579090909090908,0.6118181818181818,1,Frequent High-Value Users
CUST_05788,16,678.1,42.38125,40.3125,412.55,25.784375,0.59375,1,Frequent High-Value Users
CUST_05789,21,1032.1,49.147619047619045,36.57142857142857,642.44,30.592380952380957,0.6214285714285714,1,Frequent High-Value Users
CUST_05790,16,780.4,48.775,32.125,480.01,30.000625,0.6068749999999999,1,Frequent High-Value Users
CUST_05791,15,680.0,45.333333333333336,38.0,418.78,27.918666666666663,0.6113333333333333,1,Frequent High-Value Users
CUST_05792,17,781.7,45.98235294117647,33.76470588235294,492.07,28.94529411764706,0.63,1,Frequent High-Value Users
CUST_05793,18,766.0,42.55555555555556,37.94444444444444,455.98,25.332222222222224,0.5927777777777777,1,Frequent High-Value Users
CUST_05794,18,807.8,44.87777777777777,35.0,466.32,25.906666666666666,0.5805555555555555,1,Frequent High-Value Users
CUST_05795,13,578.5,44.5,34.84615384615385,333.23,25.633076923076924,0.5753846153846154,1,Frequent High-Value Users
CUST_05796,18,830.6,46.144444444444446,36.333333333333336,507.84999999999997,28.21388888888889,0.6122222222222222,1,Frequent High-Value Users
CUST_05797,26,1174.9,45.18846153846154,33.38461538461539,701.17,26.96807692307692,0.5938461538461538,1,Frequent High-Value Users
CUST_05798,24,1119.3,46.637499999999996,33.583333333333336,652.89,27.20375,0.5845833333333333,1,Frequent High-Value Users
CUST_05799,26,1193.0,45.88461538461539,36.53846153846154,690.76,26.567692307692308,0.5892307692307692,1,Frequent High-Value Users
CUST_05800,27,1311.4,48.57037037037038,33.44444444444444,798.8199999999999,29.585925925925924,0.6155555555555556,1,Frequent High-Value Users
CUST_05801,21,916.0,43.61904761904762,34.38095238095238,557.4,26.54285714285714,0.6123809523809524,1,Frequent High-Value Users
CUST_05802,17,779.3,45.84117647058823,34.470588235294116,474.33,27.901764705882353,0.5982352941176471,1,Frequent High-Value Users
CUST_05803,18,850.7,47.26111111111111,35.94444444444444,504.15,28.008333333333333,0.5905555555555556,1,Frequent High-Value Users
CUST_05804,19,914.8,48.147368421052626,35.05263157894737,564.5799999999999,29.71473684210526,0.6078947368421053,1,Frequent High-Value Users
CUST_05805,14,739.6,52.82857142857143,30.357142857142858,439.84,31.417142857142856,0.5971428571428571,1,Frequent High-Value Users
CUST_05806,27,1155.5,42.7962962962963,40.666666666666664,679.63,25.171481481481482,0.5914814814814815,1,Frequent High-Value Users
CUST_05807,25,1238.4,49.536,34.56,744.22,29.768800000000002,0.5976,1,Frequent High-Value Users
CUST_05808,13,532.5,40.96153846153846,39.23076923076923,324.54,24.964615384615385,0.6046153846153847,1,Frequent High-Value Users
CUST_05809,22,996.8,45.309090909090905,34.59090909090909,566.59,25.75409090909091,0.5722727272727273,1,Frequent High-Value Users
CUST_05810,21,1109.1,52.81428571428571,34.19047619047619,663.38,31.589523809523808,0.5957142857142858,1,Frequent High-Value Users
CUST_05811,22,1034.7,47.03181818181818,34.54545454545455,629.02,28.59181818181818,0.6036363636363636,1,Frequent High-Value Users
CUST_05812,18,795.0,44.166666666666664,34.5,469.83,26.101666666666667,0.5888888888888889,1,Frequent High-Value Users
CUST_05813,24,1115.2,46.46666666666667,37.916666666666664,677.8100000000001,28.242083333333337,0.6058333333333333,1,Frequent High-Value Users
CUST_05814,31,1680.1,54.196774193548386,32.54838709677419,975.38,31.463870967741936,0.5793548387096774,1,Frequent High-Value Users
CUST_05815,14,681.9,48.707142857142856,37.642857142857146,385.48,27.534285714285716,0.5864285714285714,1,Frequent High-Value Users
CUST_05816,19,790.4,41.6,38.73684210526316,450.03999999999996,23.68631578947368,0.5710526315789474,1,Frequent High-Value Users
CUST_05817,15,717.2,47.81333333333334,29.933333333333334,407.06,27.137333333333334,0.5640000000000001,1,Frequent High-Value Users
CUST_05818,22,1086.5,49.38636363636363,29.545454545454547,646.61,29.391363636363636,0.5936363636363636,1,Frequent High-Value Users
CUST_05819,19,784.3,41.27894736842105,42.0,489.63,25.77,0.6210526315789474,1,Frequent High-Value Users
CUST_05820,10,399.9,39.989999999999995,44.6,232.23,23.223,0.589,1,Frequent High-Value Users
CUST_05821,15,566.9,37.79333333333333,42.666666666666664,342.16,22.81066666666667,0.6080000000000001,1,Frequent High-Value Users
CUST_05822,17,788.1,46.358823529411765,34.8235294117647,455.5,26.794117647058822,0.5835294117647059,1,Frequent High-Value Users
CUST_05823,21,858.0,40.857142857142854,39.857142857142854,504.79,24.03761904761905,0.5876190476190476,1,Frequent High-Value Users
CUST_05824,27,1226.8,45.43703703703704,33.81481481481482,715.12,26.485925925925926,0.5840740740740741,1,Frequent High-Value Users
CUST_05825,24,1059.6,44.15,39.583333333333336,650.29,27.095416666666665,0.6195833333333333,1,Frequent High-Value Users
CUST_05826,17,720.5,42.38235294117647,37.94117647058823,424.63,24.978235294117646,0.59,1,Frequent High-Value Users
CUST_05827,13,609.4,46.87692307692308,36.30769230769231,350.19,26.93769230769231,0.5723076923076923,1,Frequent High-Value Users
CUST_05828,20,859.6,42.980000000000004,36.95,523.12,26.156,0.614,1,Frequent High-Value Users
CUST_05829,20,1165.0,58.25,31.85,691.4,34.57,0.5915,1,Frequent High-Value Users
CUST_05830,18,994.2,55.233333333333334,29.88888888888889,596.36,33.13111111111111,0.5966666666666667,1,Frequent High-Value Users
CUST_05831,20,1159.0,57.95,26.75,698.18,34.909,0.5974999999999999,1,Frequent High-Value Users
CUST_05832,22,1105.3,50.24090909090909,29.454545454545453,663.71,30.168636363636367,0.5936363636363636,1,Frequent High-Value Users
CUST_05833,19,815.4,42.91578947368421,36.73684210526316,481.76,25.35578947368421,0.5915789473684211,1,Frequent High-Value Users
CUST_05834,21,942.3,44.87142857142857,38.04761904761905,534.34,25.444761904761908,0.5752380952380952,1,Frequent High-Value Users
CUST_05835,13,667.0,51.30769230769231,28.692307692307693,382.19,29.39923076923077,0.566923076923077,1,Frequent High-Value Users
CUST_05836,29,1385.9,47.789655172413795,36.310344827586206,794.14,27.38413793103448,0.5755172413793104,1,Frequent High-Value Users
CUST_05837,13,592.4,45.56923076923077,34.15384615384615,352.75,27.134615384615383,0.5969230769230769,1,Frequent High-Value Users
CUST_05838,18,724.3,40.23888888888889,40.333333333333336,419.23,23.290555555555557,0.5811111111111111,1,Frequent High-Value Users
CUST_05839,23,1139.5,49.54347826086956,32.17391304347826,682.75,29.684782608695652,0.5991304347826086,1,Frequent High-Value Users
CUST_05840,14,680.3,48.59285714285714,32.857142857142854,384.93,27.495,0.5750000000000001,1,Frequent High-Value Users
CUST_05841,22,1032.2,46.91818181818182,39.59090909090909,621.19,28.235909090909093,0.6036363636363636,1,Frequent High-Value Users
CUST_05842,15,687.2,45.81333333333334,35.666666666666664,392.98,26.198666666666668,0.5873333333333334,1,Frequent High-Value Users
CUST_05843,15,701.8,46.78666666666666,37.6,401.33,26.755333333333333,0.584,1,Frequent High-Value Users
CUST_05844,21,1038.6,49.457142857142856,32.61904761904762,612.87,29.184285714285714,0.5876190476190476,1,Frequent High-Value Users
CUST_05845,14,594.3,42.449999999999996,38.642857142857146,353.3,25.235714285714288,0.595,1,Frequent High-Value Users
CUST_05846,16,689.7,43.10625,36.5,392.97,24.560625,0.58125,1,Frequent High-Value Users
CUST_05847,11,550.1,50.00909090909091,32.90909090909091,310.52,28.229090909090907,0.5627272727272727,1,Frequent High-Value Users
CUST_05848,19,958.8,50.46315789473684,32.578947368421055,576.26,30.329473684210527,0.5989473684210527,1,Frequent High-Value Users
CUST_05849,13,587.6,45.2,34.53846153846154,333.9,25.684615384615384,0.5638461538461539,1,Frequent High-Value Users
CUST_05850,17,750.2,44.129411764705885,36.294117647058826,427.29,25.134705882352943,0.571764705882353,1,Frequent High-Value Users
CUST_05851,29,1432.7,49.40344827586207,32.206896551724135,857.6,29.57241379310345,0.6013793103448276,1,Frequent High-Value Users
CUST_05852,26,1202.3,46.24230769230769,36.07692307692308,705.95,27.15192307692308,0.5896153846153847,1,Frequent High-Value Users
CUST_05853,11,569.1,51.73636363636364,30.0,350.32,31.847272727272728,0.6109090909090908,1,Frequent High-Value Users
CUST_05854,20,880.3,44.015,36.9,517.09,25.8545,0.591,1,Frequent High-Value Users
CUST_05855,16,762.2,47.6375,32.375,448.59000000000003,28.036875000000002,0.58625,1,Frequent High-Value Users
CUST_05856,22,972.8,44.21818181818182,37.40909090909091,590.54,26.84272727272727,0.6095454545454545,1,Frequent High-Value Users
CUST_05857,21,953.7,45.41428571428572,39.61904761904762,558.21,26.581428571428575,0.5776190476190476,1,Frequent High-Value Users
CUST_05858,23,1367.4,59.45217391304348,28.217391304347824,777.51,33.80478260869565,0.577391304347826,1,Frequent High-Value Users
CUST_05859,19,924.8,48.67368421052631,34.21052631578947,549.43,28.91736842105263,0.5926315789473684,1,Frequent High-Value Users
CUST_05860,19,986.8,51.93684210526315,32.473684210526315,586.95,30.892105263157898,0.5863157894736842,1,Frequent High-Value Users
CUST_05861,10,437.7,43.769999999999996,36.9,241.18,24.118000000000002,0.5429999999999999,1,Frequent High-Value Users
CUST_05862,13,589.6,45.353846153846156,39.76923076923077,358.79,27.599230769230772,0.6076923076923078,1,Frequent High-Value Users
CUST_05863,19,938.0,49.36842105263158,31.894736842105264,545.89,28.731052631578947,0.5857894736842105,1,Frequent High-Value Users
CUST_05864,23,1062.7,46.20434782608696,35.34782608695652,630.95,27.432608695652174,0.5869565217391305,1,Frequent High-Value Users
CUST_05865,16,854.3,53.39375,25.75,494.42,30.90125,0.575,1,Frequent High-Value Users
CUST_05866,17,738.0,43.411764705882355,35.529411764705884,452.82,26.636470588235294,0.6141176470588235,1,Frequent High-Value Users
CUST_05867,22,1205.4,54.790909090909096,28.545454545454547,689.48,31.34,0.5768181818181818,1,Frequent High-Value Users
CUST_05868,23,1056.4,45.9304347826087,32.73913043478261,625.69,27.203913043478263,0.5921739130434783,1,Frequent High-Value Users
CUST_05869,20,1057.9,52.895,28.9,629.34,31.467000000000002,0.5895,1,Frequent High-Value Users
CUST_05870,15,661.9,44.126666666666665,37.06666666666667,384.9,25.66,0.578,1,Frequent High-Value Users
CUST_05871,14,707.1,50.50714285714286,34.642857142857146,425.0,30.357142857142858,0.5935714285714286,1,Frequent High-Value Users
CUST_05872,15,795.9,53.059999999999995,32.13333333333333,463.64,30.909333333333333,0.5853333333333333,1,Frequent High-Value Users
CUST_05873,9,455.9,50.65555555555555,36.888888888888886,275.79999999999995,30.64444444444444,0.6022222222222222,1,Frequent High-Value Users
CUST_05874,13,594.7,45.74615384615385,37.76923076923077,353.79,27.214615384615385,0.5992307692307692,1,Frequent High-Value Users
CUST_05875,11,479.6,43.6,35.54545454545455,285.78999999999996,25.980909090909087,0.5963636363636363,1,Frequent High-Value Users
CUST_05876,20,986.7,49.335,35.35,572.05,28.6025,0.577,1,Frequent High-Value Users
CUST_05877,18,865.8,48.099999999999994,32.72222222222222,509.87,28.32611111111111,0.5911111111111111,1,Frequent High-Value Users
CUST_05878,22,1003.1,45.595454545454544,36.68181818181818,607.2,27.6,0.6013636363636364,1,Frequent High-Value Users
CUST_05879,12,610.6,50.88333333333333,30.916666666666668,373.74,31.145,0.61,1,Frequent High-Value Users
CUST_05880,17,780.1,45.88823529411765,34.588235294117645,455.45,26.791176470588233,0.5882352941176471,1,Frequent High-Value Users
CUST_05881,17,758.0,44.588235294117645,33.05882352941177,449.52,26.44235294117647,0.5958823529411764,1,Frequent High-Value Users
CUST_05882,22,981.4,44.60909090909091,34.68181818181818,606.94,27.58818181818182,0.6145454545454545,1,Frequent High-Value Users
CUST_05883,22,1201.0,54.59090909090909,28.136363636363637,686.96,31.225454545454546,0.5686363636363636,1,Frequent High-Value Users
CUST_05884,22,925.0,42.04545454545455,38.18181818181818,556.23,25.28318181818182,0.604090909090909,1,Frequent High-Value Users
CUST_05885,23,1014.1,44.09130434782609,34.34782608695652,613.22,26.661739130434785,0.6043478260869566,1,Frequent High-Value Users
CUST_05886,21,921.0,43.857142857142854,37.095238095238095,551.3100000000001,26.252857142857145,0.6004761904761905,1,Frequent High-Value Users
CUST_05887,17,697.0,41.0,38.76470588235294,418.69,24.628823529411765,0.6047058823529411,1,Frequent High-Value Users
CUST_05888,18,799.5,44.416666666666664,35.72222222222222,468.33,26.01833333333333,0.5866666666666667,1,Frequent High-Value Users
CUST_05889,17,955.9,56.22941176470588,30.294117647058822,547.4,32.199999999999996,0.57,1,Frequent High-Value Users
CUST_05890,17,626.8,36.870588235294115,44.294117647058826,357.68,21.04,0.5735294117647058,1,Frequent High-Value Users
CUST_05891,12,633.8,52.81666666666666,33.833333333333336,355.35,29.6125,0.5691666666666667,1,Frequent High-Value Users
CUST_05892,18,784.7,43.59444444444445,36.5,457.24,25.40222222222222,0.5777777777777778,1,Frequent High-Value Users
CUST_05893,23,1102.2,47.92173913043479,36.91304347826087,647.27,28.14217391304348,0.5891304347826087,1,Frequent High-Value Users
CUST_05894,16,703.6,43.975,40.4375,424.33,26.520625,0.59875,1,Frequent High-Value Users
CUST_05895,16,817.0,51.0625,33.3125,471.35,29.459375,0.5775,1,Frequent High-Value Users
CUST_05896,14,692.2,49.44285714285714,32.5,414.83,29.630714285714284,0.5964285714285714,1,Frequent High-Value Users
CUST_05897,15,636.0,42.4,38.2,375.65,25.043333333333333,0.5933333333333334,1,Frequent High-Value Users
CUST_05898,18,881.4,48.96666666666667,32.611111111111114,528.58,29.36555555555556,0.6088888888888889,1,Frequent High-Value Users
CUST_05899,17,661.8,38.92941176470588,41.8235294117647,389.79,22.928823529411765,0.5888235294117647,1,Frequent High-Value Users
CUST_05900,16,774.4,48.4,33.0,462.13,28.883125,0.5962500000000001,1,Frequent High-Value Users
CUST_05901,24,1052.8,43.86666666666667,37.666666666666664,613.76,25.573333333333334,0.58875,1,Frequent High-Value Users
CUST_05902,18,744.5,41.361111111111114,39.44444444444444,414.15,23.008333333333333,0.5627777777777778,1,Frequent High-Value Users
CUST_05903,25,1189.7,47.588,32.48,689.13,27.5652,0.5836,1,Frequent High-Value Users
CUST_05904,20,927.9,46.394999999999996,36.85,559.94,27.997000000000003,0.601,1,Frequent High-Value Users
CUST_05905,11,471.7,42.88181818181818,33.63636363636363,278.09000000000003,25.280909090909095,0.5890909090909091,1,Frequent High-Value Users
CUST_05906,22,841.6,38.25454545454546,43.36363636363637,502.73,22.851363636363637,0.595,1,Frequent High-Value Users
CUST_05907,25,1134.0,45.36,35.84,681.15,27.246,0.6024,1,Frequent High-Value Users
CUST_05908,16,822.1,51.38125,33.125,503.51,31.469375,0.610625,1,Frequent High-Value Users
CUST_05909,20,1014.4,50.72,30.45,575.1899999999999,28.759499999999996,0.5765,1,Frequent High-Value Users
CUST_05910,16,752.6,47.0375,30.6875,460.05,28.753125,0.60875,1,Frequent High-Value Users
CUST_05911,13,593.3,45.638461538461534,35.92307692307692,362.75,27.903846153846153,0.6153846153846154,1,Frequent High-Value Users
CUST_05912,19,907.2,47.747368421052634,36.10526315789474,541.93,28.522631578947365,0.6031578947368421,1,Frequent High-Value Users
CUST_05913,17,762.5,44.85294117647059,39.11764705882353,444.53,26.148823529411764,0.5894117647058823,1,Frequent High-Value Users
CUST_05914,22,1144.3,52.01363636363636,31.181818181818183,675.7,30.713636363636365,0.6,1,Frequent High-Value Users
CUST_05915,16,669.0,41.8125,38.5625,390.21,24.388125,0.57875,1,Frequent High-Value Users
CUST_05916,17,852.1,50.12352941176471,33.23529411764706,513.71,30.218235294117648,0.6094117647058823,1,Frequent High-Value Users
CUST_05917,16,716.5,44.78125,35.8125,410.27,25.641875,0.576875,1,Frequent High-Value Users
CUST_05918,20,942.8,47.14,33.75,560.8299999999999,28.041499999999996,0.6045,1,Frequent High-Value Users
CUST_05919,17,829.7,48.80588235294118,36.05882352941177,467.49,27.499411764705883,0.5658823529411764,1,Frequent High-Value Users
CUST_05920,14,741.1,52.93571428571429,31.285714285714285,427.90000000000003,30.564285714285717,0.5657142857142857,1,Frequent High-Value Users
CUST_05921,22,1133.7,51.53181818181818,32.18181818181818,699.6,31.8,0.6195454545454545,1,Frequent High-Value Users
CUST_05922,15,675.1,45.00666666666667,36.6,400.23,26.682000000000002,0.5913333333333334,1,Frequent High-Value Users
CUST_05923,20,956.6,47.83,34.85,553.81,27.690499999999997,0.5820000000000001,1,Frequent High-Value Users
CUST_05924,19,816.0,42.94736842105263,41.26315789473684,498.27,26.224736842105262,0.6189473684210526,1,Frequent High-Value Users
CUST_05925,20,988.0,49.4,31.6,589.87,29.4935,0.5940000000000001,1,Frequent High-Value Users
CUST_05926,22,1023.8,46.53636363636363,33.63636363636363,622.41,28.291363636363634,0.6131818181818182,1,Frequent High-Value Users
CUST_05927,19,966.3,50.857894736842105,29.0,594.02,31.26421052631579,0.6110526315789473,1,Frequent High-Value Users
CUST_05928,17,746.7,43.92352941176471,37.588235294117645,440.3,25.900000000000002,0.5911764705882353,1,Frequent High-Value Users
CUST_05929,14,673.2,48.08571428571429,34.57142857142857,402.78,28.77,0.6035714285714285,1,Frequent High-Value Users
CUST_05930,25,1133.8,45.352,32.68,667.48,26.6992,0.5884,1,Frequent High-Value Users
CUST_05931,15,669.9,44.66,37.13333333333333,403.08,26.872,0.5980000000000001,1,Frequent High-Value Users
CUST_05932,15,790.8,52.72,30.8,462.81,30.854,0.5873333333333334,1,Frequent High-Value Users
CUST_05933,16,735.6,45.975,39.625,454.23,28.389375,0.623125,1,Frequent High-Value Users
CUST_05934,11,483.5,43.95454545454545,39.18181818181818,276.32,25.12,0.5709090909090909,1,Frequent High-Value Users
CUST_05935,22,956.9,43.49545454545454,37.0,556.59,25.299545454545456,0.5854545454545454,1,Frequent High-Value Users
CUST_05936,21,864.4,41.16190476190476,40.714285714285715,516.65,24.60238095238095,0.5942857142857143,1,Frequent High-Value Users
CUST_05937,13,546.9,42.06923076923077,37.15384615384615,294.86,22.681538461538462,0.5446153846153846,1,Frequent High-Value Users
CUST_05938,19,854.7,44.98421052631579,39.73684210526316,492.29,25.91,0.5710526315789474,1,Frequent High-Value Users
CUST_05939,22,1051.4,47.790909090909096,32.72727272727273,651.37,29.607727272727274,0.6150000000000001,1,Frequent High-Value Users
CUST_05940,23,1107.6,48.15652173913043,34.26086956521739,636.15,27.65869565217391,0.5739130434782609,1,Frequent High-Value Users
CUST_05941,16,756.0,47.25,34.5625,456.33,28.520625,0.605625,1,Frequent High-Value Users
CUST_05942,18,880.4,48.91111111111111,32.888888888888886,502.19,27.899444444444445,0.5744444444444444,1,Frequent High-Value Users
CUST_05943,10,476.6,47.660000000000004,38.5,259.16,25.916000000000004,0.561,1,Frequent High-Value Users
CUST_05944,18,758.5,42.138888888888886,37.833333333333336,435.38,24.18777777777778,0.5766666666666667,1,Frequent High-Value Users
CUST_05945,18,787.6,43.75555555555556,38.388888888888886,468.62,26.034444444444446,0.6033333333333333,1,Frequent High-Value Users
CUST_05946,16,703.3,43.95625,34.5625,401.84000000000003,25.115000000000002,0.56875,1,Frequent High-Value Users
CUST_05947,16,748.0,46.75,35.875,448.8,28.05,0.6025,1,Frequent High-Value Users
CUST_05948,21,921.8,43.89523809523809,38.666666666666664,520.29,24.775714285714283,0.5652380952380953,1,Frequent High-Value Users
CUST_05949,15,671.5,44.766666666666666,34.06666666666667,390.71000000000004,26.047333333333334,0.5833333333333334,1,Frequent High-Value Users
CUST_05950,19,884.6,46.55789473684211,34.526315789473685,529.16,27.850526315789473,0.5978947368421053,1,Frequent High-Value Users
CUST_05951,21,959.5,45.69047619047619,32.142857142857146,547.68,26.08,0.5747619047619048,1,Frequent High-Value Users
CUST_05952,20,944.6,47.230000000000004,31.45,558.46,27.923000000000002,0.5900000000000001,1,Frequent High-Value Users
CUST_05953,17,824.2,48.48235294117647,32.470588235294116,487.12,28.654117647058825,0.5982352941176471,1,Frequent High-Value Users
CUST_05954,20,967.0,48.35,36.7,573.5,28.675,0.5905,1,Frequent High-Value Users
CUST_05955,8,367.5,45.9375,34.75,214.18,26.7725,0.6,1,Frequent High-Value Users
CUST_05956,23,1112.6,48.373913043478254,35.869565217391305,642.33,27.92739130434783,0.5865217391304348,1,Frequent High-Value Users
CUST_05957,20,839.1,41.955,39.65,513.84,25.692,0.6060000000000001,1,Frequent High-Value Users
CUST_05958,23,1137.9,49.47391304347826,31.608695652173914,651.51,28.326521739130435,0.5795652173913044,1,Frequent High-Value Users
CUST_05959,28,1260.9,45.03214285714286,36.785714285714285,722.48,25.802857142857142,0.5721428571428572,1,Frequent High-Value Users
CUST_05960,18,884.6,49.144444444444446,31.166666666666668,529.92,29.439999999999998,0.5938888888888889,1,Frequent High-Value Users
CUST_05961,15,723.2,48.21333333333334,37.266666666666666,410.55,27.37,0.572,1,Frequent High-Value Users
CUST_05962,24,1062.0,44.25,37.875,621.15,25.881249999999998,0.5791666666666667,1,Frequent High-Value Users
CUST_05963,18,843.2,46.84444444444445,37.5,485.36,26.964444444444446,0.5822222222222222,1,Frequent High-Value Users
CUST_05964,10,464.20000000000005,46.42,40.4,288.3,28.830000000000002,0.616,1,Frequent High-Value Users
CUST_05965,14,635.2,45.371428571428574,31.357142857142858,366.13,26.152142857142856,0.5778571428571428,1,Frequent High-Value Users
CUST_05966,11,533.5,48.5,36.81818181818182,308.57,28.05181818181818,0.5772727272727273,1,Frequent High-Value Users
CUST_05967,23,1068.2,46.44347826086957,36.56521739130435,626.33,27.231739130434786,0.5921739130434783,1,Frequent High-Value Users
CUST_05968,18,865.5,48.083333333333336,34.166666666666664,523.74,29.096666666666668,0.6088888888888889,1,Frequent High-Value Users
CUST_05969,14,667.0,47.642857142857146,34.42857142857143,418.82,29.915714285714284,0.6264285714285714,1,Frequent High-Value Users
CUST_05970,25,1154.9,46.196000000000005,36.2,679.89,27.1956,0.5888,1,Frequent High-Value Users
CUST_05971,18,804.4,44.68888888888889,40.166666666666664,454.40999999999997,25.244999999999997,0.5677777777777778,1,Frequent High-Value Users
CUST_05972,19,933.4,49.126315789473686,32.05263157894737,562.41,29.600526315789473,0.6042105263157895,1,Frequent High-Value Users
CUST_05973,12,520.7,43.39166666666667,37.916666666666664,308.15,25.679166666666664,0.5958333333333333,1,Frequent High-Value Users
CUST_05974,15,684.2,45.61333333333334,33.333333333333336,403.27,26.884666666666664,0.5933333333333334,1,Frequent High-Value Users
CUST_05975,17,866.1,50.94705882352941,31.41176470588235,513.72,30.218823529411765,0.5941176470588235,1,Frequent High-Value Users
CUST_05976,19,873.4,45.96842105263158,33.68421052631579,492.8,25.936842105263157,0.5668421052631579,1,Frequent High-Value Users
CUST_05977,18,905.9,50.327777777777776,31.72222222222222,546.53,30.362777777777776,0.6083333333333333,1,Frequent High-Value Users
CUST_05978,22,1057.6,48.07272727272727,35.31818181818182,602.48,27.385454545454547,0.5795454545454546,1,Frequent High-Value Users
CUST_05979,12,537.6,44.800000000000004,37.75,322.59000000000003,26.882500000000004,0.6025,1,Frequent High-Value Users
CUST_05980,22,1028.1,46.73181818181818,33.63636363636363,590.9,26.85909090909091,0.5740909090909091,1,Frequent High-Value Users
CUST_05981,20,823.9,41.195,39.5,481.66,24.083000000000002,0.5925,1,Frequent High-Value Users
CUST_05982,13,584.0,44.92307692307692,32.61538461538461,342.9,26.376923076923074,0.5923076923076923,1,Frequent High-Value Users
CUST_05983,26,1299.0,49.96153846153846,33.30769230769231,731.55,28.13653846153846,0.5696153846153846,1,Frequent High-Value Users
CUST_05984,20,976.9,48.845,34.75,588.54,29.427,0.6054999999999999,1,Frequent High-Value Users
CUST_05985,20,944.4,47.22,33.95,564.82,28.241000000000003,0.6,1,Frequent High-Value Users
CUST_05986,19,812.5,42.76315789473684,40.8421052631579,486.43,25.60157894736842,0.6063157894736841,1,Frequent High-Value Users
CUST_05987,20,896.5,44.825,41.3,541.8100000000001,27.090500000000002,0.6060000000000001,1,Frequent High-Value Users
CUST_05988,25,1191.6,47.663999999999994,35.52,699.98,27.999200000000002,0.5908,1,Frequent High-Value Users
CUST_05989,18,818.1,45.45,35.611111111111114,484.73,26.929444444444446,0.5922222222222222,1,Frequent High-Value Users
CUST_05990,21,919.1,43.766666666666666,39.666666666666664,569.15,27.10238095238095,0.62,1,Frequent High-Value Users
CUST_05991,16,706.6,44.1625,39.25,414.35,25.896875,0.58375,1,Frequent High-Value Users
CUST_05992,17,783.6,46.09411764705882,35.88235294117647,465.65999999999997,27.391764705882352,0.5982352941176471,1,Frequent High-Value Users
CUST_05993,17,802.8,47.2235294117647,35.0,472.52,27.795294117647057,0.5952941176470588,1,Frequent High-Value Users
CUST_05994,8,394.8,49.35,35.25,231.95,28.99375,0.5925,1,Frequent High-Value Users
CUST_05995,20,1056.8999999999999,52.84499999999999,32.95,629.62,31.481,0.596,1,Frequent High-Value Users
CUST_05996,22,1039.1,47.23181818181818,34.04545454545455,613.58,27.89,0.5981818181818181,1,Frequent High-Value Users
CUST_05997,16,684.8,42.8,38.3125,418.55,26.159375,0.60625,1,Frequent High-Value Users
CUST_05998,22,1082.9,49.222727272727276,32.0,645.57,29.344090909090912,0.5936363636363636,1,Frequent High-Value Users
CUST_05999,23,1122.1,48.78695652173913,35.69565217391305,680.07,29.56826086956522,0.6060869565217392,1,Frequent High-Value Users
CUST_06000,23,1117.0,48.56521739130435,34.56521739130435,664.18,28.877391304347825,0.587391304347826,1,Frequent High-Value Users
CUST_06001,1,46.8,46.8,24.0,24.34,24.34,0.52,2,Occasional Large-Charge Users
CUST_06002,1,80.0,80.0,21.0,36.8,36.8,0.46,2,Occasional Large-Charge Users
CUST_06003,1,34.7,34.7,48.0,20.82,20.82,0.6,0,Occasional Standard Users
CUST_06004,1,34.7,34.7,52.0,17.35,17.35,0.5,0,Occasional Standard Users
CUST_06005,1,29.6,29.6,44.0,14.5,14.5,0.49,0,Occasional Standard Users
CUST_06006,1,29.1,29.1,46.0,15.13,15.13,0.52,0,Occasional Standard Users
CUST_06007,1,36.4,36.4,51.0,18.93,18.93,0.52,0,Occasional Standard Users
CUST_06008,1,77.7,77.7,20.0,41.96,41.96,0.54,2,Occasional Large-Charge Users
CUST_06009,1,80.0,80.0,19.0,41.6,41.6,0.52,2,Occasional Large-Charge Users
CUST_06010,1,47.4,47.4,25.0,23.7,23.7,0.5,2,Occasional Large-Charge Users
CUST_06011,1,79.5,79.5,21.0,41.34,41.34,0.52,2,Occasional Large-Charge Users
CUST_06012,1,49.6,49.6,23.0,27.28,27.28,0.55,2,Occasional Large-Charge Users
CUST_06013,1,50.1,50.1,25.0,25.05,25.05,0.5,2,Occasional Large-Charge Users
CUST_06014,1,48.6,48.6,24.0,28.67,28.67,0.59,2,Occasional Large-Charge Users
CUST_06015,1,52.0,52.0,24.0,26.0,26.0,0.5,2,Occasional Large-Charge Users
CUST_06016,1,71.8,71.8,19.0,33.03,33.03,0.46,2,Occasional Large-Charge Users
CUST_06017,1,49.3,49.3,27.0,24.16,24.16,0.49,2,Occasional Large-Charge Users
CUST_06018,1,49.5,49.5,25.0,26.24,26.24,0.53,2,Occasional Large-Charge Users
CUST_06019,1,48.8,48.8,24.0,29.77,29.77,0.61,2,Occasional Large-Charge Users
CUST_06020,1,30.9,30.9,51.0,17.0,17.0,0.55,0,Occasional Standard Users
CUST_06021,1,39.3,39.3,54.0,19.65,19.65,0.5,0,Occasional Standard Users
CUST_06022,1,34.8,34.8,54.0,19.14,19.14,0.55,0,Occasional Standard Users
CUST_06023,1,27.1,27.1,45.0,13.28,13.28,0.49,0,Occasional Standard Users
CUST_06024,1,46.2,46.2,23.0,22.64,22.64,0.49,2,Occasional Large-Charge Users
CUST_06025,1,80.0,80.0,19.0,47.2,47.2,0.59,2,Occasional Large-Charge Users
CUST_06026,1,45.9,45.9,24.0,25.7,25.7,0.56,2,Occasional Large-Charge Users
CUST_06027,1,48.7,48.7,24.0,23.38,23.38,0.48,2,Occasional Large-Charge Users
CUST_06028,1,37.1,37.1,50.0,17.81,17.81,0.48,0,Occasional Standard Users
CUST_06029,1,38.6,38.6,57.0,18.53,18.53,0.48,0,Occasional Standard Users
CUST_06030,1,76.5,76.5,20.0,37.48,37.48,0.49,2,Occasional Large-Charge Users
CUST_06031,1,25.1,25.1,41.0,12.3,12.3,0.49,0,Occasional Standard Users
CUST_06032,1,31.3,31.3,50.0,15.02,15.02,0.48,0,Occasional Standard Users
CUST_06033,1,35.0,35.0,53.0,17.5,17.5,0.5,0,Occasional Standard Users
CUST_06034,1,43.7,43.7,22.0,21.41,21.41,0.49,2,Occasional Large-Charge Users
CUST_06035,1,32.6,32.6,50.0,17.28,17.28,0.53,0,Occasional Standard Users
CUST_06036,1,51.8,51.8,25.0,25.9,25.9,0.5,2,Occasional Large-Charge Users
CUST_06037,1,72.3,72.3,18.0,33.26,33.26,0.46,2,Occasional Large-Charge Users
CUST_06038,1,80.0,80.0,23.0,44.0,44.0,0.55,2,Occasional Large-Charge Users
CUST_06039,1,50.8,50.8,24.0,27.94,27.94,0.55,2,Occasional Large-Charge Users
CUST_06040,1,69.3,69.3,18.0,34.65,34.65,0.5,2,Occasional Large-Charge Users
CUST_06041,1,59.6,59.6,28.0,30.99,30.99,0.52,2,Occasional Large-Charge Users
CUST_06042,1,74.5,74.5,19.0,35.76,35.76,0.48,2,Occasional Large-Charge Users
CUST_06043,1,30.0,30.0,51.0,15.3,15.3,0.51,0,Occasional Standard Users
CUST_06044,1,80.0,80.0,20.0,38.4,38.4,0.48,2,Occasional Large-Charge Users
CUST_06045,1,80.0,80.0,19.0,39.2,39.2,0.49,2,Occasional Large-Charge Users
CUST_06046,1,36.0,36.0,52.0,19.44,19.44,0.54,0,Occasional Standard Users
CUST_06047,1,80.0,80.0,18.0,36.0,36.0,0.45,2,Occasional Large-Charge Users
CUST_06048,1,43.1,43.1,23.0,22.41,22.41,0.52,2,Occasional Large-Charge Users
CUST_06049,1,75.5,75.5,20.0,38.51,38.51,0.51,2,Occasional Large-Charge Users
CUST_06050,1,46.2,46.2,25.0,24.95,24.95,0.54,2,Occasional Large-Charge Users
CUST_06051,1,42.7,42.7,23.0,20.07,20.07,0.47,2,Occasional Large-Charge Users
CUST_06052,1,80.0,80.0,18.0,41.6,41.6,0.52,2,Occasional Large-Charge Users
CUST_06053,1,80.0,80.0,20.0,41.6,41.6,0.52,2,Occasional Large-Charge Users
CUST_06054,1,35.3,35.3,54.0,17.65,17.65,0.5,0,Occasional Standard Users
CUST_06055,1,28.9,28.9,49.0,13.87,13.87,0.48,0,Occasional Standard Users
CUST_06056,1,44.7,44.7,24.0,23.69,23.69,0.53,2,Occasional Large-Charge Users
CUST_06057,1,31.8,31.8,50.0,19.08,19.08,0.6,0,Occasional Standard Users
CUST_06058,1,65.9,65.9,16.0,33.61,33.61,0.51,2,Occasional Large-Charge Users
CUST_06059,1,31.6,31.6,49.0,15.48,15.48,0.49,0,Occasional Standard Users
CUST_06060,1,49.2,49.2,25.0,26.08,26.08,0.53,2,Occasional Large-Charge Users
CUST_06061,1,69.2,69.2,18.0,31.14,31.14,0.45,2,Occasional Large-Charge Users
CUST_06062,1,38.5,38.5,55.0,20.02,20.02,0.52,0,Occasional Standard Users
CUST_06063,1,31.1,31.1,47.0,16.17,16.17,0.52,0,Occasional Standard Users
CUST_06064,1,47.9,47.9,24.0,22.51,22.51,0.47,2,Occasional Large-Charge Users
CUST_06065,1,33.7,33.7,49.0,17.19,17.19,0.51,0,Occasional Standard Users
CUST_06066,1,32.8,32.8,53.0,18.04,18.04,0.55,0,Occasional Standard Users
CUST_06067,1,51.4,51.4,25.0,28.78,28.78,0.56,2,Occasional Large-Charge Users
CUST_06068,1,79.4,79.4,19.0,40.49,40.49,0.51,2,Occasional Large-Charge Users
CUST_06069,1,72.6,72.6,19.0,39.93,39.93,0.55,2,Occasional Large-Charge Users
CUST_06070,1,36.6,36.6,49.0,16.47,16.47,0.45,0,Occasional Standard Users
CUST_06071,1,30.8,30.8,50.0,15.4,15.4,0.5,0,Occasional Standard Users
CUST_06072,1,33.4,33.4,47.0,17.7,17.7,0.53,0,Occasional Standard Users
CUST_06073,1,31.1,31.1,45.0,14.93,14.93,0.48,0,Occasional Standard Users
CUST_06074,1,71.4,71.4,20.0,37.84,37.84,0.53,2,Occasional Large-Charge Users
CUST_06075,1,51.8,51.8,23.0,27.45,27.45,0.53,2,Occasional Large-Charge Users
CUST_06076,1,58.0,58.0,27.0,35.96,35.96,0.62,2,Occasional Large-Charge Users
CUST_06077,1,43.5,43.5,22.0,22.18,22.18,0.51,2,Occasional Large-Charge Users
CUST_06078,1,47.5,47.5,24.0,22.32,22.32,0.47,2,Occasional Large-Charge Users
CUST_06079,1,42.1,42.1,21.0,19.37,19.37,0.46,2,Occasional Large-Charge Users
CUST_06080,1,31.9,31.9,50.0,15.95,15.95,0.5,0,Occasional Standard Users
CUST_06081,1,42.0,42.0,23.0,21.84,21.84,0.52,2,Occasional Large-Charge Users
CUST_06082,1,30.7,30.7,49.0,17.19,17.19,0.56,0,Occasional Standard Users
CUST_06083,1,79.1,79.1,19.0,41.92,41.92,0.53,2,Occasional Large-Charge Users
CUST_06084,1,38.4,38.4,20.0,19.97,19.97,0.52,2,Occasional Large-Charge Users
CUST_06085,1,55.5,55.5,26.0,27.2,27.2,0.49,2,Occasional Large-Charge Users
CUST_06086,1,46.4,46.4,23.0,23.2,23.2,0.5,2,Occasional Large-Charge Users
CUST_06087,1,32.8,32.8,49.0,16.73,16.73,0.51,0,Occasional Standard Users
CUST_06088,1,43.9,43.9,23.0,21.95,21.95,0.5,2,Occasional Large-Charge Users
CUST_06089,1,30.2,30.2,44.0,15.7,15.7,0.52,0,Occasional Standard Users
CUST_06090,1,27.8,27.8,42.0,13.62,13.62,0.49,0,Occasional Standard Users
CUST_06091,1,50.6,50.6,24.0,24.79,24.79,0.49,2,Occasional Large-Charge Users
CUST_06092,1,54.0,54.0,28.0,26.46,26.46,0.49,2,Occasional Large-Charge Users
CUST_06093,1,39.0,39.0,22.0,21.45,21.45,0.55,2,Occasional Large-Charge Users
CUST_06094,1,28.8,28.8,46.0,14.98,14.98,0.52,0,Occasional Standard Users
CUST_06095,1,80.0,80.0,21.0,40.0,40.0,0.5,2,Occasional Large-Charge Users
CUST_06096,1,33.0,33.0,50.0,15.84,15.84,0.48,0,Occasional Standard Users
CUST_06097,1,48.7,48.7,24.0,24.84,24.84,0.51,2,Occasional Large-Charge Users
CUST_06098,1,80.0,80.0,20.0,37.6,37.6,0.47,2,Occasional Large-Charge Users
CUST_06099,1,43.7,43.7,23.0,19.67,19.67,0.45,2,Occasional Large-Charge Users
CUST_06100,1,40.0,40.0,22.0,18.4,18.4,0.46,2,Occasional Large-Charge Users
CUST_06101,1,31.9,31.9,48.0,15.95,15.95,0.5,0,Occasional Standard Users
CUST_06102,1,64.3,64.3,16.0,33.44,33.44,0.52,2,Occasional Large-Charge Users
CUST_06103,1,80.0,80.0,20.0,38.4,38.4,0.48,2,Occasional Large-Charge Users
CUST_06104,1,41.4,41.4,20.0,21.11,21.11,0.51,2,Occasional Large-Charge Users
CUST_06105,1,47.4,47.4,25.0,22.28,22.28,0.47,2,Occasional Large-Charge Users
CUST_06106,1,80.0,80.0,22.0,41.6,41.6,0.52,2,Occasional Large-Charge Users
CUST_06107,1,32.7,32.7,53.0,17.0,17.0,0.52,0,Occasional Standard Users
CUST_06108,1,38.2,38.2,56.0,18.34,18.34,0.48,0,Occasional Standard Users
CUST_06109,1,51.6,51.6,24.0,26.32,26.32,0.51,2,Occasional Large-Charge Users
CUST_06110,1,54.7,54.7,25.0,26.8,26.8,0.49,2,Occasional Large-Charge Users
CUST_06111,1,52.5,52.5,24.0,32.02,32.02,0.61,2,Occasional Large-Charge Users
CUST_06112,1,80.0,80.0,18.0,38.4,38.4,0.48,2,Occasional Large-Charge Users
CUST_06113,1,36.8,36.8,53.0,17.66,17.66,0.48,0,Occasional Standard Users
CUST_06114,1,73.2,73.2,20.0,35.14,35.14,0.48,2,Occasional Large-Charge Users
CUST_06115,1,34.4,34.4,54.0,18.23,18.23,0.53,0,Occasional Standard Users
CUST_06116,1,58.5,58.5,26.0,31.59,31.59,0.54,2,Occasional Large-Charge Users
CUST_06117,1,31.1,31.1,44.0,17.11,17.11,0.55,0,Occasional Standard Users
CUST_06118,1,32.1,32.1,47.0,15.73,15.73,0.49,0,Occasional Standard Users
CUST_06119,1,77.0,77.0,20.0,39.27,39.27,0.51,2,Occasional Large-Charge Users
CUST_06120,1,79.3,79.3,20.0,43.62,43.62,0.55,2,Occasional Large-Charge Users
CUST_06121,1,36.3,36.3,53.0,19.24,19.24,0.53,0,Occasional Standard Users
CUST_06122,1,80.0,80.0,21.0,44.0,44.0,0.55,2,Occasional Large-Charge Users
CUST_06123,1,36.9,36.9,54.0,18.45,18.45,0.5,0,Occasional Standard Users
CUST_06124,1,41.4,41.4,57.0,19.87,19.87,0.48,0,Occasional Standard Users
CUST_06125,1,46.5,46.5,24.0,24.18,24.18,0.52,2,Occasional Large-Charge Users
CUST_06126,1,44.5,44.5,24.0,23.59,23.59,0.53,2,Occasional Large-Charge Users
CUST_06127,1,60.0,60.0,27.0,30.6,30.6,0.51,2,Occasional Large-Charge Users
CUST_06128,1,46.7,46.7,26.0,24.28,24.28,0.52,2,Occasional Large-Charge Users
CUST_06129,1,80.0,80.0,21.0,43.2,43.2,0.54,2,Occasional Large-Charge Users
CUST_06130,1,80.0,80.0,20.0,44.0,44.0,0.55,2,Occasional Large-Charge Users
CUST_06131,1,38.3,38.3,52.0,21.07,21.07,0.55,0,Occasional Standard Users
CUST_06132,1,50.9,50.9,24.0,24.94,24.94,0.49,2,Occasional Large-Charge Users
CUST_06133,1,68.8,68.8,18.0,39.22,39.22,0.57,2,Occasional Large-Charge Users
CUST_06134,1,32.8,32.8,52.0,16.4,16.4,0.5,0,Occasional Standard Users
CUST_06135,1,53.3,53.3,27.0,23.98,23.98,0.45,2,Occasional Large-Charge Users
CUST_06136,1,30.9,30.9,49.0,13.9,13.9,0.45,0,Occasional Standard Users
CUST_06137,1,28.7,28.7,49.0,12.91,12.91,0.45,0,Occasional Standard Users
CUST_06138,1,33.8,33.8,52.0,16.22,16.22,0.48,0,Occasional Standard Users
CUST_06139,1,29.4,29.4,47.0,15.29,15.29,0.52,0,Occasional Standard Users
CUST_06140,1,45.4,45.4,24.0,27.69,27.69,0.61,2,Occasional Large-Charge Users
CUST_06141,1,36.5,36.5,55.0,21.9,21.9,0.6,0,Occasional Standard Users
CUST_06142,1,51.1,51.1,25.0,25.55,25.55,0.5,2,Occasional Large-Charge Users
CUST_06143,1,44.8,44.8,22.0,21.06,21.06,0.47,2,Occasional Large-Charge Users
CUST_06144,1,49.2,49.2,24.0,23.62,23.62,0.48,2,Occasional Large-Charge Users
CUST_06145,1,48.5,48.5,24.0,26.19,26.19,0.54,2,Occasional Large-Charge Users
CUST_06146,1,31.7,31.7,52.0,14.58,14.58,0.46,0,Occasional Standard Users
CUST_06147,1,46.9,46.9,25.0,25.33,25.33,0.54,2,Occasional Large-Charge Users
CUST_06148,1,32.8,32.8,51.0,19.68,19.68,0.6,0,Occasional Standard Users
CUST_06149,1,80.0,80.0,19.0,36.0,36.0,0.45,2,Occasional Large-Charge Users
CUST_06150,1,35.2,35.2,52.0,20.06,20.06,0.57,0,Occasional Standard Users
CUST_06151,1,49.8,49.8,26.0,28.39,28.39,0.57,2,Occasional Large-Charge Users
CUST_06152,1,37.2,37.2,54.0,16.74,16.74,0.45,0,Occasional Standard Users
CUST_06153,1,32.5,32.5,49.0,16.57,16.57,0.51,0,Occasional Standard Users
CUST_06154,1,34.4,34.4,49.0,16.86,16.86,0.49,0,Occasional Standard Users
CUST_06155,1,56.3,56.3,26.0,29.28,29.28,0.52,2,Occasional Large-Charge Users
CUST_06156,1,29.1,29.1,47.0,14.84,14.84,0.51,0,Occasional Standard Users
CUST_06157,1,28.6,28.6,43.0,13.73,13.73,0.48,0,Occasional Standard Users
CUST_06158,1,80.0,80.0,21.0,37.6,37.6,0.47,2,Occasional Large-Charge Users
CUST_06159,1,80.0,80.0,22.0,36.8,36.8,0.46,2,Occasional Large-Charge Users
CUST_06160,1,34.8,34.8,51.0,17.4,17.4,0.5,0,Occasional Standard Users
CUST_06161,1,29.5,29.5,45.0,13.86,13.86,0.47,0,Occasional Standard Users
CUST_06162,1,80.0,80.0,19.0,37.6,37.6,0.47,2,Occasional Large-Charge Users
CUST_06163,1,69.3,69.3,18.0,31.88,31.88,0.46,2,Occasional Large-Charge Users
CUST_06164,1,30.0,30.0,50.0,16.5,16.5,0.55,0,Occasional Standard Users
CUST_06165,1,36.0,36.0,48.0,17.64,17.64,0.49,0,Occasional Standard Users
CUST_06166,1,31.8,31.8,47.0,14.95,14.95,0.47,0,Occasional Standard Users
CUST_06167,1,35.0,35.0,48.0,16.8,16.8,0.48,0,Occasional Standard Users
CUST_06168,1,80.0,80.0,24.0,38.4,38.4,0.48,2,Occasional Large-Charge Users
CUST_06169,1,47.1,47.1,25.0,25.91,25.91,0.55,2,Occasional Large-Charge Users
CUST_06170,1,51.8,51.8,23.0,31.08,31.08,0.6,2,Occasional Large-Charge Users
CUST_06171,1,80.0,80.0,21.0,40.8,40.8,0.51,2,Occasional Large-Charge Users
CUST_06172,1,79.3,79.3,20.0,40.44,40.44,0.51,2,Occasional Large-Charge Users
CUST_06173,1,48.2,48.2,25.0,26.99,26.99,0.56,2,Occasional Large-Charge Users
CUST_06174,1,45.2,45.2,23.0,23.5,23.5,0.52,2,Occasional Large-Charge Users
CUST_06175,1,34.7,34.7,52.0,17.7,17.7,0.51,0,Occasional Standard Users
CUST_06176,1,49.0,49.0,25.0,23.03,23.03,0.47,2,Occasional Large-Charge Users
CUST_06177,1,67.0,67.0,17.0,33.5,33.5,0.5,2,Occasional Large-Charge Users
CUST_06178,1,35.1,35.1,52.0,18.6,18.6,0.53,0,Occasional Standard Users
CUST_06179,1,74.7,74.7,18.0,37.35,37.35,0.5,2,Occasional Large-Charge Users
CUST_06180,1,29.8,29.8,50.0,14.6,14.6,0.49,0,Occasional Standard Users
CUST_06181,1,31.8,31.8,46.0,15.58,15.58,0.49,0,Occasional Standard Users
CUST_06182,1,50.4,50.4,26.0,26.21,26.21,0.52,2,Occasional Large-Charge Users
CUST_06183,1,37.5,37.5,50.0,22.12,22.12,0.59,0,Occasional Standard Users
CUST_06184,1,31.3,31.3,44.0,15.34,15.34,0.49,0,Occasional Standard Users
CUST_06185,1,80.0,80.0,22.0,38.4,38.4,0.48,2,Occasional Large-Charge Users
CUST_06186,1,77.0,77.0,19.0,35.42,35.42,0.46,2,Occasional Large-Charge Users
CUST_06187,1,29.9,29.9,48.0,15.55,15.55,0.52,0,Occasional Standard Users
CUST_06188,1,45.4,45.4,23.0,22.7,22.7,0.5,2,Occasional Large-Charge Users
CUST_06189,1,33.8,33.8,49.0,15.89,15.89,0.47,0,Occasional Standard Users
CUST_06190,1,35.0,35.0,49.0,20.65,20.65,0.59,0,Occasional Standard Users
CUST_06191,1,26.7,26.7,44.0,13.62,13.62,0.51,0,Occasional Standard Users
CUST_06192,1,43.1,43.1,22.0,21.55,21.55,0.5,2,Occasional Large-Charge Users
CUST_06193,1,56.8,56.8,27.0,28.97,28.97,0.51,2,Occasional Large-Charge Users
CUST_06194,1,35.7,35.7,53.0,18.92,18.92,0.53,0,Occasional Standard Users
CUST_06195,1,72.3,72.3,20.0,36.15,36.15,0.5,2,Occasional Large-Charge Users
CUST_06196,1,80.0,80.0,22.0,37.6,37.6,0.47,2,Occasional Large-Charge Users
CUST_06197,1,80.0,80.0,21.0,40.8,40.8,0.51,2,Occasional Large-Charge Users
CUST_06198,1,53.1,53.1,27.0,28.67,28.67,0.54,2,Occasional Large-Charge Users
CUST_06199,1,34.1,34.1,50.0,15.35,15.35,0.45,0,Occasional Standard Users
CUST_06200,1,26.6,26.6,44.0,16.23,16.23,0.61,0,Occasional Standard Users
CUST_06201,1,57.8,57.8,27.0,26.59,26.59,0.46,2,Occasional Large-Charge Users
CUST_06202,1,51.6,51.6,24.0,23.74,23.74,0.46,2,Occasional Large-Charge Users
CUST_06203,1,29.4,29.4,50.0,15.29,15.29,0.52,0,Occasional Standard Users
CUST_06204,1,32.0,32.0,50.0,18.88,18.88,0.59,0,Occasional Standard Users
CUST_06205,1,42.5,42.5,23.0,20.82,20.82,0.49,2,Occasional Large-Charge Users
CUST_06206,1,70.2,70.2,18.0,40.72,40.72,0.58,2,Occasional Large-Charge Users
CUST_06207,1,49.3,49.3,27.0,23.17,23.17,0.47,2,Occasional Large-Charge Users
CUST_06208,1,44.8,44.8,22.0,21.5,21.5,0.48,2,Occasional Large-Charge Users
CUST_06209,1,37.1,37.1,56.0,17.81,17.81,0.48,0,Occasional Standard Users
CUST_06210,1,52.5,52.5,26.0,32.02,32.02,0.61,2,Occasional Large-Charge Users
CUST_06211,1,53.8,53.8,26.0,29.59,29.59,0.55,2,Occasional Large-Charge Users
CUST_06212,1,45.9,45.9,23.0,26.16,26.16,0.57,2,Occasional Large-Charge Users
CUST_06213,1,49.8,49.8,23.0,22.41,22.41,0.45,2,Occasional Large-Charge Users
CUST_06214,1,45.5,45.5,24.0,25.03,25.03,0.55,2,Occasional Large-Charge Users
CUST_06215,1,53.4,53.4,27.0,25.63,25.63,0.48,2,Occasional Large-Charge Users
CUST_06216,1,80.0,80.0,22.0,36.0,36.0,0.45,2,Occasional Large-Charge Users
CUST_06217,1,80.0,80.0,20.0,42.4,42.4,0.53,2,Occasional Large-Charge Users
CUST_06218,1,48.2,48.2,23.0,25.55,25.55,0.53,2,Occasional Large-Charge Users
CUST_06219,1,49.6,49.6,25.0,26.29,26.29,0.53,2,Occasional Large-Charge Users
CUST_06220,1,80.0,80.0,22.0,48.0,48.0,0.6,2,Occasional Large-Charge Users
CUST_06221,1,31.7,31.7,49.0,18.07,18.07,0.57,0,Occasional Standard Users
CUST_06222,1,32.7,32.7,49.0,16.02,16.02,0.49,0,Occasional Standard Users
CUST_06223,1,80.0,80.0,20.0,37.6,37.6,0.47,2,Occasional Large-Charge Users
CUST_06224,1,46.2,46.2,25.0,22.64,22.64,0.49,2,Occasional Large-Charge Users
CUST_06225,1,55.3,55.3,27.0,27.1,27.1,0.49,2,Occasional Large-Charge Users
CUST_06226,1,31.9,31.9,47.0,16.27,16.27,0.51,0,Occasional Standard Users
CUST_06227,1,70.1,70.1,19.0,31.54,31.54,0.45,2,Occasional Large-Charge Users
CUST_06228,1,48.8,48.8,25.0,22.94,22.94,0.47,2,Occasional Large-Charge Users
CUST_06229,1,50.8,50.8,27.0,27.43,27.43,0.54,2,Occasional Large-Charge Users
CUST_06230,1,52.1,52.1,25.0,32.82,32.82,0.63,2,Occasional Large-Charge Users
CUST_06231,1,50.1,50.1,25.0,23.05,23.05,0.46,2,Occasional Large-Charge Users
CUST_06232,1,37.0,37.0,52.0,20.35,20.35,0.55,0,Occasional Standard Users
CUST_06233,1,50.1,50.1,25.0,28.56,28.56,0.57,2,Occasional Large-Charge Users
CUST_06234,1,44.4,44.4,23.0,23.53,23.53,0.53,2,Occasional Large-Charge Users
CUST_06235,1,52.9,52.9,25.0,26.45,26.45,0.5,2,Occasional Large-Charge Users
CUST_06236,1,76.6,76.6,18.0,36.77,36.77,0.48,2,Occasional Large-Charge Users
CUST_06237,1,29.4,29.4,46.0,14.11,14.11,0.48,0,Occasional Standard Users
CUST_06238,1,80.0,80.0,21.0,48.0,48.0,0.6,2,Occasional Large-Charge Users
CUST_06239,1,35.2,35.2,53.0,16.9,16.9,0.48,0,Occasional Standard Users
CUST_06240,1,53.2,53.2,26.0,25.0,25.0,0.47,2,Occasional Large-Charge Users
CUST_06241,1,77.0,77.0,20.0,43.89,43.89,0.57,2,Occasional Large-Charge Users
CUST_06242,1,80.0,80.0,22.0,39.2,39.2,0.49,2,Occasional Large-Charge Users
CUST_06243,1,49.3,49.3,25.0,25.14,25.14,0.51,2,Occasional Large-Charge Users
CUST_06244,1,39.0,39.0,53.0,22.62,22.62,0.58,0,Occasional Standard Users
CUST_06245,1,30.3,30.3,50.0,16.67,16.67,0.55,0,Occasional Standard Users
CUST_06246,1,33.8,33.8,48.0,19.94,19.94,0.59,0,Occasional Standard Users
CUST_06247,1,77.4,77.4,20.0,38.7,38.7,0.5,2,Occasional Large-Charge Users
CUST_06248,1,79.6,79.6,19.0,39.0,39.0,0.49,2,Occasional Large-Charge Users
CUST_06249,1,36.0,36.0,48.0,16.92,16.92,0.47,0,Occasional Standard Users
CUST_06250,1,78.2,78.2,19.0,37.54,37.54,0.48,2,Occasional Large-Charge Users
CUST_06251,1,31.9,31.9,48.0,14.67,14.67,0.46,0,Occasional Standard Users
CUST_06252,1,80.0,80.0,21.0,46.4,46.4,0.58,2,Occasional Large-Charge Users
CUST_06253,1,48.7,48.7,27.0,22.89,22.89,0.47,2,Occasional Large-Charge Users
CUST_06254,1,32.7,32.7,49.0,15.7,15.7,0.48,0,Occasional Standard Users
CUST_06255,1,33.2,33.2,53.0,16.93,16.93,0.51,0,Occasional Standard Users
CUST_06256,1,60.8,60.8,27.0,32.22,32.22,0.53,2,Occasional Large-Charge Users
CUST_06257,1,36.8,36.8,56.0,18.03,18.03,0.49,0,Occasional Standard Users
CUST_06258,1,53.4,53.4,25.0,28.84,28.84,0.54,2,Occasional Large-Charge Users
CUST_06259,1,44.7,44.7,21.0,20.56,20.56,0.46,2,Occasional Large-Charge Users
CUST_06260,1,31.9,31.9,47.0,16.59,16.59,0.52,0,Occasional Standard Users
CUST_06261,1,32.2,32.2,51.0,18.68,18.68,0.58,0,Occasional Standard Users
CUST_06262,1,29.1,29.1,50.0,13.97,13.97,0.48,0,Occasional Standard Users
CUST_06263,1,47.4,47.4,25.0,25.12,25.12,0.53,2,Occasional Large-Charge Users
CUST_06264,1,48.4,48.4,26.0,24.68,24.68,0.51,2,Occasional Large-Charge Users
CUST_06265,1,52.1,52.1,25.0,28.13,28.13,0.54,2,Occasional Large-Charge Users
CUST_06266,1,31.0,31.0,52.0,16.43,16.43,0.53,0,Occasional Standard Users
CUST_06267,1,43.7,43.7,23.0,24.04,24.04,0.55,2,Occasional Large-Charge Users
CUST_06268,1,27.1,27.1,44.0,13.82,13.82,0.51,0,Occasional Standard Users
CUST_06269,1,74.7,74.7,19.0,39.59,39.59,0.53,2,Occasional Large-Charge Users
CUST_06270,1,30.7,30.7,46.0,16.27,16.27,0.53,0,Occasional Standard Users
CUST_06271,1,34.7,34.7,52.0,17.7,17.7,0.51,0,Occasional Standard Users
CUST_06272,1,80.0,80.0,22.0,50.4,50.4,0.63,2,Occasional Large-Charge Users
CUST_06273,1,76.6,76.6,19.0,39.83,39.83,0.52,2,Occasional Large-Charge Users
CUST_06274,1,34.1,34.1,48.0,16.71,16.71,0.49,0,Occasional Standard Users
CUST_06275,1,52.1,52.1,25.0,30.74,30.74,0.59,2,Occasional Large-Charge Users
CUST_06276,1,52.2,52.2,24.0,30.8,30.8,0.59,2,Occasional Large-Charge Users
CUST_06277,1,39.7,39.7,57.0,21.04,21.04,0.53,0,Occasional Standard Users
CUST_06278,1,36.3,36.3,55.0,19.96,19.96,0.55,0,Occasional Standard Users
CUST_06279,1,79.4,79.4,19.0,41.29,41.29,0.52,2,Occasional Large-Charge Users
CUST_06280,1,32.4,32.4,46.0,16.2,16.2,0.5,0,Occasional Standard Users
CUST_06281,1,48.6,48.6,23.0,26.24,26.24,0.54,2,Occasional Large-Charge Users
CUST_06282,1,42.0,42.0,24.0,18.9,18.9,0.45,2,Occasional Large-Charge Users
CUST_06283,1,34.0,34.0,53.0,15.98,15.98,0.47,0,Occasional Standard Users
CUST_06284,1,33.2,33.2,48.0,17.26,17.26,0.52,0,Occasional Standard Users
CUST_06285,1,31.7,31.7,52.0,15.22,15.22,0.48,0,Occasional Standard Users
CUST_06286,1,54.0,54.0,27.0,25.92,25.92,0.48,2,Occasional Large-Charge Users
CUST_06287,1,31.1,31.1,49.0,16.48,16.48,0.53,0,Occasional Standard Users
CUST_06288,1,80.0,80.0,21.0,40.8,40.8,0.51,2,Occasional Large-Charge Users
CUST_06289,1,50.8,50.8,24.0,23.88,23.88,0.47,2,Occasional Large-Charge Users
CUST_06290,1,47.4,47.4,26.0,26.54,26.54,0.56,2,Occasional Large-Charge Users
CUST_06291,1,30.8,30.8,46.0,16.32,16.32,0.53,0,Occasional Standard Users
CUST_06292,1,52.4,52.4,26.0,27.77,27.77,0.53,2,Occasional Large-Charge Users
CUST_06293,1,43.9,43.9,27.0,22.83,22.83,0.52,2,Occasional Large-Charge Users
CUST_06294,1,80.0,80.0,19.0,38.4,38.4,0.48,2,Occasional Large-Charge Users
CUST_06295,1,34.1,34.1,49.0,17.05,17.05,0.5,0,Occasional Standard Users
CUST_06296,1,48.1,48.1,25.0,25.01,25.01,0.52,2,Occasional Large-Charge Users
CUST_06297,1,48.9,48.9,24.0,23.47,23.47,0.48,2,Occasional Large-Charge Users
CUST_06298,1,48.4,48.4,25.0,22.75,22.75,0.47,2,Occasional Large-Charge Users
CUST_06299,1,38.1,38.1,52.0,20.19,20.19,0.53,0,Occasional Standard Users
CUST_06300,1,74.9,74.9,19.0,38.2,38.2,0.51,2,Occasional Large-Charge Users
CUST_06301,1,50.5,50.5,25.0,24.24,24.24,0.48,2,Occasional Large-Charge Users
CUST_06302,1,73.5,73.5,18.0,44.84,44.84,0.61,2,Occasional Large-Charge Users
CUST_06303,1,80.0,80.0,20.0,42.4,42.4,0.53,2,Occasional Large-Charge Users
CUST_06304,1,46.8,46.8,23.0,24.34,24.34,0.52,2,Occasional Large-Charge Users
CUST_06305,1,34.5,34.5,50.0,17.94,17.94,0.52,0,Occasional Standard Users
CUST_06306,1,74.6,74.6,21.0,37.3,37.3,0.5,2,Occasional Large-Charge Users
CUST_06307,1,57.5,57.5,16.0,29.32,29.32,0.51,2,Occasional Large-Charge Users
CUST_06308,1,45.6,45.6,23.0,25.08,25.08,0.55,2,Occasional Large-Charge Users
CUST_06309,1,31.7,31.7,49.0,18.07,18.07,0.57,0,Occasional Standard Users
CUST_06310,1,45.6,45.6,23.0,23.71,23.71,0.52,2,Occasional Large-Charge Users
CUST_06311,1,31.8,31.8,52.0,16.85,16.85,0.53,0,Occasional Standard Users
CUST_06312,1,33.4,33.4,53.0,17.03,17.03,0.51,0,Occasional Standard Users
CUST_06313,1,40.9,40.9,21.0,19.22,19.22,0.47,2,Occasional Large-Charge Users
CUST_06314,1,29.6,29.6,47.0,16.28,16.28,0.55,0,Occasional Standard Users
CUST_06315,1,55.7,55.7,25.0,30.64,30.64,0.55,2,Occasional Large-Charge Users
CUST_06316,1,65.1,65.1,17.0,33.2,33.2,0.51,2,Occasional Large-Charge Users
CUST_06317,1,53.0,53.0,25.0,25.44,25.44,0.48,2,Occasional Large-Charge Users
CUST_06318,1,50.1,50.1,27.0,26.55,26.55,0.53,2,Occasional Large-Charge Users
CUST_06319,1,31.1,31.1,51.0,14.62,14.62,0.47,0,Occasional Standard Users
CUST_06320,1,46.7,46.7,23.0,21.02,21.02,0.45,2,Occasional Large-Charge Users
CUST_06321,1,46.7,46.7,23.0,25.69,25.69,0.55,2,Occasional Large-Charge Users
CUST_06322,1,35.1,35.1,50.0,19.31,19.31,0.55,0,Occasional Standard Users
CUST_06323,1,28.2,28.2,42.0,13.54,13.54,0.48,0,Occasional Standard Users
CUST_06324,1,47.7,47.7,23.0,28.14,28.14,0.59,2,Occasional Large-Charge Users
CUST_06325,1,49.5,49.5,24.0,28.21,28.21,0.57,2,Occasional Large-Charge Users
CUST_06326,1,50.3,50.3,24.0,27.16,27.16,0.54,2,Occasional Large-Charge Users
CUST_06327,1,73.0,73.0,20.0,38.69,38.69,0.53,2,Occasional Large-Charge Users
CUST_06328,1,80.0,80.0,19.0,40.8,40.8,0.51,2,Occasional Large-Charge Users
CUST_06329,1,45.5,45.5,24.0,23.66,23.66,0.52,2,Occasional Large-Charge Users
CUST_06330,1,67.7,67.7,19.0,39.94,39.94,0.59,2,Occasional Large-Charge Users
CUST_06331,1,36.8,36.8,53.0,21.34,21.34,0.58,0,Occasional Standard Users
CUST_06332,1,46.7,46.7,24.0,21.48,21.48,0.46,2,Occasional Large-Charge Users
CUST_06333,1,73.6,73.6,20.0,35.33,35.33,0.48,2,Occasional Large-Charge Users
CUST_06334,1,49.8,49.8,25.0,28.88,28.88,0.58,2,Occasional Large-Charge Users
CUST_06335,1,47.1,47.1,26.0,23.08,23.08,0.49,2,Occasional Large-Charge Users
CUST_06336,1,37.4,37.4,53.0,17.2,17.2,0.46,0,Occasional Standard Users
CUST_06337,1,51.4,51.4,27.0,28.27,28.27,0.55,2,Occasional Large-Charge Users
CUST_06338,1,47.7,47.7,22.0,26.24,26.24,0.55,2,Occasional Large-Charge Users
CUST_06339,1,42.8,42.8,23.0,24.4,24.4,0.57,2,Occasional Large-Charge Users
CUST_06340,1,35.2,35.2,52.0,19.01,19.01,0.54,0,Occasional Standard Users
CUST_06341,1,80.0,80.0,19.0,47.2,47.2,0.59,2,Occasional Large-Charge Users
CUST_06342,1,73.7,73.7,19.0,38.32,38.32,0.52,2,Occasional Large-Charge Users
CUST_06343,1,80.0,80.0,20.0,36.8,36.8,0.46,2,Occasional Large-Charge Users
CUST_06344,1,31.8,31.8,46.0,15.26,15.26,0.48,0,Occasional Standard Users
CUST_06345,1,48.3,48.3,24.0,24.63,24.63,0.51,2,Occasional Large-Charge Users
CUST_06346,1,46.1,46.1,24.0,20.75,20.75,0.45,2,Occasional Large-Charge Users
CUST_06347,1,44.9,44.9,22.0,23.35,23.35,0.52,2,Occasional Large-Charge Users
CUST_06348,1,47.9,47.9,26.0,25.39,25.39,0.53,2,Occasional Large-Charge Users
CUST_06349,1,80.0,80.0,21.0,42.4,42.4,0.53,2,Occasional Large-Charge Users
CUST_06350,1,49.9,49.9,23.0,24.45,24.45,0.49,2,Occasional Large-Charge Users
CUST_06351,1,60.2,60.2,28.0,28.9,28.9,0.48,2,Occasional Large-Charge Users
CUST_06352,1,39.0,39.0,52.0,21.06,21.06,0.54,0,Occasional Standard Users
CUST_06353,1,80.0,80.0,20.0,47.2,47.2,0.59,2,Occasional Large-Charge Users
CUST_06354,1,72.1,72.1,18.0,35.33,35.33,0.49,2,Occasional Large-Charge Users
CUST_06355,1,31.7,31.7,52.0,16.8,16.8,0.53,0,Occasional Standard Users
CUST_06356,1,52.5,52.5,25.0,28.35,28.35,0.54,2,Occasional Large-Charge Users
CUST_06357,1,80.0,80.0,19.0,38.4,38.4,0.48,2,Occasional Large-Charge Users
CUST_06358,1,37.5,37.5,50.0,19.5,19.5,0.52,0,Occasional Standard Users
CUST_06359,1,29.1,29.1,47.0,14.84,14.84,0.51,0,Occasional Standard Users
CUST_06360,1,38.0,38.0,20.0,20.52,20.52,0.54,2,Occasional Large-Charge Users
CUST_06361,1,68.5,68.5,17.0,34.94,34.94,0.51,2,Occasional Large-Charge Users
CUST_06362,1,80.0,80.0,20.0,42.4,42.4,0.53,2,Occasional Large-Charge Users
CUST_06363,1,65.8,65.8,18.0,36.19,36.19,0.55,2,Occasional Large-Charge Users
CUST_06364,1,56.2,56.2,25.0,27.54,27.54,0.49,2,Occasional Large-Charge Users
CUST_06365,1,46.3,46.3,22.0,25.46,25.46,0.55,2,Occasional Large-Charge Users
CUST_06366,1,49.4,49.4,26.0,24.21,24.21,0.49,2,Occasional Large-Charge Users
CUST_06367,1,31.4,31.4,47.0,15.07,15.07,0.48,0,Occasional Standard Users
CUST_06368,1,42.4,42.4,21.0,22.9,22.9,0.54,2,Occasional Large-Charge Users
CUST_06369,1,80.0,80.0,21.0,45.6,45.6,0.57,2,Occasional Large-Charge Users
CUST_06370,1,70.2,70.2,18.0,34.4,34.4,0.49,2,Occasional Large-Charge Users
CUST_06371,1,39.8,39.8,59.0,21.09,21.09,0.53,0,Occasional Standard Users
CUST_06372,1,48.8,48.8,24.0,25.38,25.38,0.52,2,Occasional Large-Charge Users
CUST_06373,1,39.2,39.2,21.0,18.82,18.82,0.48,2,Occasional Large-Charge Users
CUST_06374,1,36.1,36.1,50.0,16.97,16.97,0.47,0,Occasional Standard Users
CUST_06375,1,45.5,45.5,24.0,25.93,25.93,0.57,2,Occasional Large-Charge Users
CUST_06376,1,33.5,33.5,52.0,15.41,15.41,0.46,0,Occasional Standard Users
CUST_06377,1,79.6,79.6,20.0,45.37,45.37,0.57,2,Occasional Large-Charge Users
CUST_06378,1,47.2,47.2,24.0,25.02,25.02,0.53,2,Occasional Large-Charge Users
CUST_06379,1,43.8,43.8,24.0,23.21,23.21,0.53,2,Occasional Large-Charge Users
CUST_06380,1,80.0,80.0,21.0,41.6,41.6,0.52,2,Occasional Large-Charge Users
CUST_06381,1,48.6,48.6,25.0,26.24,26.24,0.54,2,Occasional Large-Charge Users
CUST_06382,1,76.5,76.5,17.0,39.02,39.02,0.51,2,Occasional Large-Charge Users
CUST_06383,1,31.6,31.6,48.0,17.38,17.38,0.55,0,Occasional Standard Users
CUST_06384,1,30.9,30.9,50.0,16.38,16.38,0.53,0,Occasional Standard Users
CUST_06385,1,80.0,80.0,21.0,36.8,36.8,0.46,2,Occasional Large-Charge Users
CUST_06386,1,80.0,80.0,21.0,39.2,39.2,0.49,2,Occasional Large-Charge Users
CUST_06387,1,78.0,78.0,19.0,36.66,36.66,0.47,2,Occasional Large-Charge Users
CUST_06388,1,77.9,77.9,19.0,37.39,37.39,0.48,2,Occasional Large-Charge Users
CUST_06389,1,40.0,40.0,55.0,21.6,21.6,0.54,0,Occasional Standard Users
CUST_06390,1,33.9,33.9,53.0,17.63,17.63,0.52,0,Occasional Standard Users
CUST_06391,1,44.6,44.6,22.0,20.96,20.96,0.47,2,Occasional Large-Charge Users
CUST_06392,1,80.0,80.0,21.0,37.6,37.6,0.47,2,Occasional Large-Charge Users
CUST_06393,1,80.0,80.0,22.0,38.4,38.4,0.48,2,Occasional Large-Charge Users
CUST_06394,1,34.6,34.6,49.0,17.65,17.65,0.51,0,Occasional Standard Users
CUST_06395,1,43.4,43.4,22.0,22.57,22.57,0.52,2,Occasional Large-Charge Users
CUST_06396,1,51.8,51.8,23.0,25.9,25.9,0.5,2,Occasional Large-Charge Users
CUST_06397,1,49.8,49.8,25.0,23.9,23.9,0.48,2,Occasional Large-Charge Users
CUST_06398,1,45.5,45.5,22.0,24.12,24.12,0.53,2,Occasional Large-Charge Users
CUST_06399,1,31.1,31.1,47.0,15.24,15.24,0.49,0,Occasional Standard Users
CUST_06400,1,30.7,30.7,49.0,15.96,15.96,0.52,0,Occasional Standard Users
CUST_06401,1,33.7,33.7,50.0,17.19,17.19,0.51,0,Occasional Standard Users
CUST_06402,1,80.0,80.0,21.0,40.8,40.8,0.51,2,Occasional Large-Charge Users
CUST_06403,1,34.0,34.0,47.0,16.32,16.32,0.48,0,Occasional Standard Users
CUST_06404,1,77.8,77.8,19.0,38.9,38.9,0.5,2,Occasional Large-Charge Users
CUST_06405,1,54.3,54.3,25.0,24.98,24.98,0.46,2,Occasional Large-Charge Users
CUST_06406,1,37.7,37.7,52.0,19.98,19.98,0.53,0,Occasional Standard Users
CUST_06407,1,46.0,46.0,24.0,20.7,20.7,0.45,2,Occasional Large-Charge Users
CUST_06408,1,32.1,32.1,51.0,15.09,15.09,0.47,0,Occasional Standard Users
CUST_06409,1,50.9,50.9,25.0,23.92,23.92,0.47,2,Occasional Large-Charge Users
CUST_06410,1,58.5,58.5,26.0,28.66,28.66,0.49,2,Occasional Large-Charge Users
CUST_06411,1,35.2,35.2,53.0,16.9,16.9,0.48,0,Occasional Standard Users
CUST_06412,1,80.0,80.0,20.0,40.0,40.0,0.5,2,Occasional Large-Charge Users
CUST_06413,1,34.1,34.1,47.0,17.73,17.73,0.52,0,Occasional Standard Users
CUST_06414,1,55.5,55.5,26.0,30.53,30.53,0.55,2,Occasional Large-Charge Users
CUST_06415,1,32.4,32.4,47.0,16.52,16.52,0.51,0,Occasional Standard Users
CUST_06416,1,80.0,80.0,24.0,43.2,43.2,0.54,2,Occasional Large-Charge Users
CUST_06417,1,49.6,49.6,25.0,24.3,24.3,0.49,2,Occasional Large-Charge Users
CUST_06418,1,53.1,53.1,26.0,24.96,24.96,0.47,2,Occasional Large-Charge Users
CUST_06419,1,80.0,80.0,21.0,38.4,38.4,0.48,2,Occasional Large-Charge Users
CUST_06420,1,52.6,52.6,24.0,25.77,25.77,0.49,2,Occasional Large-Charge Users
CUST_06421,1,46.9,46.9,23.0,24.39,24.39,0.52,2,Occasional Large-Charge Users
CUST_06422,1,51.6,51.6,24.0,29.93,29.93,0.58,2,Occasional Large-Charge Users
CUST_06423,1,31.2,31.2,49.0,15.6,15.6,0.5,0,Occasional Standard Users
CUST_06424,1,43.4,43.4,24.0,22.13,22.13,0.51,2,Occasional Large-Charge Users
CUST_06425,1,80.0,80.0,22.0,41.6,41.6,0.52,2,Occasional Large-Charge Users
CUST_06426,1,30.5,30.5,46.0,14.33,14.33,0.47,0,Occasional Standard Users
CUST_06427,1,56.2,56.2,26.0,29.22,29.22,0.52,2,Occasional Large-Charge Users
CUST_06428,1,29.8,29.8,51.0,14.01,14.01,0.47,0,Occasional Standard Users
CUST_06429,1,56.2,56.2,25.0,26.41,26.41,0.47,2,Occasional Large-Charge Users
CUST_06430,1,45.2,45.2,24.0,23.96,23.96,0.53,2,Occasional Large-Charge Users
CUST_06431,1,29.1,29.1,46.0,13.1,13.1,0.45,0,Occasional Standard Users
CUST_06432,1,48.7,48.7,24.0,23.86,23.86,0.49,2,Occasional Large-Charge Users
CUST_06433,1,37.8,37.8,52.0,20.41,20.41,0.54,0,Occasional Standard Users
CUST_06434,1,53.7,53.7,26.0,24.17,24.17,0.45,2,Occasional Large-Charge Users
CUST_06435,1,34.4,34.4,53.0,15.48,15.48,0.45,0,Occasional Standard Users
CUST_06436,1,73.7,73.7,18.0,39.06,39.06,0.53,2,Occasional Large-Charge Users
CUST_06437,1,76.5,76.5,17.0,39.02,39.02,0.51,2,Occasional Large-Charge Users
CUST_06438,1,55.2,55.2,26.0,29.26,29.26,0.53,2,Occasional Large-Charge Users
CUST_06439,1,34.3,34.3,51.0,20.24,20.24,0.59,0,Occasional Standard Users
CUST_06440,1,34.9,34.9,52.0,20.59,20.59,0.59,0,Occasional Standard Users
CUST_06441,1,36.3,36.3,51.0,18.15,18.15,0.5,0,Occasional Standard Users
CUST_06442,1,55.7,55.7,26.0,31.19,31.19,0.56,2,Occasional Large-Charge Users
CUST_06443,1,71.2,71.2,19.0,34.89,34.89,0.49,2,Occasional Large-Charge Users
CUST_06444,1,53.5,53.5,25.0,29.43,29.43,0.55,2,Occasional Large-Charge Users
CUST_06445,1,56.5,56.5,27.0,30.51,30.51,0.54,2,Occasional Large-Charge Users
CUST_06446,1,32.7,32.7,48.0,17.99,17.99,0.55,0,Occasional Standard Users
CUST_06447,1,56.3,56.3,26.0,29.84,29.84,0.53,2,Occasional Large-Charge Users
CUST_06448,1,35.3,35.3,49.0,18.0,18.0,0.51,0,Occasional Standard Users
CUST_06449,1,76.3,76.3,19.0,34.34,34.34,0.45,2,Occasional Large-Charge Users
CUST_06450,1,39.2,39.2,53.0,19.99,19.99,0.51,0,Occasional Standard Users
CUST_06451,1,31.7,31.7,48.0,16.8,16.8,0.53,0,Occasional Standard Users
CUST_06452,1,30.0,30.0,48.0,15.0,15.0,0.5,0,Occasional Standard Users
CUST_06453,1,51.3,51.3,24.0,25.14,25.14,0.49,2,Occasional Large-Charge Users
CUST_06454,1,48.4,48.4,24.0,26.62,26.62,0.55,2,Occasional Large-Charge Users
CUST_06455,1,80.0,80.0,21.0,43.2,43.2,0.54,2,Occasional Large-Charge Users
CUST_06456,1,44.8,44.8,24.0,24.19,24.19,0.54,2,Occasional Large-Charge Users
CUST_06457,1,53.6,53.6,24.0,26.8,26.8,0.5,2,Occasional Large-Charge Users
CUST_06458,1,45.8,45.8,25.0,24.73,24.73,0.54,2,Occasional Large-Charge Users
CUST_06459,1,80.0,80.0,22.0,40.8,40.8,0.51,2,Occasional Large-Charge Users
CUST_06460,1,34.0,34.0,49.0,17.0,17.0,0.5,0,Occasional Standard Users
CUST_06461,1,50.5,50.5,24.0,27.78,27.78,0.55,2,Occasional Large-Charge Users
CUST_06462,1,29.7,29.7,50.0,15.74,15.74,0.53,0,Occasional Standard Users
CUST_06463,1,30.6,30.6,48.0,17.44,17.44,0.57,0,Occasional Standard Users
CUST_06464,1,37.3,37.3,54.0,17.9,17.9,0.48,0,Occasional Standard Users
CUST_06465,1,38.2,38.2,52.0,17.57,17.57,0.46,0,Occasional Standard Users
CUST_06466,1,31.2,31.2,49.0,15.91,15.91,0.51,0,Occasional Standard Users
CUST_06467,1,47.3,47.3,24.0,28.38,28.38,0.6,2,Occasional Large-Charge Users
CUST_06468,1,48.9,48.9,24.0,25.43,25.43,0.52,2,Occasional Large-Charge Users
CUST_06469,1,53.0,53.0,25.0,25.97,25.97,0.49,2,Occasional Large-Charge Users
CUST_06470,1,48.0,48.0,26.0,23.04,23.04,0.48,2,Occasional Large-Charge Users
CUST_06471,1,60.5,60.5,27.0,28.43,28.43,0.47,2,Occasional Large-Charge Users
CUST_06472,1,52.4,52.4,27.0,27.77,27.77,0.53,2,Occasional Large-Charge Users
CUST_06473,1,29.8,29.8,45.0,16.09,16.09,0.54,0,Occasional Standard Users
CUST_06474,1,37.9,37.9,55.0,17.81,17.81,0.47,0,Occasional Standard Users
CUST_06475,1,47.7,47.7,24.0,25.76,25.76,0.54,2,Occasional Large-Charge Users
CUST_06476,1,80.0,80.0,19.0,40.0,40.0,0.5,2,Occasional Large-Charge Users
CUST_06477,1,80.0,80.0,21.0,40.8,40.8,0.51,2,Occasional Large-Charge Users
CUST_06478,1,35.7,35.7,50.0,16.07,16.07,0.45,0,Occasional Standard Users
CUST_06479,1,30.4,30.4,50.0,16.42,16.42,0.54,0,Occasional Standard Users
CUST_06480,1,35.0,35.0,51.0,19.6,19.6,0.56,0,Occasional Standard Users
CUST_06481,1,51.7,51.7,25.0,24.82,24.82,0.48,2,Occasional Large-Charge Users
CUST_06482,1,52.2,52.2,26.0,31.32,31.32,0.6,2,Occasional Large-Charge Users
CUST_06483,1,32.9,32.9,46.0,18.1,18.1,0.55,0,Occasional Standard Users
CUST_06484,1,35.6,35.6,52.0,17.44,17.44,0.49,0,Occasional Standard Users
CUST_06485,1,40.9,40.9,55.0,22.09,22.09,0.54,0,Occasional Standard Users
CUST_06486,1,52.6,52.6,24.0,27.35,27.35,0.52,2,Occasional Large-Charge Users
CUST_06487,1,31.4,31.4,47.0,17.27,17.27,0.55,0,Occasional Standard Users
CUST_06488,1,31.6,31.6,50.0,17.38,17.38,0.55,0,Occasional Standard Users
CUST_06489,1,33.5,33.5,48.0,18.43,18.43,0.55,0,Occasional Standard Users
CUST_06490,1,72.8,72.8,19.0,34.94,34.94,0.48,2,Occasional Large-Charge Users
CUST_06491,1,23.9,23.9,40.0,12.43,12.43,0.52,0,Occasional Standard Users
CUST_06492,1,50.3,50.3,26.0,23.64,23.64,0.47,2,Occasional Large-Charge Users
CUST_06493,1,80.0,80.0,19.0,36.8,36.8,0.46,2,Occasional Large-Charge Users
CUST_06494,1,30.5,30.5,45.0,15.55,15.55,0.51,0,Occasional Standard Users
CUST_06495,1,33.4,33.4,46.0,18.37,18.37,0.55,0,Occasional Standard Users
CUST_06496,1,31.1,31.1,47.0,15.86,15.86,0.51,0,Occasional Standard Users
CUST_06497,1,50.0,50.0,24.0,25.5,25.5,0.51,2,Occasional Large-Charge Users
CUST_06498,1,32.4,32.4,51.0,17.5,17.5,0.54,0,Occasional Standard Users
CUST_06499,1,79.5,79.5,19.0,39.75,39.75,0.5,2,Occasional Large-Charge Users
CUST_06500,1,56.2,56.2,25.0,30.35,30.35,0.54,2,Occasional Large-Charge Users
CUST_06501,1,29.6,29.6,46.0,13.91,13.91,0.47,0,Occasional Standard Users
CUST_06502,1,36.0,36.0,53.0,17.28,17.28,0.48,0,Occasional Standard Users
CUST_06503,1,29.1,29.1,45.0,16.88,16.88,0.58,0,Occasional Standard Users
CUST_06504,1,66.7,66.7,18.0,36.69,36.69,0.55,2,Occasional Large-Charge Users
CUST_06505,1,80.0,80.0,22.0,40.0,40.0,0.5,2,Occasional Large-Charge Users
CUST_06506,1,49.7,49.7,24.0,28.83,28.83,0.58,2,Occasional Large-Charge Users
CUST_06507,1,47.9,47.9,24.0,24.43,24.43,0.51,2,Occasional Large-Charge Users
CUST_06508,1,76.1,76.1,17.0,41.09,41.09,0.54,2,Occasional Large-Charge Users
CUST_06509,1,33.2,33.2,50.0,16.6,16.6,0.5,0,Occasional Standard Users
CUST_06510,1,69.1,69.1,18.0,33.17,33.17,0.48,2,Occasional Large-Charge Users
CUST_06511,1,80.0,80.0,20.0,43.2,43.2,0.54,2,Occasional Large-Charge Users
CUST_06512,1,35.8,35.8,49.0,17.54,17.54,0.49,0,Occasional Standard Users
CUST_06513,1,33.1,33.1,52.0,17.21,17.21,0.52,0,Occasional Standard Users
CUST_06514,1,35.0,35.0,52.0,19.95,19.95,0.57,0,Occasional Standard Users
CUST_06515,1,33.2,33.2,50.0,17.26,17.26,0.52,0,Occasional Standard Users
CUST_06516,1,36.8,36.8,53.0,16.93,16.93,0.46,0,Occasional Standard Users
CUST_06517,1,76.1,76.1,19.0,35.77,35.77,0.47,2,Occasional Large-Charge Users
CUST_06518,1,29.0,29.0,47.0,14.21,14.21,0.49,0,Occasional Standard Users
CUST_06519,1,30.3,30.3,46.0,14.54,14.54,0.48,0,Occasional Standard Users
CUST_06520,1,45.9,45.9,24.0,25.25,25.25,0.55,2,Occasional Large-Charge Users
CUST_06521,1,47.5,47.5,24.0,25.65,25.65,0.54,2,Occasional Large-Charge Users
CUST_06522,1,44.6,44.6,24.0,23.19,23.19,0.52,2,Occasional Large-Charge Users
CUST_06523,1,49.3,49.3,25.0,24.16,24.16,0.49,2,Occasional Large-Charge Users
CUST_06524,1,60.1,60.1,27.0,31.25,31.25,0.52,2,Occasional Large-Charge Users
CUST_06525,1,46.0,46.0,23.0,25.3,25.3,0.55,2,Occasional Large-Charge Users
CUST_06526,1,52.7,52.7,27.0,24.77,24.77,0.47,2,Occasional Large-Charge Users
CUST_06527,1,28.9,28.9,43.0,14.16,14.16,0.49,0,Occasional Standard Users
CUST_06528,1,40.9,40.9,55.0,21.27,21.27,0.52,0,Occasional Standard Users
CUST_06529,1,31.5,31.5,49.0,16.7,16.7,0.53,0,Occasional Standard Users
CUST_06530,1,31.9,31.9,45.0,16.91,16.91,0.53,0,Occasional Standard Users
CUST_06531,1,31.3,31.3,48.0,16.59,16.59,0.53,0,Occasional Standard Users
CUST_06532,1,78.4,78.4,20.0,36.06,36.06,0.46,2,Occasional Large-Charge Users
CUST_06533,1,30.7,30.7,48.0,15.66,15.66,0.51,0,Occasional Standard Users
CUST_06534,1,54.4,54.4,25.0,25.02,25.02,0.46,2,Occasional Large-Charge Users
CUST_06535,1,70.5,70.5,17.0,38.78,38.78,0.55,2,Occasional Large-Charge Users
CUST_06536,1,47.1,47.1,25.0,27.32,27.32,0.58,2,Occasional Large-Charge Users
CUST_06537,1,44.9,44.9,23.0,22.45,22.45,0.5,2,Occasional Large-Charge Users
CUST_06538,1,50.3,50.3,24.0,29.17,29.17,0.58,2,Occasional Large-Charge Users
CUST_06539,1,32.8,32.8,52.0,19.35,19.35,0.59,0,Occasional Standard Users
CUST_06540,1,45.6,45.6,25.0,22.34,22.34,0.49,2,Occasional Large-Charge Users
CUST_06541,1,36.9,36.9,53.0,17.71,17.71,0.48,0,Occasional Standard Users
CUST_06542,1,42.8,42.8,24.0,22.68,22.68,0.53,2,Occasional Large-Charge Users
CUST_06543,1,39.0,39.0,52.0,20.28,20.28,0.52,0,Occasional Standard Users
CUST_06544,1,32.4,32.4,46.0,16.85,16.85,0.52,0,Occasional Standard Users
CUST_06545,1,80.0,80.0,21.0,39.2,39.2,0.49,2,Occasional Large-Charge Users
CUST_06546,1,75.4,75.4,19.0,39.21,39.21,0.52,2,Occasional Large-Charge Users
CUST_06547,1,30.2,30.2,46.0,14.19,14.19,0.47,0,Occasional Standard Users
CUST_06548,1,76.7,76.7,21.0,44.49,44.49,0.58,2,Occasional Large-Charge Users
CUST_06549,1,80.0,80.0,22.0,43.2,43.2,0.54,2,Occasional Large-Charge Users
CUST_06550,1,46.6,46.6,24.0,25.16,25.16,0.54,2,Occasional Large-Charge Users
CUST_06551,1,63.1,63.1,17.0,29.03,29.03,0.46,2,Occasional Large-Charge Users
CUST_06552,1,46.5,46.5,22.0,24.64,24.64,0.53,2,Occasional Large-Charge Users
CUST_06553,1,72.9,72.9,17.0,36.45,36.45,0.5,2,Occasional Large-Charge Users
CUST_06554,1,43.4,43.4,22.0,22.57,22.57,0.52,2,Occasional Large-Charge Users
CUST_06555,1,46.0,46.0,23.0,26.68,26.68,0.58,2,Occasional Large-Charge Users
CUST_06556,1,38.5,38.5,56.0,19.64,19.64,0.51,0,Occasional Standard Users
CUST_06557,1,28.3,28.3,46.0,15.28,15.28,0.54,0,Occasional Standard Users
CUST_06558,1,76.4,76.4,18.0,37.44,37.44,0.49,2,Occasional Large-Charge Users
CUST_06559,1,70.4,70.4,18.0,37.31,37.31,0.53,2,Occasional Large-Charge Users
CUST_06560,1,53.4,53.4,27.0,24.03,24.03,0.45,2,Occasional Large-Charge Users
CUST_06561,1,49.1,49.1,25.0,24.55,24.55,0.5,2,Occasional Large-Charge Users
CUST_06562,1,71.6,71.6,18.0,35.8,35.8,0.5,2,Occasional Large-Charge Users
CUST_06563,1,34.2,34.2,51.0,17.1,17.1,0.5,0,Occasional Standard Users
CUST_06564,1,32.3,32.3,50.0,17.44,17.44,0.54,0,Occasional Standard Users
CUST_06565,1,48.2,48.2,24.0,25.06,25.06,0.52,2,Occasional Large-Charge Users
CUST_06566,1,71.4,71.4,19.0,41.41,41.41,0.58,2,Occasional Large-Charge Users
CUST_06567,1,79.1,79.1,18.0,38.76,38.76,0.49,2,Occasional Large-Charge Users
CUST_06568,1,67.2,67.2,18.0,34.27,34.27,0.51,2,Occasional Large-Charge Users
CUST_06569,1,62.8,62.8,18.0,30.14,30.14,0.48,2,Occasional Large-Charge Users
CUST_06570,1,71.0,71.0,18.0,36.92,36.92,0.52,2,Occasional Large-Charge Users
CUST_06571,1,48.7,48.7,26.0,25.81,25.81,0.53,2,Occasional Large-Charge Users
CUST_06572,1,31.2,31.2,50.0,15.91,15.91,0.51,0,Occasional Standard Users
CUST_06573,1,34.0,34.0,50.0,15.64,15.64,0.46,0,Occasional Standard Users
CUST_06574,1,37.6,37.6,53.0,18.42,18.42,0.49,0,Occasional Standard Users
CUST_06575,1,75.0,75.0,19.0,33.75,33.75,0.45,2,Occasional Large-Charge Users
CUST_06576,1,80.0,80.0,19.0,36.8,36.8,0.46,2,Occasional Large-Charge Users
CUST_06577,1,29.1,29.1,45.0,15.71,15.71,0.54,0,Occasional Standard Users
CUST_06578,1,57.8,57.8,28.0,28.9,28.9,0.5,2,Occasional Large-Charge Users
CUST_06579,1,45.0,45.0,22.0,22.05,22.05,0.49,2,Occasional Large-Charge Users
CUST_06580,1,31.3,31.3,50.0,16.59,16.59,0.53,0,Occasional Standard Users
CUST_06581,1,30.4,30.4,49.0,14.59,14.59,0.48,0,Occasional Standard Users
CUST_06582,1,48.7,48.7,22.0,21.92,21.92,0.45,2,Occasional Large-Charge Users
CUST_06583,1,33.0,33.0,51.0,19.47,19.47,0.59,0,Occasional Standard Users
CUST_06584,1,38.2,38.2,55.0,19.48,19.48,0.51,0,Occasional Standard Users
CUST_06585,1,35.3,35.3,49.0,17.65,17.65,0.5,0,Occasional Standard Users
CUST_06586,1,32.7,32.7,47.0,16.35,16.35,0.5,0,Occasional Standard Users
CUST_06587,1,43.9,43.9,23.0,20.19,20.19,0.46,2,Occasional Large-Charge Users
CUST_06588,1,45.1,45.1,23.0,23.0,23.0,0.51,2,Occasional Large-Charge Users
CUST_06589,1,39.9,39.9,23.0,21.95,21.95,0.55,2,Occasional Large-Charge Users
CUST_06590,1,80.0,80.0,20.0,37.6,37.6,0.47,2,Occasional Large-Charge Users
CUST_06591,1,33.4,33.4,51.0,16.03,16.03,0.48,0,Occasional Standard Users
CUST_06592,1,28.5,28.5,42.0,13.68,13.68,0.48,0,Occasional Standard Users
CUST_06593,1,45.8,45.8,23.0,23.82,23.82,0.52,2,Occasional Large-Charge Users
CUST_06594,1,80.0,80.0,20.0,42.4,42.4,0.53,2,Occasional Large-Charge Users
CUST_06595,1,49.8,49.8,23.0,25.9,25.9,0.52,2,Occasional Large-Charge Users
CUST_06596,1,77.9,77.9,19.0,41.29,41.29,0.53,2,Occasional Large-Charge Users
CUST_06597,1,48.0,48.0,23.0,26.88,26.88,0.56,2,Occasional Large-Charge Users
CUST_06598,1,33.1,33.1,53.0,16.88,16.88,0.51,0,Occasional Standard Users
CUST_06599,1,64.1,64.1,18.0,32.69,32.69,0.51,2,Occasional Large-Charge Users
CUST_06600,1,34.8,34.8,48.0,16.01,16.01,0.46,0,Occasional Standard Users
CUST_06601,1,76.6,76.6,20.0,37.53,37.53,0.49,2,Occasional Large-Charge Users
CUST_06602,1,54.5,54.5,28.0,27.8,27.8,0.51,2,Occasional Large-Charge Users
CUST_06603,1,36.0,36.0,48.0,19.8,19.8,0.55,0,Occasional Standard Users
CUST_06604,1,76.9,76.9,18.0,40.76,40.76,0.53,2,Occasional Large-Charge Users
CUST_06605,1,33.8,33.8,51.0,16.22,16.22,0.48,0,Occasional Standard Users
CUST_06606,1,30.4,30.4,48.0,14.29,14.29,0.47,0,Occasional Standard Users
CUST_06607,1,35.3,35.3,50.0,18.0,18.0,0.51,0,Occasional Standard Users
CUST_06608,1,44.5,44.5,24.0,20.03,20.03,0.45,2,Occasional Large-Charge Users
CUST_06609,1,48.4,48.4,23.0,23.23,23.23,0.48,2,Occasional Large-Charge Users
CUST_06610,1,38.3,38.3,53.0,17.62,17.62,0.46,0,Occasional Standard Users
CUST_06611,1,49.6,49.6,25.0,24.8,24.8,0.5,2,Occasional Large-Charge Users
CUST_06612,1,34.4,34.4,55.0,18.92,18.92,0.55,0,Occasional Standard Users
CUST_06613,1,31.2,31.2,48.0,16.85,16.85,0.54,0,Occasional Standard Users
CUST_06614,1,75.4,75.4,18.0,45.24,45.24,0.6,2,Occasional Large-Charge Users
CUST_06615,1,71.4,71.4,18.0,37.84,37.84,0.53,2,Occasional Large-Charge Users
CUST_06616,1,50.1,50.1,25.0,26.05,26.05,0.52,2,Occasional Large-Charge Users
CUST_06617,1,31.9,31.9,51.0,16.59,16.59,0.52,0,Occasional Standard Users
CUST_06618,1,29.3,29.3,46.0,16.99,16.99,0.58,0,Occasional Standard Users
CUST_06619,1,46.9,46.9,25.0,22.04,22.04,0.47,2,Occasional Large-Charge Users
CUST_06620,1,36.2,36.2,52.0,21.72,21.72,0.6,0,Occasional Standard Users
CUST_06621,1,35.4,35.4,52.0,18.05,18.05,0.51,0,Occasional Standard Users
CUST_06622,1,28.2,28.2,45.0,12.69,12.69,0.45,0,Occasional Standard Users
CUST_06623,1,49.8,49.8,24.0,22.41,22.41,0.45,2,Occasional Large-Charge Users
CUST_06624,1,32.5,32.5,48.0,17.55,17.55,0.54,0,Occasional Standard Users
CUST_06625,1,56.7,56.7,27.0,29.48,29.48,0.52,2,Occasional Large-Charge Users
CUST_06626,1,52.7,52.7,26.0,24.77,24.77,0.47,2,Occasional Large-Charge Users
CUST_06627,1,46.0,46.0,23.0,26.22,26.22,0.57,2,Occasional Large-Charge Users
CUST_06628,1,24.7,24.7,45.0,13.09,13.09,0.53,0,Occasional Standard Users
CUST_06629,1,34.6,34.6,50.0,19.03,19.03,0.55,0,Occasional Standard Users
CUST_06630,1,48.7,48.7,24.0,28.73,28.73,0.59,2,Occasional Large-Charge Users
CUST_06631,1,46.9,46.9,25.0,23.92,23.92,0.51,2,Occasional Large-Charge Users
CUST_06632,1,80.0,80.0,19.0,43.2,43.2,0.54,2,Occasional Large-Charge Users
CUST_06633,1,32.5,32.5,48.0,15.92,15.92,0.49,0,Occasional Standard Users
CUST_06634,1,32.0,32.0,47.0,17.28,17.28,0.54,0,Occasional Standard Users
CUST_06635,1,46.3,46.3,23.0,25.0,25.0,0.54,2,Occasional Large-Charge Users
CUST_06636,1,79.1,79.1,20.0,37.97,37.97,0.48,2,Occasional Large-Charge Users
CUST_06637,1,30.6,30.6,47.0,16.52,16.52,0.54,0,Occasional Standard Users
CUST_06638,1,80.0,80.0,21.0,41.6,41.6,0.52,2,Occasional Large-Charge Users
CUST_06639,1,47.4,47.4,24.0,21.8,21.8,0.46,2,Occasional Large-Charge Users
CUST_06640,1,45.8,45.8,24.0,23.82,23.82,0.52,2,Occasional Large-Charge Users
CUST_06641,1,78.8,78.8,21.0,36.25,36.25,0.46,2,Occasional Large-Charge Users
CUST_06642,1,31.5,31.5,53.0,16.38,16.38,0.52,0,Occasional Standard Users
CUST_06643,1,80.0,80.0,20.0,40.8,40.8,0.51,2,Occasional Large-Charge Users
CUST_06644,1,30.7,30.7,46.0,15.35,15.35,0.5,0,Occasional Standard Users
CUST_06645,1,34.9,34.9,53.0,17.45,17.45,0.5,0,Occasional Standard Users
CUST_06646,1,51.0,51.0,25.0,23.97,23.97,0.47,2,Occasional Large-Charge Users
CUST_06647,1,67.9,67.9,18.0,35.99,35.99,0.53,2,Occasional Large-Charge Users
CUST_06648,1,42.6,42.6,23.0,21.3,21.3,0.5,2,Occasional Large-Charge Users
CUST_06649,1,31.5,31.5,52.0,14.8,14.8,0.47,0,Occasional Standard Users
CUST_06650,1,49.4,49.4,24.0,23.22,23.22,0.47,2,Occasional Large-Charge Users
CUST_06651,1,49.2,49.2,25.0,24.6,24.6,0.5,2,Occasional Large-Charge Users
CUST_06652,1,31.1,31.1,47.0,14.31,14.31,0.46,0,Occasional Standard Users
CUST_06653,1,31.2,31.2,49.0,18.41,18.41,0.59,0,Occasional Standard Users
CUST_06654,1,35.5,35.5,52.0,17.04,17.04,0.48,0,Occasional Standard Users
CUST_06655,1,33.5,33.5,48.0,16.75,16.75,0.5,0,Occasional Standard Users
CUST_06656,1,47.7,47.7,25.0,21.94,21.94,0.46,2,Occasional Large-Charge Users
CUST_06657,1,51.8,51.8,23.0,25.38,25.38,0.49,2,Occasional Large-Charge Users
CUST_06658,1,56.0,56.0,26.0,28.56,28.56,0.51,2,Occasional Large-Charge Users
CUST_06659,1,80.0,80.0,19.0,40.0,40.0,0.5,2,Occasional Large-Charge Users
CUST_06660,1,80.0,80.0,21.0,37.6,37.6,0.47,2,Occasional Large-Charge Users
CUST_06661,1,30.1,30.1,45.0,16.25,16.25,0.54,0,Occasional Standard Users
CUST_06662,1,53.9,53.9,28.0,26.41,26.41,0.49,2,Occasional Large-Charge Users
CUST_06663,1,50.0,50.0,23.0,29.0,29.0,0.58,2,Occasional Large-Charge Users
CUST_06664,1,32.1,32.1,48.0,16.05,16.05,0.5,0,Occasional Standard Users
CUST_06665,1,50.3,50.3,27.0,24.65,24.65,0.49,2,Occasional Large-Charge Users
CUST_06666,1,29.4,29.4,49.0,15.29,15.29,0.52,0,Occasional Standard Users
CUST_06667,1,78.7,78.7,21.0,44.07,44.07,0.56,2,Occasional Large-Charge Users
CUST_06668,1,37.6,37.6,52.0,19.93,19.93,0.53,0,Occasional Standard Users
CUST_06669,1,29.0,29.0,46.0,15.95,15.95,0.55,0,Occasional Standard Users
CUST_06670,1,29.2,29.2,45.0,15.48,15.48,0.53,0,Occasional Standard Users
CUST_06671,1,49.6,49.6,24.0,27.78,27.78,0.56,2,Occasional Large-Charge Users
CUST_06672,1,34.7,34.7,50.0,16.31,16.31,0.47,0,Occasional Standard Users
CUST_06673,1,75.6,75.6,19.0,39.31,39.31,0.52,2,Occasional Large-Charge Users
CUST_06674,1,76.6,76.6,20.0,39.07,39.07,0.51,2,Occasional Large-Charge Users
CUST_06675,1,31.8,31.8,51.0,16.22,16.22,0.51,0,Occasional Standard Users
CUST_06676,1,47.1,47.1,26.0,24.02,24.02,0.51,2,Occasional Large-Charge Users
CUST_06677,1,80.0,80.0,21.0,47.2,47.2,0.59,2,Occasional Large-Charge Users
CUST_06678,1,45.7,45.7,23.0,25.14,25.14,0.55,2,Occasional Large-Charge Users
CUST_06679,1,75.0,75.0,18.0,36.0,36.0,0.48,2,Occasional Large-Charge Users
CUST_06680,1,37.0,37.0,55.0,17.76,17.76,0.48,0,Occasional Standard Users
CUST_06681,1,51.3,51.3,24.0,27.7,27.7,0.54,2,Occasional Large-Charge Users
CUST_06682,1,30.2,30.2,52.0,15.7,15.7,0.52,0,Occasional Standard Users
CUST_06683,1,34.4,34.4,48.0,18.23,18.23,0.53,0,Occasional Standard Users
CUST_06684,1,49.1,49.1,22.0,24.55,24.55,0.5,2,Occasional Large-Charge Users
CUST_06685,1,31.1,31.1,44.0,14.93,14.93,0.48,0,Occasional Standard Users
CUST_06686,1,80.0,80.0,21.0,48.0,48.0,0.6,2,Occasional Large-Charge Users
CUST_06687,1,80.0,80.0,23.0,43.2,43.2,0.54,2,Occasional Large-Charge Users
CUST_06688,1,68.8,68.8,18.0,38.53,38.53,0.56,2,Occasional Large-Charge Users
CUST_06689,1,51.2,51.2,26.0,30.72,30.72,0.6,2,Occasional Large-Charge Users
CUST_06690,1,57.6,57.6,27.0,28.8,28.8,0.5,2,Occasional Large-Charge Users
CUST_06691,1,35.5,35.5,49.0,16.68,16.68,0.47,0,Occasional Standard Users
CUST_06692,1,44.8,44.8,23.0,24.64,24.64,0.55,2,Occasional Large-Charge Users
CUST_06693,1,38.1,38.1,56.0,20.57,20.57,0.54,0,Occasional Standard Users
CUST_06694,1,45.4,45.4,24.0,23.61,23.61,0.52,2,Occasional Large-Charge Users
CUST_06695,1,46.9,46.9,23.0,26.73,26.73,0.57,2,Occasional Large-Charge Users
CUST_06696,1,49.1,49.1,26.0,27.01,27.01,0.55,2,Occasional Large-Charge Users
CUST_06697,1,44.9,44.9,23.0,22.0,22.0,0.49,2,Occasional Large-Charge Users
CUST_06698,1,72.9,72.9,20.0,33.53,33.53,0.46,2,Occasional Large-Charge Users
CUST_06699,1,32.4,32.4,48.0,16.85,16.85,0.52,0,Occasional Standard Users
CUST_06700,1,33.2,33.2,51.0,16.6,16.6,0.5,0,Occasional Standard Users
CUST_06701,1,35.2,35.2,52.0,17.6,17.6,0.5,0,Occasional Standard Users
CUST_06702,1,51.2,51.2,25.0,24.06,24.06,0.47,2,Occasional Large-Charge Users
CUST_06703,1,48.3,48.3,25.0,26.57,26.57,0.55,2,Occasional Large-Charge Users
CUST_06704,1,79.3,79.3,20.0,39.65,39.65,0.5,2,Occasional Large-Charge Users
CUST_06705,1,50.5,50.5,27.0,24.75,24.75,0.49,2,Occasional Large-Charge Users
CUST_06706,1,34.4,34.4,53.0,16.86,16.86,0.49,0,Occasional Standard Users
CUST_06707,1,30.8,30.8,48.0,14.17,14.17,0.46,0,Occasional Standard Users
CUST_06708,1,56.2,56.2,25.0,28.66,28.66,0.51,2,Occasional Large-Charge Users
CUST_06709,1,80.0,80.0,19.0,39.2,39.2,0.49,2,Occasional Large-Charge Users
CUST_06710,1,46.6,46.6,23.0,27.03,27.03,0.58,2,Occasional Large-Charge Users
CUST_06711,1,80.0,80.0,18.0,47.2,47.2,0.59,2,Occasional Large-Charge Users
CUST_06712,1,73.6,73.6,18.0,39.74,39.74,0.54,2,Occasional Large-Charge Users
CUST_06713,1,51.5,51.5,25.0,27.3,27.3,0.53,2,Occasional Large-Charge Users
CUST_06714,1,30.7,30.7,45.0,15.35,15.35,0.5,0,Occasional Standard Users
CUST_06715,1,73.5,73.5,18.0,43.36,43.36,0.59,2,Occasional Large-Charge Users
CUST_06716,1,47.3,47.3,24.0,22.23,22.23,0.47,2,Occasional Large-Charge Users
CUST_06717,1,68.3,68.3,18.0,34.15,34.15,0.5,2,Occasional Large-Charge Users
CUST_06718,1,34.6,34.6,54.0,18.68,18.68,0.54,0,Occasional Standard Users
CUST_06719,1,38.1,38.1,55.0,18.29,18.29,0.48,0,Occasional Standard Users
CUST_06720,1,36.6,36.6,54.0,21.59,21.59,0.59,0,Occasional Standard Users
CUST_06721,1,56.7,56.7,27.0,28.35,28.35,0.5,2,Occasional Large-Charge Users
CUST_06722,1,70.5,70.5,17.0,38.07,38.07,0.54,2,Occasional Large-Charge Users
CUST_06723,1,32.3,32.3,50.0,18.41,18.41,0.57,0,Occasional Standard Users
CUST_06724,1,30.9,30.9,48.0,16.69,16.69,0.54,0,Occasional Standard Users
CUST_06725,1,28.4,28.4,44.0,14.77,14.77,0.52,0,Occasional Standard Users
CUST_06726,1,80.0,80.0,24.0,37.6,37.6,0.47,2,Occasional Large-Charge Users
CUST_06727,1,80.0,80.0,19.0,40.0,40.0,0.5,2,Occasional Large-Charge Users
CUST_06728,1,74.1,74.1,20.0,38.53,38.53,0.52,2,Occasional Large-Charge Users
CUST_06729,1,80.0,80.0,20.0,40.0,40.0,0.5,2,Occasional Large-Charge Users
CUST_06730,1,31.8,31.8,45.0,15.9,15.9,0.5,0,Occasional Standard Users
CUST_06731,1,80.0,80.0,22.0,40.0,40.0,0.5,2,Occasional Large-Charge Users
CUST_06732,1,42.5,42.5,21.0,25.5,25.5,0.6,2,Occasional Large-Charge Users
CUST_06733,1,38.3,38.3,54.0,21.45,21.45,0.56,0,Occasional Standard Users
CUST_06734,1,43.7,43.7,23.0,23.16,23.16,0.53,2,Occasional Large-Charge Users
CUST_06735,1,36.8,36.8,53.0,20.61,20.61,0.56,0,Occasional Standard Users
CUST_06736,1,28.7,28.7,47.0,14.64,14.64,0.51,0,Occasional Standard Users
CUST_06737,1,30.8,30.8,46.0,16.32,16.32,0.53,0,Occasional Standard Users
CUST_06738,1,75.0,75.0,20.0,40.5,40.5,0.54,2,Occasional Large-Charge Users
CUST_06739,1,70.5,70.5,16.0,35.25,35.25,0.5,2,Occasional Large-Charge Users
CUST_06740,1,63.3,63.3,17.0,29.12,29.12,0.46,2,Occasional Large-Charge Users
CUST_06741,1,80.0,80.0,20.0,38.4,38.4,0.48,2,Occasional Large-Charge Users
CUST_06742,1,43.5,43.5,23.0,19.57,19.57,0.45,2,Occasional Large-Charge Users
CUST_06743,1,42.3,42.3,26.0,23.27,23.27,0.55,2,Occasional Large-Charge Users
CUST_06744,1,46.4,46.4,24.0,21.34,21.34,0.46,2,Occasional Large-Charge Users
CUST_06745,1,48.9,48.9,26.0,23.96,23.96,0.49,2,Occasional Large-Charge Users
CUST_06746,1,33.6,33.6,52.0,18.14,18.14,0.54,0,Occasional Standard Users
CUST_06747,1,45.4,45.4,25.0,24.06,24.06,0.53,2,Occasional Large-Charge Users
CUST_06748,1,65.4,65.4,17.0,35.97,35.97,0.55,2,Occasional Large-Charge Users
CUST_06749,1,68.3,68.3,17.0,32.78,32.78,0.48,2,Occasional Large-Charge Users
CUST_06750,1,49.1,49.1,26.0,24.55,24.55,0.5,2,Occasional Large-Charge Users
CUST_06751,1,29.8,29.8,46.0,14.9,14.9,0.5,0,Occasional Standard Users
CUST_06752,1,38.6,38.6,53.0,20.46,20.46,0.53,0,Occasional Standard Users
CUST_06753,1,68.6,68.6,17.0,36.36,36.36,0.53,2,Occasional Large-Charge Users
CUST_06754,1,29.4,29.4,50.0,15.29,15.29,0.52,0,Occasional Standard Users
CUST_06755,1,77.6,77.6,20.0,41.9,41.9,0.54,2,Occasional Large-Charge Users
CUST_06756,1,28.2,28.2,42.0,15.51,15.51,0.55,0,Occasional Standard Users
CUST_06757,1,71.4,71.4,19.0,35.7,35.7,0.5,2,Occasional Large-Charge Users
CUST_06758,1,54.0,54.0,24.0,26.46,26.46,0.49,2,Occasional Large-Charge Users
CUST_06759,1,77.1,77.1,18.0,37.78,37.78,0.49,2,Occasional Large-Charge Users
CUST_06760,1,72.4,72.4,18.0,36.92,36.92,0.51,2,Occasional Large-Charge Users
CUST_06761,1,30.0,30.0,49.0,13.8,13.8,0.46,0,Occasional Standard Users
CUST_06762,1,30.4,30.4,48.0,16.42,16.42,0.54,0,Occasional Standard Users
CUST_06763,1,49.0,49.0,26.0,25.97,25.97,0.53,2,Occasional Large-Charge Users
CUST_06764,1,59.6,59.6,27.0,32.18,32.18,0.54,2,Occasional Large-Charge Users
CUST_06765,1,51.7,51.7,24.0,27.4,27.4,0.53,2,Occasional Large-Charge Users
CUST_06766,1,36.3,36.3,55.0,19.96,19.96,0.55,0,Occasional Standard Users
CUST_06767,1,47.2,47.2,26.0,22.18,22.18,0.47,2,Occasional Large-Charge Users
CUST_06768,1,49.5,49.5,25.0,25.74,25.74,0.52,2,Occasional Large-Charge Users
CUST_06769,1,35.1,35.1,48.0,21.41,21.41,0.61,0,Occasional Standard Users
CUST_06770,1,57.0,57.0,26.0,26.79,26.79,0.47,2,Occasional Large-Charge Users
CUST_06771,1,68.8,68.8,17.0,37.84,37.84,0.55,2,Occasional Large-Charge Users
CUST_06772,1,33.4,33.4,53.0,15.36,15.36,0.46,0,Occasional Standard Users
CUST_06773,1,33.0,33.0,45.0,19.47,19.47,0.59,0,Occasional Standard Users
CUST_06774,1,35.7,35.7,50.0,19.28,19.28,0.54,0,Occasional Standard Users
CUST_06775,1,29.7,29.7,46.0,15.44,15.44,0.52,0,Occasional Standard Users
CUST_06776,1,58.5,58.5,26.0,31.59,31.59,0.54,2,Occasional Large-Charge Users
CUST_06777,1,34.1,34.1,48.0,16.03,16.03,0.47,0,Occasional Standard Users
CUST_06778,1,48.1,48.1,23.0,25.49,25.49,0.53,2,Occasional Large-Charge Users
CUST_06779,1,58.8,58.8,28.0,29.4,29.4,0.5,2,Occasional Large-Charge Users
CUST_06780,1,30.0,30.0,47.0,15.0,15.0,0.5,0,Occasional Standard Users
CUST_06781,1,33.7,33.7,52.0,16.18,16.18,0.48,0,Occasional Standard Users
CUST_06782,1,49.3,49.3,25.0,25.64,25.64,0.52,2,Occasional Large-Charge Users
CUST_06783,1,76.2,76.2,19.0,35.05,35.05,0.46,2,Occasional Large-Charge Users
CUST_06784,1,47.1,47.1,23.0,24.02,24.02,0.51,2,Occasional Large-Charge Users
CUST_06785,1,74.0,74.0,20.0,34.78,34.78,0.47,2,Occasional Large-Charge Users
CUST_06786,1,36.6,36.6,49.0,16.47,16.47,0.45,0,Occasional Standard Users
CUST_06787,1,76.1,76.1,19.0,41.85,41.85,0.55,2,Occasional Large-Charge Users
CUST_06788,1,56.5,56.5,27.0,29.38,29.38,0.52,2,Occasional Large-Charge Users
CUST_06789,1,35.3,35.3,48.0,16.24,16.24,0.46,0,Occasional Standard Users
CUST_06790,1,49.1,49.1,23.0,22.59,22.59,0.46,2,Occasional Large-Charge Users
CUST_06791,1,70.8,70.8,17.0,36.82,36.82,0.52,2,Occasional Large-Charge Users
CUST_06792,1,35.4,35.4,55.0,17.35,17.35,0.49,0,Occasional Standard Users
CUST_06793,1,47.5,47.5,25.0,21.85,21.85,0.46,2,Occasional Large-Charge Users
CUST_06794,1,49.0,49.0,25.0,23.52,23.52,0.48,2,Occasional Large-Charge Users
CUST_06795,1,80.0,80.0,21.0,36.0,36.0,0.45,2,Occasional Large-Charge Users
CUST_06796,1,29.7,29.7,46.0,15.15,15.15,0.51,0,Occasional Standard Users
CUST_06797,1,32.9,32.9,52.0,16.45,16.45,0.5,0,Occasional Standard Users
CUST_06798,1,48.4,48.4,24.0,21.78,21.78,0.45,2,Occasional Large-Charge Users
CUST_06799,1,32.6,32.6,51.0,15.97,15.97,0.49,0,Occasional Standard Users
CUST_06800,1,36.9,36.9,51.0,18.45,18.45,0.5,0,Occasional Standard Users
CUST_06801,1,32.5,32.5,50.0,15.27,15.27,0.47,0,Occasional Standard Users
CUST_06802,1,48.8,48.8,25.0,26.35,26.35,0.54,2,Occasional Large-Charge Users
CUST_06803,1,46.3,46.3,22.0,24.54,24.54,0.53,2,Occasional Large-Charge Users
CUST_06804,1,80.0,80.0,21.0,42.4,42.4,0.53,2,Occasional Large-Charge Users
CUST_06805,1,67.7,67.7,19.0,35.88,35.88,0.53,2,Occasional Large-Charge Users
CUST_06806,1,51.0,51.0,24.0,27.54,27.54,0.54,2,Occasional Large-Charge Users
CUST_06807,1,69.1,69.1,18.0,36.62,36.62,0.53,2,Occasional Large-Charge Users
CUST_06808,1,32.5,32.5,50.0,14.95,14.95,0.46,0,Occasional Standard Users
CUST_06809,1,49.8,49.8,25.0,25.4,25.4,0.51,2,Occasional Large-Charge Users
CUST_06810,1,46.8,46.8,24.0,23.4,23.4,0.5,2,Occasional Large-Charge Users
CUST_06811,1,78.6,78.6,20.0,40.87,40.87,0.52,2,Occasional Large-Charge Users
CUST_06812,1,30.4,30.4,46.0,14.29,14.29,0.47,0,Occasional Standard Users
CUST_06813,1,49.4,49.4,24.0,27.17,27.17,0.55,2,Occasional Large-Charge Users
CUST_06814,1,43.0,43.0,23.0,22.36,22.36,0.52,2,Occasional Large-Charge Users
CUST_06815,1,27.3,27.3,48.0,15.02,15.02,0.55,0,Occasional Standard Users
CUST_06816,1,35.3,35.3,52.0,17.65,17.65,0.5,0,Occasional Standard Users
CUST_06817,1,78.0,78.0,18.0,37.44,37.44,0.48,2,Occasional Large-Charge Users
CUST_06818,1,46.4,46.4,24.0,22.74,22.74,0.49,2,Occasional Large-Charge Users
CUST_06819,1,34.0,34.0,49.0,17.0,17.0,0.5,0,Occasional Standard Users
CUST_06820,1,46.3,46.3,23.0,22.69,22.69,0.49,2,Occasional Large-Charge Users
CUST_06821,1,77.4,77.4,19.0,38.7,38.7,0.5,2,Occasional Large-Charge Users
CUST_06822,1,49.7,49.7,25.0,26.84,26.84,0.54,2,Occasional Large-Charge Users
CUST_06823,1,80.0,80.0,21.0,36.8,36.8,0.46,2,Occasional Large-Charge Users
CUST_06824,1,51.5,51.5,25.0,23.18,23.18,0.45,2,Occasional Large-Charge Users
CUST_06825,1,32.1,32.1,48.0,15.41,15.41,0.48,0,Occasional Standard Users
CUST_06826,1,69.4,69.4,18.0,33.31,33.31,0.48,2,Occasional Large-Charge Users
CUST_06827,1,75.8,75.8,19.0,40.93,40.93,0.54,2,Occasional Large-Charge Users
CUST_06828,1,52.6,52.6,25.0,27.35,27.35,0.52,2,Occasional Large-Charge Users
CUST_06829,1,54.3,54.3,25.0,28.24,28.24,0.52,2,Occasional Large-Charge Users
CUST_06830,1,31.2,31.2,50.0,14.35,14.35,0.46,0,Occasional Standard Users
CUST_06831,1,28.0,28.0,43.0,14.84,14.84,0.53,0,Occasional Standard Users
CUST_06832,1,76.0,76.0,19.0,41.04,41.04,0.54,2,Occasional Large-Charge Users
CUST_06833,1,71.3,71.3,18.0,36.36,36.36,0.51,2,Occasional Large-Charge Users
CUST_06834,1,76.1,76.1,21.0,40.33,40.33,0.53,2,Occasional Large-Charge Users
CUST_06835,1,80.0,80.0,22.0,41.6,41.6,0.52,2,Occasional Large-Charge Users
CUST_06836,1,43.9,43.9,24.0,21.07,21.07,0.48,2,Occasional Large-Charge Users
CUST_06837,1,43.2,43.2,21.0,23.76,23.76,0.55,2,Occasional Large-Charge Users
CUST_06838,1,67.9,67.9,19.0,31.91,31.91,0.47,2,Occasional Large-Charge Users
CUST_06839,1,35.3,35.3,53.0,18.0,18.0,0.51,0,Occasional Standard Users
CUST_06840,1,32.4,32.4,52.0,18.79,18.79,0.58,0,Occasional Standard Users
CUST_06841,1,31.6,31.6,48.0,17.06,17.06,0.54,0,Occasional Standard Users
CUST_06842,1,74.6,74.6,18.0,34.32,34.32,0.46,2,Occasional Large-Charge Users
CUST_06843,1,70.9,70.9,18.0,38.29,38.29,0.54,2,Occasional Large-Charge Users
CUST_06844,1,53.2,53.2,28.0,28.73,28.73,0.54,2,Occasional Large-Charge Users
CUST_06845,1,32.8,32.8,48.0,17.71,17.71,0.54,0,Occasional Standard Users
CUST_06846,1,46.9,46.9,23.0,25.33,25.33,0.54,2,Occasional Large-Charge Users
CUST_06847,1,42.8,42.8,23.0,19.69,19.69,0.46,2,Occasional Large-Charge Users
CUST_06848,1,51.0,51.0,25.0,26.52,26.52,0.52,2,Occasional Large-Charge Users
CUST_06849,1,29.7,29.7,48.0,14.26,14.26,0.48,0,Occasional Standard Users
CUST_06850,1,36.7,36.7,52.0,19.08,19.08,0.52,0,Occasional Standard Users
CUST_06851,1,42.4,42.4,22.0,19.93,19.93,0.47,2,Occasional Large-Charge Users
CUST_06852,1,33.7,33.7,51.0,19.88,19.88,0.59,0,Occasional Standard Users
CUST_06853,1,80.0,80.0,21.0,40.0,40.0,0.5,2,Occasional Large-Charge Users
CUST_06854,1,55.6,55.6,26.0,27.8,27.8,0.5,2,Occasional Large-Charge Users
CUST_06855,1,79.3,79.3,19.0,41.24,41.24,0.52,2,Occasional Large-Charge Users
CUST_06856,1,73.9,73.9,19.0,38.43,38.43,0.52,2,Occasional Large-Charge Users
CUST_06857,1,48.3,48.3,23.0,24.63,24.63,0.51,2,Occasional Large-Charge Users
CUST_06858,1,35.2,35.2,47.0,17.95,17.95,0.51,0,Occasional Standard Users
CUST_06859,1,36.2,36.2,56.0,19.19,19.19,0.53,0,Occasional Standard Users
CUST_06860,1,36.8,36.8,51.0,18.4,18.4,0.5,0,Occasional Standard Users
CUST_06861,1,34.4,34.4,51.0,16.17,16.17,0.47,0,Occasional Standard Users
CUST_06862,1,34.3,34.3,53.0,16.46,16.46,0.48,0,Occasional Standard Users
CUST_06863,1,32.9,32.9,49.0,17.44,17.44,0.53,0,Occasional Standard Users
CUST_06864,1,74.9,74.9,19.0,39.7,39.7,0.53,2,Occasional Large-Charge Users
CUST_06865,1,30.4,30.4,46.0,15.5,15.5,0.51,0,Occasional Standard Users
CUST_06866,1,51.5,51.5,28.0,24.72,24.72,0.48,2,Occasional Large-Charge Users
CUST_06867,1,28.7,28.7,45.0,14.64,14.64,0.51,0,Occasional Standard Users
CUST_06868,1,76.7,76.7,19.0,35.28,35.28,0.46,2,Occasional Large-Charge Users
CUST_06869,1,32.8,32.8,48.0,17.06,17.06,0.52,0,Occasional Standard Users
CUST_06870,1,50.6,50.6,24.0,26.31,26.31,0.52,2,Occasional Large-Charge Users
CUST_06871,1,48.3,48.3,24.0,23.18,23.18,0.48,2,Occasional Large-Charge Users
CUST_06872,1,51.1,51.1,26.0,29.13,29.13,0.57,2,Occasional Large-Charge Users
CUST_06873,1,76.4,76.4,19.0,44.31,44.31,0.58,2,Occasional Large-Charge Users
CUST_06874,1,80.0,80.0,21.0,43.2,43.2,0.54,2,Occasional Large-Charge Users
CUST_06875,1,80.0,80.0,20.0,40.8,40.8,0.51,2,Occasional Large-Charge Users
CUST_06876,1,52.0,52.0,25.0,28.6,28.6,0.55,2,Occasional Large-Charge Users
CUST_06877,1,80.0,80.0,21.0,41.6,41.6,0.52,2,Occasional Large-Charge Users
CUST_06878,1,45.1,45.1,23.0,23.9,23.9,0.53,2,Occasional Large-Charge Users
CUST_06879,1,37.7,37.7,60.0,20.74,20.74,0.55,0,Occasional Standard Users
CUST_06880,1,46.1,46.1,24.0,20.75,20.75,0.45,2,Occasional Large-Charge Users
CUST_06881,1,45.6,45.6,23.0,21.43,21.43,0.47,2,Occasional Large-Charge Users
CUST_06882,1,45.8,45.8,25.0,21.07,21.07,0.46,2,Occasional Large-Charge Users
CUST_06883,1,78.8,78.8,21.0,40.98,40.98,0.52,2,Occasional Large-Charge Users
CUST_06884,1,49.9,49.9,25.0,23.95,23.95,0.48,2,Occasional Large-Charge Users
CUST_06885,1,41.3,41.3,22.0,19.0,19.0,0.46,2,Occasional Large-Charge Users
CUST_06886,1,31.9,31.9,52.0,14.67,14.67,0.46,0,Occasional Standard Users
CUST_06887,1,80.0,80.0,21.0,40.8,40.8,0.51,2,Occasional Large-Charge Users
CUST_06888,1,50.8,50.8,24.0,26.42,26.42,0.52,2,Occasional Large-Charge Users
CUST_06889,1,50.3,50.3,26.0,23.14,23.14,0.46,2,Occasional Large-Charge Users
CUST_06890,1,33.0,33.0,58.0,16.5,16.5,0.5,0,Occasional Standard Users
CUST_06891,1,32.0,32.0,49.0,16.96,16.96,0.53,0,Occasional Standard Users
CUST_06892,1,54.1,54.1,27.0,27.05,27.05,0.5,2,Occasional Large-Charge Users
CUST_06893,1,26.5,26.5,42.0,13.78,13.78,0.52,0,Occasional Standard Users
CUST_06894,1,45.7,45.7,23.0,23.31,23.31,0.51,2,Occasional Large-Charge Users
CUST_06895,1,48.7,48.7,24.0,23.38,23.38,0.48,2,Occasional Large-Charge Users
CUST_06896,1,32.7,32.7,45.0,15.04,15.04,0.46,0,Occasional Standard Users
CUST_06897,1,32.6,32.6,49.0,18.58,18.58,0.57,0,Occasional Standard Users
CUST_06898,1,80.0,80.0,22.0,43.2,43.2,0.54,2,Occasional Large-Charge Users
CUST_06899,1,31.5,31.5,51.0,15.44,15.44,0.49,0,Occasional Standard Users
CUST_06900,1,28.5,28.5,49.0,13.11,13.11,0.46,0,Occasional Standard Users
CUST_06901,1,54.7,54.7,28.0,26.26,26.26,0.48,2,Occasional Large-Charge Users
CUST_06902,1,49.6,49.6,24.0,23.81,23.81,0.48,2,Occasional Large-Charge Users
CUST_06903,1,34.2,34.2,51.0,16.42,16.42,0.48,0,Occasional Standard Users
CUST_06904,1,47.6,47.6,26.0,23.32,23.32,0.49,2,Occasional Large-Charge Users
CUST_06905,1,51.3,51.3,24.0,27.7,27.7,0.54,2,Occasional Large-Charge Users
CUST_06906,1,43.1,43.1,22.0,20.69,20.69,0.48,2,Occasional Large-Charge Users
CUST_06907,1,52.4,52.4,25.0,24.1,24.1,0.46,2,Occasional Large-Charge Users
CUST_06908,1,80.0,80.0,20.0,38.4,38.4,0.48,2,Occasional Large-Charge Users
CUST_06909,1,80.0,80.0,22.0,39.2,39.2,0.49,2,Occasional Large-Charge Users
CUST_06910,1,78.6,78.6,18.0,42.44,42.44,0.54,2,Occasional Large-Charge Users
CUST_06911,1,74.9,74.9,20.0,41.2,41.2,0.55,2,Occasional Large-Charge Users
CUST_06912,1,33.8,33.8,48.0,16.56,16.56,0.49,0,Occasional Standard Users
CUST_06913,1,41.1,41.1,22.0,20.14,20.14,0.49,2,Occasional Large-Charge Users
CUST_06914,1,49.9,49.9,27.0,28.44,28.44,0.57,2,Occasional Large-Charge Users
CUST_06915,1,33.5,33.5,50.0,16.08,16.08,0.48,0,Occasional Standard Users
CUST_06916,1,52.7,52.7,26.0,27.93,27.93,0.53,2,Occasional Large-Charge Users
CUST_06917,1,33.9,33.9,54.0,15.25,15.25,0.45,0,Occasional Standard Users
CUST_06918,1,54.9,54.9,26.0,27.45,27.45,0.5,2,Occasional Large-Charge Users
CUST_06919,1,34.7,34.7,51.0,15.62,15.62,0.45,0,Occasional Standard Users
CUST_06920,1,43.4,43.4,25.0,21.27,21.27,0.49,2,Occasional Large-Charge Users
CUST_06921,1,32.6,32.6,48.0,15.0,15.0,0.46,0,Occasional Standard Users
CUST_06922,1,31.5,31.5,47.0,14.49,14.49,0.46,0,Occasional Standard Users
CUST_06923,1,50.7,50.7,26.0,24.34,24.34,0.48,2,Occasional Large-Charge Users
CUST_06924,1,27.4,27.4,45.0,13.43,13.43,0.49,0,Occasional Standard Users
CUST_06925,1,77.3,77.3,21.0,39.42,39.42,0.51,2,Occasional Large-Charge Users
CUST_06926,1,51.9,51.9,26.0,25.43,25.43,0.49,2,Occasional Large-Charge Users
CUST_06927,1,51.7,51.7,25.0,25.85,25.85,0.5,2,Occasional Large-Charge Users
CUST_06928,1,33.1,33.1,52.0,16.22,16.22,0.49,0,Occasional Standard Users
CUST_06929,1,46.0,46.0,26.0,24.84,24.84,0.54,2,Occasional Large-Charge Users
CUST_06930,1,33.0,33.0,49.0,14.85,14.85,0.45,0,Occasional Standard Users
CUST_06931,1,28.9,28.9,46.0,14.16,14.16,0.49,0,Occasional Standard Users
CUST_06932,1,80.0,80.0,21.0,40.0,40.0,0.5,2,Occasional Large-Charge Users
CUST_06933,1,28.6,28.6,47.0,16.87,16.87,0.59,0,Occasional Standard Users
CUST_06934,1,80.0,80.0,20.0,42.4,42.4,0.53,2,Occasional Large-Charge Users
CUST_06935,1,47.9,47.9,25.0,23.47,23.47,0.49,2,Occasional Large-Charge Users
CUST_06936,1,30.6,30.6,51.0,15.3,15.3,0.5,0,Occasional Standard Users
CUST_06937,1,45.5,45.5,26.0,22.29,22.29,0.49,2,Occasional Large-Charge Users
CUST_06938,1,40.2,40.2,23.0,21.31,21.31,0.53,2,Occasional Large-Charge Users
CUST_06939,1,29.2,29.2,50.0,15.77,15.77,0.54,0,Occasional Standard Users
CUST_06940,1,33.1,33.1,53.0,17.54,17.54,0.53,0,Occasional Standard Users
CUST_06941,1,44.5,44.5,23.0,24.03,24.03,0.54,2,Occasional Large-Charge Users
CUST_06942,1,54.2,54.2,26.0,26.56,26.56,0.49,2,Occasional Large-Charge Users
CUST_06943,1,74.5,74.5,18.0,33.52,33.52,0.45,2,Occasional Large-Charge Users
CUST_06944,1,52.7,52.7,25.0,26.35,26.35,0.5,2,Occasional Large-Charge Users
CUST_06945,1,47.1,47.1,23.0,23.08,23.08,0.49,2,Occasional Large-Charge Users
CUST_06946,1,33.7,33.7,51.0,15.5,15.5,0.46,0,Occasional Standard Users
CUST_06947,1,50.0,50.0,23.0,27.0,27.0,0.54,2,Occasional Large-Charge Users
CUST_06948,1,34.0,34.0,49.0,17.0,17.0,0.5,0,Occasional Standard Users
CUST_06949,1,26.5,26.5,40.0,14.04,14.04,0.53,0,Occasional Standard Users
CUST_06950,1,36.0,36.0,48.0,16.56,16.56,0.46,0,Occasional Standard Users
CUST_06951,1,71.8,71.8,19.0,42.36,42.36,0.59,2,Occasional Large-Charge Users
CUST_06952,1,80.0,80.0,20.0,38.4,38.4,0.48,2,Occasional Large-Charge Users
CUST_06953,1,78.0,78.0,19.0,38.22,38.22,0.49,2,Occasional Large-Charge Users
CUST_06954,1,30.4,30.4,47.0,15.2,15.2,0.5,0,Occasional Standard Users
CUST_06955,1,51.8,51.8,23.0,26.94,26.94,0.52,2,Occasional Large-Charge Users
CUST_06956,1,48.0,48.0,24.0,24.96,24.96,0.52,2,Occasional Large-Charge Users
CUST_06957,1,47.3,47.3,25.0,29.33,29.33,0.62,2,Occasional Large-Charge Users
CUST_06958,1,46.2,46.2,25.0,20.79,20.79,0.45,2,Occasional Large-Charge Users
CUST_06959,1,79.5,79.5,20.0,35.77,35.77,0.45,2,Occasional Large-Charge Users
CUST_06960,1,35.8,35.8,51.0,19.33,19.33,0.54,0,Occasional Standard Users
CUST_06961,1,37.5,37.5,58.0,19.5,19.5,0.52,0,Occasional Standard Users
CUST_06962,1,49.0,49.0,26.0,26.95,26.95,0.55,2,Occasional Large-Charge Users
CUST_06963,1,28.3,28.3,48.0,16.13,16.13,0.57,0,Occasional Standard Users
CUST_06964,1,31.2,31.2,47.0,16.85,16.85,0.54,0,Occasional Standard Users
CUST_06965,1,36.1,36.1,53.0,17.69,17.69,0.49,0,Occasional Standard Users
CUST_06966,1,48.9,48.9,23.0,22.49,22.49,0.46,2,Occasional Large-Charge Users
CUST_06967,1,53.4,53.4,27.0,27.23,27.23,0.51,2,Occasional Large-Charge Users
CUST_06968,1,32.7,32.7,51.0,15.7,15.7,0.48,0,Occasional Standard Users
CUST_06969,1,33.5,33.5,51.0,17.76,17.76,0.53,0,Occasional Standard Users
CUST_06970,1,43.4,43.4,24.0,21.7,21.7,0.5,2,Occasional Large-Charge Users
CUST_06971,1,38.1,38.1,52.0,17.91,17.91,0.47,0,Occasional Standard Users
CUST_06972,1,74.3,74.3,18.0,33.44,33.44,0.45,2,Occasional Large-Charge Users
CUST_06973,1,50.5,50.5,25.0,26.26,26.26,0.52,2,Occasional Large-Charge Users
CUST_06974,1,34.4,34.4,52.0,17.54,17.54,0.51,0,Occasional Standard Users
CUST_06975,1,31.9,31.9,50.0,17.55,17.55,0.55,0,Occasional Standard Users
CUST_06976,1,50.1,50.1,23.0,23.05,23.05,0.46,2,Occasional Large-Charge Users
CUST_06977,1,37.8,37.8,53.0,22.3,22.3,0.59,0,Occasional Standard Users
CUST_06978,1,53.5,53.5,26.0,28.89,28.89,0.54,2,Occasional Large-Charge Users
CUST_06979,1,28.4,28.4,47.0,14.2,14.2,0.5,0,Occasional Standard Users
CUST_06980,1,30.8,30.8,49.0,14.17,14.17,0.46,0,Occasional Standard Users
CUST_06981,1,57.4,57.4,28.0,28.13,28.13,0.49,2,Occasional Large-Charge Users
CUST_06982,1,47.5,47.5,25.0,25.65,25.65,0.54,2,Occasional Large-Charge Users
CUST_06983,1,28.3,28.3,47.0,13.87,13.87,0.49,0,Occasional Standard Users
CUST_06984,1,52.0,52.0,25.0,24.96,24.96,0.48,2,Occasional Large-Charge Users
CUST_06985,1,33.6,33.6,49.0,18.82,18.82,0.56,0,Occasional Standard Users
CUST_06986,1,35.7,35.7,49.0,19.28,19.28,0.54,0,Occasional Standard Users
CUST_06987,1,36.0,36.0,48.0,19.44,19.44,0.54,0,Occasional Standard Users
CUST_06988,1,53.7,53.7,27.0,24.7,24.7,0.46,2,Occasional Large-Charge Users
CUST_06989,1,47.3,47.3,24.0,24.6,24.6,0.52,2,Occasional Large-Charge Users
CUST_06990,1,80.0,80.0,22.0,41.6,41.6,0.52,2,Occasional Large-Charge Users
CUST_06991,1,47.7,47.7,24.0,23.37,23.37,0.49,2,Occasional Large-Charge Users
CUST_06992,1,31.1,31.1,53.0,15.86,15.86,0.51,0,Occasional Standard Users
CUST_06993,1,45.7,45.7,24.0,20.57,20.57,0.45,2,Occasional Large-Charge Users
CUST_06994,1,36.0,36.0,53.0,18.0,18.0,0.5,0,Occasional Standard Users
CUST_06995,1,55.7,55.7,29.0,29.52,29.52,0.53,2,Occasional Large-Charge Users
CUST_06996,1,31.5,31.5,50.0,17.64,17.64,0.56,0,Occasional Standard Users
CUST_06997,1,74.8,74.8,18.0,36.65,36.65,0.49,2,Occasional Large-Charge Users
CUST_06998,1,34.7,34.7,50.0,17.7,17.7,0.51,0,Occasional Standard Users
CUST_06999,1,47.0,47.0,26.0,25.38,25.38,0.54,2,Occasional Large-Charge Users
CUST_07000,1,32.1,32.1,50.0,16.37,16.37,0.51,0,Occasional Standard Users
CUST_07001,1,33.3,33.3,52.0,18.32,18.32,0.55,0,Occasional Standard Users
CUST_07002,1,42.9,42.9,21.0,22.31,22.31,0.52,2,Occasional Large-Charge Users
CUST_07003,1,28.3,28.3,43.0,13.87,13.87,0.49,0,Occasional Standard Users
CUST_07004,1,61.5,61.5,28.0,28.29,28.29,0.46,2,Occasional Large-Charge Users
CUST_07005,1,50.2,50.2,23.0,22.59,22.59,0.45,2,Occasional Large-Charge Users
CUST_07006,1,71.8,71.8,19.0,34.46,34.46,0.48,2,Occasional Large-Charge Users
CUST_07007,1,63.5,63.5,17.0,29.21,29.21,0.46,2,Occasional Large-Charge Users
CUST_07008,1,40.9,40.9,56.0,21.27,21.27,0.52,0,Occasional Standard Users
CUST_07009,1,71.2,71.2,17.0,34.89,34.89,0.49,2,Occasional Large-Charge Users
CUST_07010,1,55.2,55.2,28.0,29.81,29.81,0.54,2,Occasional Large-Charge Users
CUST_07011,1,80.0,80.0,22.0,40.0,40.0,0.5,2,Occasional Large-Charge Users
CUST_07012,1,33.1,33.1,49.0,17.54,17.54,0.53,0,Occasional Standard Users
CUST_07013,1,48.4,48.4,23.0,23.23,23.23,0.48,2,Occasional Large-Charge Users
CUST_07014,1,34.9,34.9,49.0,17.1,17.1,0.49,0,Occasional Standard Users
CUST_07015,1,68.6,68.6,18.0,34.3,34.3,0.5,2,Occasional Large-Charge Users
CUST_07016,1,80.0,80.0,22.0,36.0,36.0,0.45,2,Occasional Large-Charge Users
CUST_07017,1,32.9,32.9,51.0,17.77,17.77,0.54,0,Occasional Standard Users
CUST_07018,1,37.7,37.7,52.0,18.47,18.47,0.49,0,Occasional Standard Users
CUST_07019,1,80.0,80.0,21.0,42.4,42.4,0.53,2,Occasional Large-Charge Users
CUST_07020,1,33.1,33.1,49.0,17.21,17.21,0.52,0,Occasional Standard Users
CUST_07021,1,80.0,80.0,19.0,42.4,42.4,0.53,2,Occasional Large-Charge Users
CUST_07022,1,44.1,44.1,23.0,23.81,23.81,0.54,2,Occasional Large-Charge Users
CUST_07023,1,80.0,80.0,21.0,43.2,43.2,0.54,2,Occasional Large-Charge Users
CUST_07024,1,33.1,33.1,48.0,17.21,17.21,0.52,0,Occasional Standard Users
CUST_07025,1,48.1,48.1,24.0,25.49,25.49,0.53,2,Occasional Large-Charge Users
CUST_07026,1,35.5,35.5,57.0,16.68,16.68,0.47,0,Occasional Standard Users
CUST_07027,1,37.5,37.5,52.0,19.5,19.5,0.52,0,Occasional Standard Users
CUST_07028,1,50.1,50.1,23.0,29.56,29.56,0.59,2,Occasional Large-Charge Users
CUST_07029,1,43.8,43.8,26.0,21.46,21.46,0.49,2,Occasional Large-Charge Users
CUST_07030,1,31.3,31.3,47.0,16.59,16.59,0.53,0,Occasional Standard Users
CUST_07031,1,29.9,29.9,46.0,17.34,17.34,0.58,0,Occasional Standard Users
CUST_07032,1,74.7,74.7,18.0,35.86,35.86,0.48,2,Occasional Large-Charge Users
CUST_07033,1,34.4,34.4,50.0,19.61,19.61,0.57,0,Occasional Standard Users
CUST_07034,1,33.6,33.6,47.0,15.79,15.79,0.47,0,Occasional Standard Users
CUST_07035,1,36.4,36.4,52.0,19.66,19.66,0.54,0,Occasional Standard Users
CUST_07036,1,33.8,33.8,55.0,17.24,17.24,0.51,0,Occasional Standard Users
CUST_07037,1,70.3,70.3,20.0,35.15,35.15,0.5,2,Occasional Large-Charge Users
CUST_07038,1,30.3,30.3,47.0,15.76,15.76,0.52,0,Occasional Standard Users
CUST_07039,1,71.4,71.4,16.0,38.56,38.56,0.54,2,Occasional Large-Charge Users
CUST_07040,1,33.9,33.9,53.0,17.97,17.97,0.53,0,Occasional Standard Users
CUST_07041,1,46.7,46.7,22.0,22.42,22.42,0.48,2,Occasional Large-Charge Users
CUST_07042,1,48.0,48.0,23.0,23.52,23.52,0.49,2,Occasional Large-Charge Users
CUST_07043,1,36.7,36.7,50.0,18.72,18.72,0.51,0,Occasional Standard Users
CUST_07044,1,38.1,38.1,54.0,17.91,17.91,0.47,0,Occasional Standard Users
CUST_07045,1,32.4,32.4,47.0,16.85,16.85,0.52,0,Occasional Standard Users
CUST_07046,1,80.0,80.0,20.0,36.0,36.0,0.45,2,Occasional Large-Charge Users
CUST_07047,1,40.5,40.5,24.0,20.66,20.66,0.51,2,Occasional Large-Charge Users
CUST_07048,1,44.4,44.4,22.0,21.76,21.76,0.49,2,Occasional Large-Charge Users
CUST_07049,1,30.9,30.9,49.0,16.38,16.38,0.53,0,Occasional Standard Users
CUST_07050,1,49.3,49.3,23.0,24.16,24.16,0.49,2,Occasional Large-Charge Users
CUST_07051,1,31.4,31.4,49.0,16.96,16.96,0.54,0,Occasional Standard Users
CUST_07052,1,53.3,53.3,28.0,26.12,26.12,0.49,2,Occasional Large-Charge Users
CUST_07053,1,33.7,33.7,53.0,16.85,16.85,0.5,0,Occasional Standard Users
CUST_07054,1,78.2,78.2,20.0,43.01,43.01,0.55,2,Occasional Large-Charge Users
CUST_07055,1,27.4,27.4,50.0,13.43,13.43,0.49,0,Occasional Standard Users
CUST_07056,1,80.0,80.0,20.0,40.8,40.8,0.51,2,Occasional Large-Charge Users
CUST_07057,1,79.0,79.0,19.0,36.34,36.34,0.46,2,Occasional Large-Charge Users
CUST_07058,1,70.2,70.2,17.0,32.99,32.99,0.47,2,Occasional Large-Charge Users
CUST_07059,1,31.5,31.5,51.0,15.75,15.75,0.5,0,Occasional Standard Users
CUST_07060,1,66.3,66.3,19.0,29.84,29.84,0.45,2,Occasional Large-Charge Users
CUST_07061,1,45.3,45.3,23.0,24.46,24.46,0.54,2,Occasional Large-Charge Users
CUST_07062,1,53.3,53.3,27.0,25.05,25.05,0.47,2,Occasional Large-Charge Users
CUST_07063,1,44.6,44.6,22.0,23.19,23.19,0.52,2,Occasional Large-Charge Users
CUST_07064,1,33.5,33.5,48.0,17.09,17.09,0.51,0,Occasional Standard Users
CUST_07065,1,52.4,52.4,24.0,27.25,27.25,0.52,2,Occasional Large-Charge Users
CUST_07066,1,34.0,34.0,55.0,15.98,15.98,0.47,0,Occasional Standard Users
CUST_07067,1,56.5,56.5,28.0,32.77,32.77,0.58,2,Occasional Large-Charge Users
CUST_07068,1,75.6,75.6,20.0,40.07,40.07,0.53,2,Occasional Large-Charge Users
CUST_07069,1,64.2,64.2,18.0,34.03,34.03,0.53,2,Occasional Large-Charge Users
CUST_07070,1,63.5,63.5,17.0,31.11,31.11,0.49,2,Occasional Large-Charge Users
CUST_07071,1,48.9,48.9,24.0,23.96,23.96,0.49,2,Occasional Large-Charge Users
CUST_07072,1,80.0,80.0,20.0,40.8,40.8,0.51,2,Occasional Large-Charge Users
CUST_07073,1,51.6,51.6,23.0,26.83,26.83,0.52,2,Occasional Large-Charge Users
CUST_07074,1,80.0,80.0,23.0,44.0,44.0,0.55,2,Occasional Large-Charge Users
CUST_07075,1,52.8,52.8,25.0,24.29,24.29,0.46,2,Occasional Large-Charge Users
CUST_07076,1,51.2,51.2,25.0,24.06,24.06,0.47,2,Occasional Large-Charge Users
CUST_07077,1,50.6,50.6,25.0,22.77,22.77,0.45,2,Occasional Large-Charge Users
CUST_07078,1,36.9,36.9,52.0,16.97,16.97,0.46,0,Occasional Standard Users
CUST_07079,1,32.4,32.4,50.0,15.55,15.55,0.48,0,Occasional Standard Users
CUST_07080,1,56.7,56.7,26.0,31.19,31.19,0.55,2,Occasional Large-Charge Users
CUST_07081,1,39.7,39.7,55.0,20.25,20.25,0.51,0,Occasional Standard Users
CUST_07082,1,35.9,35.9,53.0,22.26,22.26,0.62,0,Occasional Standard Users
CUST_07083,1,77.8,77.8,20.0,42.79,42.79,0.55,2,Occasional Large-Charge Users
CUST_07084,1,74.0,74.0,19.0,34.04,34.04,0.46,2,Occasional Large-Charge Users
CUST_07085,1,31.6,31.6,47.0,15.8,15.8,0.5,0,Occasional Standard Users
CUST_07086,1,33.2,33.2,53.0,16.27,16.27,0.49,0,Occasional Standard Users
CUST_07087,1,52.4,52.4,27.0,29.34,29.34,0.56,2,Occasional Large-Charge Users
CUST_07088,1,52.6,52.6,28.0,32.09,32.09,0.61,2,Occasional Large-Charge Users
CUST_07089,1,51.6,51.6,25.0,27.35,27.35,0.53,2,Occasional Large-Charge Users
CUST_07090,1,44.3,44.3,25.0,23.92,23.92,0.54,2,Occasional Large-Charge Users
CUST_07091,1,48.3,48.3,24.0,24.63,24.63,0.51,2,Occasional Large-Charge Users
CUST_07092,1,42.1,42.1,23.0,21.05,21.05,0.5,2,Occasional Large-Charge Users
CUST_07093,1,47.5,47.5,23.0,25.18,25.18,0.53,2,Occasional Large-Charge Users
CUST_07094,1,29.6,29.6,46.0,14.21,14.21,0.48,0,Occasional Standard Users
CUST_07095,1,80.0,80.0,22.0,42.4,42.4,0.53,2,Occasional Large-Charge Users
CUST_07096,1,30.3,30.3,47.0,15.76,15.76,0.52,0,Occasional Standard Users
CUST_07097,1,36.5,36.5,49.0,18.25,18.25,0.5,0,Occasional Standard Users
CUST_07098,1,80.0,80.0,21.0,40.0,40.0,0.5,2,Occasional Large-Charge Users
CUST_07099,1,80.0,80.0,22.0,40.8,40.8,0.51,2,Occasional Large-Charge Users
CUST_07100,1,26.6,26.6,45.0,14.1,14.1,0.53,0,Occasional Standard Users
CUST_07101,1,80.0,80.0,19.0,40.8,40.8,0.51,2,Occasional Large-Charge Users
CUST_07102,1,80.0,80.0,21.0,44.0,44.0,0.55,2,Occasional Large-Charge Users
CUST_07103,1,30.6,30.6,49.0,15.3,15.3,0.5,0,Occasional Standard Users
CUST_07104,1,35.8,35.8,49.0,18.26,18.26,0.51,0,Occasional Standard Users
CUST_07105,1,36.8,36.8,51.0,22.45,22.45,0.61,0,Occasional Standard Users
CUST_07106,1,36.8,36.8,52.0,19.87,19.87,0.54,0,Occasional Standard Users
CUST_07107,1,33.2,33.2,50.0,18.92,18.92,0.57,0,Occasional Standard Users
CUST_07108,1,42.5,42.5,22.0,22.53,22.53,0.53,2,Occasional Large-Charge Users
CUST_07109,1,44.9,44.9,21.0,23.8,23.8,0.53,2,Occasional Large-Charge Users
CUST_07110,1,34.5,34.5,52.0,17.25,17.25,0.5,0,Occasional Standard Users
CUST_07111,1,32.6,32.6,52.0,17.6,17.6,0.54,0,Occasional Standard Users
CUST_07112,1,65.8,65.8,17.0,36.85,36.85,0.56,2,Occasional Large-Charge Users
CUST_07113,1,47.1,47.1,25.0,23.55,23.55,0.5,2,Occasional Large-Charge Users
CUST_07114,1,44.3,44.3,24.0,21.71,21.71,0.49,2,Occasional Large-Charge Users
CUST_07115,1,35.1,35.1,49.0,18.6,18.6,0.53,0,Occasional Standard Users
CUST_07116,1,33.8,33.8,51.0,19.27,19.27,0.57,0,Occasional Standard Users
CUST_07117,1,29.4,29.4,53.0,14.7,14.7,0.5,0,Occasional Standard Users
CUST_07118,1,29.6,29.6,48.0,14.5,14.5,0.49,0,Occasional Standard Users
CUST_07119,1,33.4,33.4,53.0,16.03,16.03,0.48,0,Occasional Standard Users
CUST_07120,1,38.3,38.3,52.0,19.53,19.53,0.51,0,Occasional Standard Users
CUST_07121,1,33.1,33.1,50.0,17.54,17.54,0.53,0,Occasional Standard Users
CUST_07122,1,49.8,49.8,24.0,24.4,24.4,0.49,2,Occasional Large-Charge Users
CUST_07123,1,50.7,50.7,25.0,25.86,25.86,0.51,2,Occasional Large-Charge Users
CUST_07124,1,78.4,78.4,18.0,39.2,39.2,0.5,2,Occasional Large-Charge Users
CUST_07125,1,27.5,27.5,44.0,14.3,14.3,0.52,0,Occasional Standard Users
CUST_07126,1,44.8,44.8,25.0,23.3,23.3,0.52,2,Occasional Large-Charge Users
CUST_07127,1,35.4,35.4,50.0,16.64,16.64,0.47,0,Occasional Standard Users
CUST_07128,1,60.8,60.8,27.0,33.44,33.44,0.55,2,Occasional Large-Charge Users
CUST_07129,1,31.5,31.5,48.0,17.01,17.01,0.54,0,Occasional Standard Users
CUST_07130,1,35.0,35.0,54.0,16.8,16.8,0.48,0,Occasional Standard Users
CUST_07131,1,74.6,74.6,19.0,35.81,35.81,0.48,2,Occasional Large-Charge Users
CUST_07132,1,39.9,39.9,54.0,21.15,21.15,0.53,0,Occasional Standard Users
CUST_07133,1,50.2,50.2,25.0,23.59,23.59,0.47,2,Occasional Large-Charge Users
CUST_07134,1,34.6,34.6,50.0,18.68,18.68,0.54,0,Occasional Standard Users
CUST_07135,1,45.9,45.9,23.0,22.49,22.49,0.49,2,Occasional Large-Charge Users
CUST_07136,1,52.8,52.8,27.0,25.87,25.87,0.49,2,Occasional Large-Charge Users
CUST_07137,1,80.0,80.0,20.0,38.4,38.4,0.48,2,Occasional Large-Charge Users
CUST_07138,1,69.9,69.9,18.0,36.35,36.35,0.52,2,Occasional Large-Charge Users
CUST_07139,1,36.5,36.5,54.0,20.08,20.08,0.55,0,Occasional Standard Users
CUST_07140,1,35.0,35.0,51.0,18.55,18.55,0.53,0,Occasional Standard Users
CUST_07141,1,56.2,56.2,25.0,28.1,28.1,0.5,2,Occasional Large-Charge Users
CUST_07142,1,32.6,32.6,51.0,17.6,17.6,0.54,0,Occasional Standard Users
CUST_07143,1,49.2,49.2,24.0,25.58,25.58,0.52,2,Occasional Large-Charge Users
CUST_07144,1,77.0,77.0,20.0,41.58,41.58,0.54,2,Occasional Large-Charge Users
CUST_07145,1,80.0,80.0,20.0,41.6,41.6,0.52,2,Occasional Large-Charge Users
CUST_07146,1,52.5,52.5,28.0,26.78,26.78,0.51,2,Occasional Large-Charge Users
CUST_07147,1,51.0,51.0,25.0,27.03,27.03,0.53,2,Occasional Large-Charge Users
CUST_07148,1,47.2,47.2,23.0,25.02,25.02,0.53,2,Occasional Large-Charge Users
CUST_07149,1,76.3,76.3,20.0,38.15,38.15,0.5,2,Occasional Large-Charge Users
CUST_07150,1,46.2,46.2,22.0,22.18,22.18,0.48,2,Occasional Large-Charge Users
CUST_07151,1,55.0,55.0,26.0,26.95,26.95,0.49,2,Occasional Large-Charge Users
CUST_07152,1,45.5,45.5,24.0,22.29,22.29,0.49,2,Occasional Large-Charge Users
CUST_07153,1,44.3,44.3,25.0,23.48,23.48,0.53,2,Occasional Large-Charge Users
CUST_07154,1,32.0,32.0,51.0,17.6,17.6,0.55,0,Occasional Standard Users
CUST_07155,1,36.5,36.5,52.0,19.71,19.71,0.54,0,Occasional Standard Users
CUST_07156,1,33.7,33.7,48.0,15.17,15.17,0.45,0,Occasional Standard Users
CUST_07157,1,48.9,48.9,24.0,26.41,26.41,0.54,2,Occasional Large-Charge Users
CUST_07158,1,67.3,67.3,18.0,35.0,35.0,0.52,2,Occasional Large-Charge Users
CUST_07159,1,34.4,34.4,50.0,16.17,16.17,0.47,0,Occasional Standard Users
CUST_07160,1,27.8,27.8,49.0,13.62,13.62,0.49,0,Occasional Standard Users
CUST_07161,1,71.0,71.0,19.0,36.92,36.92,0.52,2,Occasional Large-Charge Users
CUST_07162,1,68.6,68.6,17.0,32.24,32.24,0.47,2,Occasional Large-Charge Users
CUST_07163,1,44.4,44.4,24.0,23.98,23.98,0.54,2,Occasional Large-Charge Users
CUST_07164,1,80.0,80.0,19.0,46.4,46.4,0.58,2,Occasional Large-Charge Users
CUST_07165,1,32.3,32.3,46.0,18.09,18.09,0.56,0,Occasional Standard Users
CUST_07166,1,74.2,74.2,19.0,43.78,43.78,0.59,2,Occasional Large-Charge Users
CUST_07167,1,46.0,46.0,23.0,24.38,24.38,0.53,2,Occasional Large-Charge Users
CUST_07168,1,46.8,46.8,24.0,26.21,26.21,0.56,2,Occasional Large-Charge Users
CUST_07169,1,74.2,74.2,18.0,34.13,34.13,0.46,2,Occasional Large-Charge Users
CUST_07170,1,39.0,39.0,52.0,21.45,21.45,0.55,0,Occasional Standard Users
CUST_07171,1,44.9,44.9,22.0,22.9,22.9,0.51,2,Occasional Large-Charge Users
CUST_07172,1,50.4,50.4,26.0,23.69,23.69,0.47,2,Occasional Large-Charge Users
CUST_07173,1,55.3,55.3,25.0,33.73,33.73,0.61,2,Occasional Large-Charge Users
CUST_07174,1,75.9,75.9,19.0,34.16,34.16,0.45,2,Occasional Large-Charge Users
CUST_07175,1,31.3,31.3,51.0,15.34,15.34,0.49,0,Occasional Standard Users
CUST_07176,1,32.0,32.0,53.0,16.0,16.0,0.5,0,Occasional Standard Users
CUST_07177,1,48.4,48.4,23.0,23.23,23.23,0.48,2,Occasional Large-Charge Users
CUST_07178,1,38.0,38.0,20.0,17.86,17.86,0.47,2,Occasional Large-Charge Users
CUST_07179,1,44.2,44.2,23.0,21.22,21.22,0.48,2,Occasional Large-Charge Users
CUST_07180,1,34.9,34.9,50.0,16.05,16.05,0.46,0,Occasional Standard Users
CUST_07181,1,53.8,53.8,26.0,30.67,30.67,0.57,2,Occasional Large-Charge Users
CUST_07182,1,34.8,34.8,51.0,17.05,17.05,0.49,0,Occasional Standard Users
CUST_07183,1,80.0,80.0,21.0,40.0,40.0,0.5,2,Occasional Large-Charge Users
CUST_07184,1,29.6,29.6,45.0,14.21,14.21,0.48,0,Occasional Standard Users
CUST_07185,1,29.1,29.1,47.0,15.13,15.13,0.52,0,Occasional Standard Users
CUST_07186,1,49.6,49.6,25.0,25.3,25.3,0.51,2,Occasional Large-Charge Users
CUST_07187,1,30.6,30.6,45.0,15.61,15.61,0.51,0,Occasional Standard Users
CUST_07188,1,26.3,26.3,43.0,15.78,15.78,0.6,0,Occasional Standard Users
CUST_07189,1,48.1,48.1,24.0,26.94,26.94,0.56,2,Occasional Large-Charge Users
CUST_07190,1,77.0,77.0,20.0,37.73,37.73,0.49,2,Occasional Large-Charge Users
CUST_07191,1,33.3,33.3,48.0,18.32,18.32,0.55,0,Occasional Standard Users
CUST_07192,1,53.5,53.5,27.0,25.14,25.14,0.47,2,Occasional Large-Charge Users
CUST_07193,1,64.8,64.8,16.0,29.81,29.81,0.46,2,Occasional Large-Charge Users
CUST_07194,1,32.5,32.5,51.0,14.62,14.62,0.45,0,Occasional Standard Users
CUST_07195,1,36.4,36.4,49.0,16.74,16.74,0.46,0,Occasional Standard Users
CUST_07196,1,74.0,74.0,18.0,36.26,36.26,0.49,2,Occasional Large-Charge Users
CUST_07197,1,51.0,51.0,25.0,29.07,29.07,0.57,2,Occasional Large-Charge Users
CUST_07198,1,44.5,44.5,24.0,21.36,21.36,0.48,2,Occasional Large-Charge Users
CUST_07199,1,26.3,26.3,40.0,14.47,14.47,0.55,0,Occasional Standard Users
CUST_07200,1,34.2,34.2,46.0,18.81,18.81,0.55,0,Occasional Standard Users
CUST_07201,1,29.8,29.8,45.0,15.5,15.5,0.52,0,Occasional Standard Users
CUST_07202,1,66.7,66.7,18.0,36.69,36.69,0.55,2,Occasional Large-Charge Users
CUST_07203,1,80.0,80.0,19.0,41.6,41.6,0.52,2,Occasional Large-Charge Users
CUST_07204,1,31.5,31.5,45.0,15.44,15.44,0.49,0,Occasional Standard Users
CUST_07205,1,46.7,46.7,24.0,25.69,25.69,0.55,2,Occasional Large-Charge Users
CUST_07206,1,80.0,80.0,19.0,44.0,44.0,0.55,2,Occasional Large-Charge Users
CUST_07207,1,31.9,31.9,46.0,14.67,14.67,0.46,0,Occasional Standard Users
CUST_07208,1,47.0,47.0,24.0,24.44,24.44,0.52,2,Occasional Large-Charge Users
CUST_07209,1,34.2,34.2,49.0,18.13,18.13,0.53,0,Occasional Standard Users
CUST_07210,1,33.7,33.7,55.0,18.87,18.87,0.56,0,Occasional Standard Users
CUST_07211,1,80.0,80.0,18.0,37.6,37.6,0.47,2,Occasional Large-Charge Users
CUST_07212,1,44.3,44.3,23.0,23.04,23.04,0.52,2,Occasional Large-Charge Users
CUST_07213,1,50.1,50.1,25.0,23.55,23.55,0.47,2,Occasional Large-Charge Users
CUST_07214,1,40.9,40.9,23.0,22.5,22.5,0.55,2,Occasional Large-Charge Users
CUST_07215,1,47.9,47.9,23.0,26.35,26.35,0.55,2,Occasional Large-Charge Users
CUST_07216,1,48.7,48.7,24.0,22.4,22.4,0.46,2,Occasional Large-Charge Users
CUST_07217,1,80.0,80.0,20.0,40.0,40.0,0.5,2,Occasional Large-Charge Users
CUST_07218,1,73.1,73.1,17.0,38.01,38.01,0.52,2,Occasional Large-Charge Users
CUST_07219,1,80.0,80.0,22.0,37.6,37.6,0.47,2,Occasional Large-Charge Users
CUST_07220,1,58.3,58.3,15.0,33.23,33.23,0.57,2,Occasional Large-Charge Users
CUST_07221,1,41.7,41.7,24.0,21.68,21.68,0.52,2,Occasional Large-Charge Users
CUST_07222,1,34.0,34.0,52.0,18.02,18.02,0.53,0,Occasional Standard Users
CUST_07223,1,32.2,32.2,49.0,17.07,17.07,0.53,0,Occasional Standard Users
CUST_07224,1,69.0,69.0,17.0,33.81,33.81,0.49,2,Occasional Large-Charge Users
CUST_07225,1,53.9,53.9,26.0,25.33,25.33,0.47,2,Occasional Large-Charge Users
CUST_07226,1,49.9,49.9,24.0,23.45,23.45,0.47,2,Occasional Large-Charge Users
CUST_07227,1,74.8,74.8,18.0,38.9,38.9,0.52,2,Occasional Large-Charge Users
CUST_07228,1,54.2,54.2,27.0,27.64,27.64,0.51,2,Occasional Large-Charge Users
CUST_07229,1,69.1,69.1,17.0,37.31,37.31,0.54,2,Occasional Large-Charge Users
CUST_07230,1,37.4,37.4,52.0,19.82,19.82,0.53,0,Occasional Standard Users
CUST_07231,1,32.7,32.7,54.0,18.31,18.31,0.56,0,Occasional Standard Users
CUST_07232,1,80.0,80.0,19.0,37.6,37.6,0.47,2,Occasional Large-Charge Users
CUST_07233,1,70.8,70.8,18.0,32.57,32.57,0.46,2,Occasional Large-Charge Users
CUST_07234,1,35.9,35.9,55.0,16.51,16.51,0.46,0,Occasional Standard Users
CUST_07235,1,44.7,44.7,22.0,21.01,21.01,0.47,2,Occasional Large-Charge Users
CUST_07236,1,35.9,35.9,54.0,19.03,19.03,0.53,0,Occasional Standard Users
CUST_07237,1,50.1,50.1,24.0,25.55,25.55,0.51,2,Occasional Large-Charge Users
CUST_07238,1,35.7,35.7,49.0,17.85,17.85,0.5,0,Occasional Standard Users
CUST_07239,1,31.4,31.4,48.0,16.96,16.96,0.54,0,Occasional Standard Users
CUST_07240,1,43.9,43.9,23.0,22.39,22.39,0.51,2,Occasional Large-Charge Users
CUST_07241,1,37.2,37.2,54.0,20.46,20.46,0.55,0,Occasional Standard Users
CUST_07242,1,72.2,72.2,19.0,40.43,40.43,0.56,2,Occasional Large-Charge Users
CUST_07243,1,80.0,80.0,23.0,37.6,37.6,0.47,2,Occasional Large-Charge Users
CUST_07244,1,50.2,50.2,26.0,24.1,24.1,0.48,2,Occasional Large-Charge Users
CUST_07245,1,29.7,29.7,41.0,15.44,15.44,0.52,0,Occasional Standard Users
CUST_07246,1,52.5,52.5,25.0,28.35,28.35,0.54,2,Occasional Large-Charge Users
CUST_07247,1,50.8,50.8,26.0,25.91,25.91,0.51,2,Occasional Large-Charge Users
CUST_07248,1,62.5,62.5,19.0,30.0,30.0,0.48,2,Occasional Large-Charge Users
CUST_07249,1,31.0,31.0,46.0,13.95,13.95,0.45,0,Occasional Standard Users
CUST_07250,1,27.9,27.9,47.0,14.51,14.51,0.52,0,Occasional Standard Users
CUST_07251,1,76.8,76.8,19.0,38.4,38.4,0.5,2,Occasional Large-Charge Users
CUST_07252,1,27.8,27.8,46.0,14.73,14.73,0.53,0,Occasional Standard Users
CUST_07253,1,70.7,70.7,19.0,36.06,36.06,0.51,2,Occasional Large-Charge Users
CUST_07254,1,52.3,52.3,25.0,27.2,27.2,0.52,2,Occasional Large-Charge Users
CUST_07255,1,35.7,35.7,52.0,16.42,16.42,0.46,0,Occasional Standard Users
CUST_07256,1,48.6,48.6,26.0,26.73,26.73,0.55,2,Occasional Large-Charge Users
CUST_07257,1,57.9,57.9,29.0,30.69,30.69,0.53,2,Occasional Large-Charge Users
CUST_07258,1,79.8,79.8,20.0,38.3,38.3,0.48,2,Occasional Large-Charge Users
CUST_07259,1,36.2,36.2,53.0,18.46,18.46,0.51,0,Occasional Standard Users
CUST_07260,1,32.6,32.6,49.0,15.32,15.32,0.47,0,Occasional Standard Users
CUST_07261,1,60.8,60.8,27.0,35.87,35.87,0.59,2,Occasional Large-Charge Users
CUST_07262,1,52.7,52.7,26.0,28.46,28.46,0.54,2,Occasional Large-Charge Users
CUST_07263,1,80.0,80.0,20.0,37.6,37.6,0.47,2,Occasional Large-Charge Users
CUST_07264,1,42.1,42.1,23.0,18.95,18.95,0.45,2,Occasional Large-Charge Users
CUST_07265,1,37.9,37.9,51.0,19.71,19.71,0.52,0,Occasional Standard Users
CUST_07266,1,80.0,80.0,20.0,36.8,36.8,0.46,2,Occasional Large-Charge Users
CUST_07267,1,32.9,32.9,53.0,15.46,15.46,0.47,0,Occasional Standard Users
CUST_07268,1,34.6,34.6,51.0,18.68,18.68,0.54,0,Occasional Standard Users
CUST_07269,1,49.0,49.0,23.0,23.03,23.03,0.47,2,Occasional Large-Charge Users
CUST_07270,1,51.1,51.1,25.0,30.15,30.15,0.59,2,Occasional Large-Charge Users
CUST_07271,1,33.4,33.4,49.0,16.7,16.7,0.5,0,Occasional Standard Users
CUST_07272,1,31.7,31.7,51.0,15.53,15.53,0.49,0,Occasional Standard Users
CUST_07273,1,51.4,51.4,24.0,25.19,25.19,0.49,2,Occasional Large-Charge Users
CUST_07274,1,42.3,42.3,21.0,22.0,22.0,0.52,2,Occasional Large-Charge Users
CUST_07275,1,76.3,76.3,18.0,34.34,34.34,0.45,2,Occasional Large-Charge Users
CUST_07276,1,80.0,80.0,22.0,37.6,37.6,0.47,2,Occasional Large-Charge Users
CUST_07277,1,50.0,50.0,26.0,24.5,24.5,0.49,2,Occasional Large-Charge Users
CUST_07278,1,25.8,25.8,42.0,11.87,11.87,0.46,0,Occasional Standard Users
CUST_07279,1,48.5,48.5,25.0,26.19,26.19,0.54,2,Occasional Large-Charge Users
CUST_07280,1,34.8,34.8,52.0,18.1,18.1,0.52,0,Occasional Standard Users
CUST_07281,1,49.0,49.0,24.0,24.99,24.99,0.51,2,Occasional Large-Charge Users
CUST_07282,1,32.8,32.8,47.0,16.73,16.73,0.51,0,Occasional Standard Users
CUST_07283,1,34.8,34.8,50.0,16.36,16.36,0.47,0,Occasional Standard Users
CUST_07284,1,33.1,33.1,46.0,17.87,17.87,0.54,0,Occasional Standard Users
CUST_07285,1,28.7,28.7,45.0,15.5,15.5,0.54,0,Occasional Standard Users
CUST_07286,1,33.1,33.1,49.0,15.89,15.89,0.48,0,Occasional Standard Users
CUST_07287,1,48.7,48.7,25.0,24.35,24.35,0.5,2,Occasional Large-Charge Users
CUST_07288,1,80.0,80.0,18.0,37.6,37.6,0.47,2,Occasional Large-Charge Users
CUST_07289,1,78.1,78.1,19.0,42.95,42.95,0.55,2,Occasional Large-Charge Users
CUST_07290,1,47.4,47.4,23.0,29.39,29.39,0.62,2,Occasional Large-Charge Users
CUST_07291,1,51.6,51.6,26.0,24.25,24.25,0.47,2,Occasional Large-Charge Users
CUST_07292,1,80.0,80.0,21.0,41.6,41.6,0.52,2,Occasional Large-Charge Users
CUST_07293,1,45.4,45.4,23.0,21.34,21.34,0.47,2,Occasional Large-Charge Users
CUST_07294,1,74.3,74.3,20.0,35.66,35.66,0.48,2,Occasional Large-Charge Users
CUST_07295,1,75.4,75.4,20.0,41.47,41.47,0.55,2,Occasional Large-Charge Users
CUST_07296,1,28.7,28.7,44.0,14.06,14.06,0.49,0,Occasional Standard Users
CUST_07297,1,44.9,44.9,25.0,23.35,23.35,0.52,2,Occasional Large-Charge Users
CUST_07298,1,80.0,80.0,22.0,36.8,36.8,0.46,2,Occasional Large-Charge Users
CUST_07299,1,56.3,56.3,27.0,31.53,31.53,0.56,2,Occasional Large-Charge Users
CUST_07300,1,34.9,34.9,48.0,16.05,16.05,0.46,0,Occasional Standard Users
CUST_07301,1,31.1,31.1,47.0,15.24,15.24,0.49,0,Occasional Standard Users
CUST_07302,1,36.5,36.5,54.0,17.15,17.15,0.47,0,Occasional Standard Users
CUST_07303,1,34.9,34.9,56.0,18.5,18.5,0.53,0,Occasional Standard Users
CUST_07304,1,80.0,80.0,18.0,40.0,40.0,0.5,2,Occasional Large-Charge Users
CUST_07305,1,48.8,48.8,24.0,26.84,26.84,0.55,2,Occasional Large-Charge Users
CUST_07306,1,75.0,75.0,18.0,37.5,37.5,0.5,2,Occasional Large-Charge Users
CUST_07307,1,47.5,47.5,25.0,22.32,22.32,0.47,2,Occasional Large-Charge Users
CUST_07308,1,50.7,50.7,24.0,30.93,30.93,0.61,2,Occasional Large-Charge Users
CUST_07309,1,50.7,50.7,25.0,23.83,23.83,0.47,2,Occasional Large-Charge Users
CUST_07310,1,43.3,43.3,24.0,20.35,20.35,0.47,2,Occasional Large-Charge Users
CUST_07311,1,30.6,30.6,49.0,13.77,13.77,0.45,0,Occasional Standard Users
CUST_07312,1,34.9,34.9,51.0,16.75,16.75,0.48,0,Occasional Standard Users
CUST_07313,1,32.5,32.5,47.0,18.85,18.85,0.58,0,Occasional Standard Users
CUST_07314,1,34.8,34.8,55.0,21.92,21.92,0.63,0,Occasional Standard Users
CUST_07315,1,34.7,34.7,50.0,16.66,16.66,0.48,0,Occasional Standard Users
CUST_07316,1,80.0,80.0,21.0,37.6,37.6,0.47,2,Occasional Large-Charge Users
CUST_07317,1,36.0,36.0,52.0,18.72,18.72,0.52,0,Occasional Standard Users
CUST_07318,1,44.4,44.4,23.0,23.09,23.09,0.52,2,Occasional Large-Charge Users
CUST_07319,1,80.0,80.0,21.0,46.4,46.4,0.58,2,Occasional Large-Charge Users
CUST_07320,1,33.9,33.9,52.0,17.97,17.97,0.53,0,Occasional Standard Users
CUST_07321,1,69.6,69.6,18.0,34.1,34.1,0.49,2,Occasional Large-Charge Users
CUST_07322,1,80.0,80.0,20.0,37.6,37.6,0.47,2,Occasional Large-Charge Users
CUST_07323,1,34.5,34.5,47.0,17.94,17.94,0.52,0,Occasional Standard Users
CUST_07324,1,45.2,45.2,22.0,21.7,21.7,0.48,2,Occasional Large-Charge Users
CUST_07325,1,57.5,57.5,27.0,27.02,27.02,0.47,2,Occasional Large-Charge Users
CUST_07326,1,46.4,46.4,25.0,26.45,26.45,0.57,2,Occasional Large-Charge Users
CUST_07327,1,40.1,40.1,57.0,21.65,21.65,0.54,0,Occasional Standard Users
CUST_07328,1,35.8,35.8,50.0,17.9,17.9,0.5,0,Occasional Standard Users
CUST_07329,1,52.7,52.7,24.0,24.24,24.24,0.46,2,Occasional Large-Charge Users
CUST_07330,1,30.6,30.6,50.0,15.91,15.91,0.52,0,Occasional Standard Users
CUST_07331,1,80.0,80.0,19.0,38.4,38.4,0.48,2,Occasional Large-Charge Users
CUST_07332,1,50.3,50.3,24.0,27.66,27.66,0.55,2,Occasional Large-Charge Users
CUST_07333,1,80.0,80.0,20.0,40.8,40.8,0.51,2,Occasional Large-Charge Users
CUST_07334,1,52.5,52.5,25.0,26.78,26.78,0.51,2,Occasional Large-Charge Users
CUST_07335,1,54.2,54.2,27.0,27.64,27.64,0.51,2,Occasional Large-Charge Users
CUST_07336,1,58.5,58.5,26.0,28.08,28.08,0.48,2,Occasional Large-Charge Users
CUST_07337,1,37.5,37.5,50.0,19.12,19.12,0.51,0,Occasional Standard Users
CUST_07338,1,51.8,51.8,26.0,27.97,27.97,0.54,2,Occasional Large-Charge Users
CUST_07339,1,70.1,70.1,18.0,37.15,37.15,0.53,2,Occasional Large-Charge Users
CUST_07340,1,49.1,49.1,25.0,24.55,24.55,0.5,2,Occasional Large-Charge Users
CUST_07341,1,32.5,32.5,55.0,18.2,18.2,0.56,0,Occasional Standard Users
CUST_07342,1,79.4,79.4,20.0,41.29,41.29,0.52,2,Occasional Large-Charge Users
CUST_07343,1,44.3,44.3,23.0,22.15,22.15,0.5,2,Occasional Large-Charge Users
CUST_07344,1,32.8,32.8,52.0,15.42,15.42,0.47,0,Occasional Standard Users
CUST_07345,1,41.8,41.8,21.0,22.99,22.99,0.55,2,Occasional Large-Charge Users
CUST_07346,1,32.1,32.1,48.0,16.69,16.69,0.52,0,Occasional Standard Users
CUST_07347,1,27.3,27.3,50.0,13.92,13.92,0.51,0,Occasional Standard Users
CUST_07348,1,42.5,42.5,26.0,22.95,22.95,0.54,2,Occasional Large-Charge Users
CUST_07349,1,31.1,31.1,48.0,16.17,16.17,0.52,0,Occasional Standard Users
CUST_07350,1,26.8,26.8,44.0,13.4,13.4,0.5,0,Occasional Standard Users
CUST_07351,1,35.1,35.1,53.0,16.15,16.15,0.46,0,Occasional Standard Users
CUST_07352,1,51.2,51.2,24.0,27.14,27.14,0.53,2,Occasional Large-Charge Users
CUST_07353,1,33.7,33.7,53.0,16.85,16.85,0.5,0,Occasional Standard Users
CUST_07354,1,36.8,36.8,52.0,19.5,19.5,0.53,0,Occasional Standard Users
CUST_07355,1,80.0,80.0,22.0,40.0,40.0,0.5,2,Occasional Large-Charge Users
CUST_07356,1,50.5,50.5,24.0,26.77,26.77,0.53,2,Occasional Large-Charge Users
CUST_07357,1,49.3,49.3,27.0,24.16,24.16,0.49,2,Occasional Large-Charge Users
CUST_07358,1,52.5,52.5,25.0,26.78,26.78,0.51,2,Occasional Large-Charge Users
CUST_07359,1,36.0,36.0,53.0,21.24,21.24,0.59,0,Occasional Standard Users
CUST_07360,1,29.9,29.9,50.0,14.95,14.95,0.5,0,Occasional Standard Users
CUST_07361,1,80.0,80.0,22.0,39.2,39.2,0.49,2,Occasional Large-Charge Users
CUST_07362,1,34.4,34.4,51.0,17.89,17.89,0.52,0,Occasional Standard Users
CUST_07363,1,80.0,80.0,21.0,36.8,36.8,0.46,2,Occasional Large-Charge Users
CUST_07364,1,71.6,71.6,18.0,37.95,37.95,0.53,2,Occasional Large-Charge Users
CUST_07365,1,50.6,50.6,26.0,26.31,26.31,0.52,2,Occasional Large-Charge Users
CUST_07366,1,31.6,31.6,50.0,16.43,16.43,0.52,0,Occasional Standard Users
CUST_07367,1,30.8,30.8,42.0,15.71,15.71,0.51,0,Occasional Standard Users
CUST_07368,1,79.4,79.4,21.0,38.91,38.91,0.49,2,Occasional Large-Charge Users
CUST_07369,1,76.3,76.3,20.0,41.97,41.97,0.55,2,Occasional Large-Charge Users
CUST_07370,1,80.0,80.0,22.0,37.6,37.6,0.47,2,Occasional Large-Charge Users
CUST_07371,1,50.3,50.3,26.0,28.67,28.67,0.57,2,Occasional Large-Charge Users
CUST_07372,1,32.5,32.5,47.0,17.23,17.23,0.53,0,Occasional Standard Users
CUST_07373,1,50.6,50.6,26.0,26.31,26.31,0.52,2,Occasional Large-Charge Users
CUST_07374,1,57.4,57.4,27.0,31.0,31.0,0.54,2,Occasional Large-Charge Users
CUST_07375,1,80.0,80.0,19.0,37.6,37.6,0.47,2,Occasional Large-Charge Users
CUST_07376,1,31.6,31.6,48.0,17.38,17.38,0.55,0,Occasional Standard Users
CUST_07377,1,46.2,46.2,23.0,22.64,22.64,0.49,2,Occasional Large-Charge Users
CUST_07378,1,75.1,75.1,19.0,35.3,35.3,0.47,2,Occasional Large-Charge Users
CUST_07379,1,58.6,58.6,28.0,29.89,29.89,0.51,2,Occasional Large-Charge Users
CUST_07380,1,28.6,28.6,44.0,14.01,14.01,0.49,0,Occasional Standard Users
CUST_07381,1,33.9,33.9,53.0,17.97,17.97,0.53,0,Occasional Standard Users
CUST_07382,1,33.4,33.4,51.0,17.03,17.03,0.51,0,Occasional Standard Users
CUST_07383,1,51.9,51.9,24.0,23.36,23.36,0.45,2,Occasional Large-Charge Users
CUST_07384,1,56.2,56.2,25.0,26.98,26.98,0.48,2,Occasional Large-Charge Users
CUST_07385,1,30.3,30.3,49.0,15.45,15.45,0.51,0,Occasional Standard Users
CUST_07386,1,74.0,74.0,20.0,39.96,39.96,0.54,2,Occasional Large-Charge Users
CUST_07387,1,45.7,45.7,24.0,24.22,24.22,0.53,2,Occasional Large-Charge Users
CUST_07388,1,47.7,47.7,24.0,27.19,27.19,0.57,2,Occasional Large-Charge Users
CUST_07389,1,37.6,37.6,56.0,17.67,17.67,0.47,0,Occasional Standard Users
CUST_07390,1,73.9,73.9,18.0,39.91,39.91,0.54,2,Occasional Large-Charge Users
CUST_07391,1,80.0,80.0,20.0,40.0,40.0,0.5,2,Occasional Large-Charge Users
CUST_07392,1,30.3,30.3,48.0,14.54,14.54,0.48,0,Occasional Standard Users
CUST_07393,1,32.0,32.0,47.0,17.6,17.6,0.55,0,Occasional Standard Users
CUST_07394,1,43.8,43.8,22.0,22.34,22.34,0.51,2,Occasional Large-Charge Users
CUST_07395,1,33.8,33.8,50.0,18.93,18.93,0.56,0,Occasional Standard Users
CUST_07396,1,68.3,68.3,21.0,31.42,31.42,0.46,2,Occasional Large-Charge Users
CUST_07397,1,29.8,29.8,47.0,16.39,16.39,0.55,0,Occasional Standard Users
CUST_07398,1,35.0,35.0,53.0,20.3,20.3,0.58,0,Occasional Standard Users
CUST_07399,1,80.0,80.0,20.0,40.0,40.0,0.5,2,Occasional Large-Charge Users
CUST_07400,1,61.8,61.8,16.0,28.43,28.43,0.46,2,Occasional Large-Charge Users
CUST_07401,1,74.8,74.8,18.0,41.14,41.14,0.55,2,Occasional Large-Charge Users
CUST_07402,1,31.2,31.2,46.0,16.54,16.54,0.53,0,Occasional Standard Users
CUST_07403,1,30.3,30.3,47.0,15.45,15.45,0.51,0,Occasional Standard Users
CUST_07404,1,58.5,58.5,26.0,26.91,26.91,0.46,2,Occasional Large-Charge Users
CUST_07405,1,80.0,80.0,20.0,40.8,40.8,0.51,2,Occasional Large-Charge Users
CUST_07406,1,51.8,51.8,27.0,26.94,26.94,0.52,2,Occasional Large-Charge Users
CUST_07407,1,80.0,80.0,21.0,36.8,36.8,0.46,2,Occasional Large-Charge Users
CUST_07408,1,29.4,29.4,45.0,17.93,17.93,0.61,0,Occasional Standard Users
CUST_07409,1,69.8,69.8,18.0,35.6,35.6,0.51,2,Occasional Large-Charge Users
CUST_07410,1,77.0,77.0,19.0,37.73,37.73,0.49,2,Occasional Large-Charge Users
CUST_07411,1,63.8,63.8,17.0,34.45,34.45,0.54,2,Occasional Large-Charge Users
CUST_07412,1,43.4,43.4,22.0,25.61,25.61,0.59,2,Occasional Large-Charge Users
CUST_07413,1,34.4,34.4,52.0,15.82,15.82,0.46,0,Occasional Standard Users
CUST_07414,1,48.4,48.4,24.0,24.2,24.2,0.5,2,Occasional Large-Charge Users
CUST_07415,1,31.1,31.1,45.0,15.24,15.24,0.49,0,Occasional Standard Users
CUST_07416,1,65.3,65.3,17.0,31.34,31.34,0.48,2,Occasional Large-Charge Users
CUST_07417,1,27.2,27.2,43.0,15.23,15.23,0.56,0,Occasional Standard Users
CUST_07418,1,67.7,67.7,18.0,31.14,31.14,0.46,2,Occasional Large-Charge Users
CUST_07419,1,47.5,47.5,24.0,29.93,29.93,0.63,2,Occasional Large-Charge Users
CUST_07420,1,33.7,33.7,51.0,17.86,17.86,0.53,0,Occasional Standard Users
CUST_07421,1,29.9,29.9,50.0,15.25,15.25,0.51,0,Occasional Standard Users
CUST_07422,1,35.2,35.2,49.0,16.54,16.54,0.47,0,Occasional Standard Users
CUST_07423,1,33.5,33.5,55.0,15.74,15.74,0.47,0,Occasional Standard Users
CUST_07424,1,31.2,31.2,50.0,16.85,16.85,0.54,0,Occasional Standard Users
CUST_07425,1,49.3,49.3,24.0,25.14,25.14,0.51,2,Occasional Large-Charge Users
CUST_07426,1,46.6,46.6,22.0,23.77,23.77,0.51,2,Occasional Large-Charge Users
CUST_07427,1,80.0,80.0,22.0,40.0,40.0,0.5,2,Occasional Large-Charge Users
CUST_07428,1,34.2,34.2,51.0,16.42,16.42,0.48,0,Occasional Standard Users
CUST_07429,1,80.0,80.0,21.0,44.0,44.0,0.55,2,Occasional Large-Charge Users
CUST_07430,1,35.7,35.7,51.0,18.21,18.21,0.51,0,Occasional Standard Users
CUST_07431,1,45.8,45.8,22.0,24.27,24.27,0.53,2,Occasional Large-Charge Users
CUST_07432,1,31.0,31.0,47.0,16.12,16.12,0.52,0,Occasional Standard Users
CUST_07433,1,35.8,35.8,49.0,18.26,18.26,0.51,0,Occasional Standard Users
CUST_07434,1,65.8,65.8,17.0,30.93,30.93,0.47,2,Occasional Large-Charge Users
CUST_07435,1,79.7,79.7,19.0,41.44,41.44,0.52,2,Occasional Large-Charge Users
CUST_07436,1,26.4,26.4,47.0,12.94,12.94,0.49,0,Occasional Standard Users
CUST_07437,1,73.1,73.1,18.0,39.47,39.47,0.54,2,Occasional Large-Charge Users
CUST_07438,1,75.6,75.6,17.0,37.8,37.8,0.5,2,Occasional Large-Charge Users
CUST_07439,1,34.1,34.1,52.0,15.69,15.69,0.46,0,Occasional Standard Users
CUST_07440,1,54.4,54.4,27.0,26.11,26.11,0.48,2,Occasional Large-Charge Users
CUST_07441,1,49.3,49.3,23.0,24.65,24.65,0.5,2,Occasional Large-Charge Users
CUST_07442,1,35.4,35.4,50.0,19.12,19.12,0.54,0,Occasional Standard Users
CUST_07443,1,28.5,28.5,47.0,13.11,13.11,0.46,0,Occasional Standard Users
CUST_07444,1,73.6,73.6,19.0,38.27,38.27,0.52,2,Occasional Large-Charge Users
CUST_07445,1,36.2,36.2,51.0,17.01,17.01,0.47,0,Occasional Standard Users
CUST_07446,1,41.0,41.0,56.0,20.5,20.5,0.5,0,Occasional Standard Users
CUST_07447,1,50.7,50.7,25.0,25.86,25.86,0.51,2,Occasional Large-Charge Users
CUST_07448,1,47.3,47.3,23.0,25.54,25.54,0.54,2,Occasional Large-Charge Users
CUST_07449,1,32.5,32.5,46.0,16.57,16.57,0.51,0,Occasional Standard Users
CUST_07450,1,80.0,80.0,21.0,40.8,40.8,0.51,2,Occasional Large-Charge Users
CUST_07451,1,48.3,48.3,24.0,26.57,26.57,0.55,2,Occasional Large-Charge Users
CUST_07452,1,32.7,32.7,51.0,16.02,16.02,0.49,0,Occasional Standard Users
CUST_07453,1,48.7,48.7,26.0,26.79,26.79,0.55,2,Occasional Large-Charge Users
CUST_07454,1,55.0,55.0,27.0,31.35,31.35,0.57,2,Occasional Large-Charge Users
CUST_07455,1,46.4,46.4,25.0,24.59,24.59,0.53,2,Occasional Large-Charge Users
CUST_07456,1,27.2,27.2,44.0,13.33,13.33,0.49,0,Occasional Standard Users
CUST_07457,1,38.6,38.6,56.0,20.07,20.07,0.52,0,Occasional Standard Users
CUST_07458,1,36.8,36.8,55.0,17.66,17.66,0.48,0,Occasional Standard Users
CUST_07459,1,27.8,27.8,49.0,13.9,13.9,0.5,0,Occasional Standard Users
CUST_07460,1,58.1,58.1,28.0,28.47,28.47,0.49,2,Occasional Large-Charge Users
CUST_07461,1,34.7,34.7,52.0,20.47,20.47,0.59,0,Occasional Standard Users
CUST_07462,1,51.1,51.1,26.0,23.0,23.0,0.45,2,Occasional Large-Charge Users
CUST_07463,1,49.9,49.9,25.0,24.45,24.45,0.49,2,Occasional Large-Charge Users
CUST_07464,1,35.2,35.2,49.0,19.01,19.01,0.54,0,Occasional Standard Users
CUST_07465,1,33.4,33.4,52.0,18.37,18.37,0.55,0,Occasional Standard Users
CUST_07466,1,80.0,80.0,21.0,36.8,36.8,0.46,2,Occasional Large-Charge Users
CUST_07467,1,49.6,49.6,24.0,25.3,25.3,0.51,2,Occasional Large-Charge Users
CUST_07468,1,48.0,48.0,26.0,24.48,24.48,0.51,2,Occasional Large-Charge Users
CUST_07469,1,52.4,52.4,25.0,24.1,24.1,0.46,2,Occasional Large-Charge Users
CUST_07470,1,33.0,33.0,51.0,17.16,17.16,0.52,0,Occasional Standard Users
CUST_07471,1,79.4,79.4,20.0,42.08,42.08,0.53,2,Occasional Large-Charge Users
CUST_07472,1,37.5,37.5,54.0,18.38,18.38,0.49,0,Occasional Standard Users
CUST_07473,1,33.0,33.0,50.0,15.84,15.84,0.48,0,Occasional Standard Users
CUST_07474,1,71.0,71.0,18.0,36.92,36.92,0.52,2,Occasional Large-Charge Users
CUST_07475,1,80.0,80.0,19.0,41.6,41.6,0.52,2,Occasional Large-Charge Users
CUST_07476,1,33.4,33.4,51.0,16.37,16.37,0.49,0,Occasional Standard Users
CUST_07477,1,80.0,80.0,20.0,40.0,40.0,0.5,2,Occasional Large-Charge Users
CUST_07478,1,44.5,44.5,24.0,25.36,25.36,0.57,2,Occasional Large-Charge Users
CUST_07479,1,80.0,80.0,22.0,37.6,37.6,0.47,2,Occasional Large-Charge Users
CUST_07480,1,29.8,29.8,47.0,16.69,16.69,0.56,0,Occasional Standard Users
CUST_07481,1,48.3,48.3,23.0,27.05,27.05,0.56,2,Occasional Large-Charge Users
CUST_07482,1,76.4,76.4,19.0,43.55,43.55,0.57,2,Occasional Large-Charge Users
CUST_07483,1,51.0,51.0,26.0,26.01,26.01,0.51,2,Occasional Large-Charge Users
CUST_07484,1,77.1,77.1,19.0,37.78,37.78,0.49,2,Occasional Large-Charge Users
CUST_07485,1,47.5,47.5,25.0,23.27,23.27,0.49,2,Occasional Large-Charge Users
CUST_07486,1,34.8,34.8,51.0,17.05,17.05,0.49,0,Occasional Standard Users
CUST_07487,1,51.9,51.9,25.0,26.47,26.47,0.51,2,Occasional Large-Charge Users
CUST_07488,1,31.6,31.6,49.0,14.22,14.22,0.45,0,Occasional Standard Users
CUST_07489,1,80.0,80.0,20.0,39.2,39.2,0.49,2,Occasional Large-Charge Users
CUST_07490,1,39.0,39.0,52.0,18.33,18.33,0.47,0,Occasional Standard Users
CUST_07491,1,79.3,79.3,19.0,38.86,38.86,0.49,2,Occasional Large-Charge Users
CUST_07492,1,53.7,53.7,26.0,25.24,25.24,0.47,2,Occasional Large-Charge Users
CUST_07493,1,75.8,75.8,19.0,45.48,45.48,0.6,2,Occasional Large-Charge Users
CUST_07494,1,31.4,31.4,46.0,18.53,18.53,0.59,0,Occasional Standard Users
CUST_07495,1,37.7,37.7,51.0,17.72,17.72,0.47,0,Occasional Standard Users
CUST_07496,1,74.7,74.7,19.0,45.57,45.57,0.61,2,Occasional Large-Charge Users
CUST_07497,1,49.2,49.2,24.0,23.12,23.12,0.47,2,Occasional Large-Charge Users
CUST_07498,1,50.5,50.5,24.0,30.3,30.3,0.6,2,Occasional Large-Charge Users
CUST_07499,1,38.9,38.9,55.0,21.01,21.01,0.54,0,Occasional Standard Users
CUST_07500,1,80.0,80.0,19.0,38.4,38.4,0.48,2,Occasional Large-Charge Users
CUST_07501,1,31.0,31.0,48.0,16.43,16.43,0.53,0,Occasional Standard Users
CUST_07502,1,43.6,43.6,24.0,23.54,23.54,0.54,2,Occasional Large-Charge Users
CUST_07503,1,75.2,75.2,19.0,40.61,40.61,0.54,2,Occasional Large-Charge Users
CUST_07504,1,76.8,76.8,19.0,35.33,35.33,0.46,2,Occasional Large-Charge Users
CUST_07505,1,32.4,32.4,45.0,17.17,17.17,0.53,0,Occasional Standard Users
CUST_07506,1,61.1,61.1,16.0,34.22,34.22,0.56,2,Occasional Large-Charge Users
CUST_07507,1,35.4,35.4,56.0,19.12,19.12,0.54,0,Occasional Standard Users
CUST_07508,1,47.4,47.4,25.0,25.6,25.6,0.54,2,Occasional Large-Charge Users
CUST_07509,1,45.4,45.4,25.0,22.7,22.7,0.5,2,Occasional Large-Charge Users
CUST_07510,1,53.8,53.8,25.0,32.28,32.28,0.6,2,Occasional Large-Charge Users
CUST_07511,1,28.3,28.3,49.0,15.0,15.0,0.53,0,Occasional Standard Users
CUST_07512,1,33.8,33.8,53.0,15.55,15.55,0.46,0,Occasional Standard Users
CUST_07513,1,34.3,34.3,51.0,17.84,17.84,0.52,0,Occasional Standard Users
CUST_07514,1,46.8,46.8,23.0,22.93,22.93,0.49,2,Occasional Large-Charge Users
CUST_07515,1,37.5,37.5,50.0,19.88,19.88,0.53,0,Occasional Standard Users
CUST_07516,1,37.2,37.2,52.0,18.6,18.6,0.5,0,Occasional Standard Users
CUST_07517,1,32.7,32.7,49.0,16.68,16.68,0.51,0,Occasional Standard Users
CUST_07518,1,40.5,40.5,54.0,21.87,21.87,0.54,0,Occasional Standard Users
CUST_07519,1,49.5,49.5,22.0,30.69,30.69,0.62,2,Occasional Large-Charge Users
CUST_07520,1,31.7,31.7,50.0,14.27,14.27,0.45,0,Occasional Standard Users
CUST_07521,1,49.0,49.0,23.0,26.95,26.95,0.55,2,Occasional Large-Charge Users
CUST_07522,1,75.3,75.3,19.0,41.41,41.41,0.55,2,Occasional Large-Charge Users
CUST_07523,1,34.0,34.0,52.0,17.0,17.0,0.5,0,Occasional Standard Users
CUST_07524,1,74.1,74.1,20.0,39.27,39.27,0.53,2,Occasional Large-Charge Users
CUST_07525,1,32.0,32.0,50.0,16.64,16.64,0.52,0,Occasional Standard Users
CUST_07526,1,64.6,64.6,17.0,34.88,34.88,0.54,2,Occasional Large-Charge Users
CUST_07527,1,37.8,37.8,56.0,22.3,22.3,0.59,0,Occasional Standard Users
CUST_07528,1,80.0,80.0,24.0,40.0,40.0,0.5,2,Occasional Large-Charge Users
CUST_07529,1,46.8,46.8,22.0,22.93,22.93,0.49,2,Occasional Large-Charge Users
CUST_07530,1,80.0,80.0,22.0,40.8,40.8,0.51,2,Occasional Large-Charge Users
CUST_07531,1,43.6,43.6,21.0,23.54,23.54,0.54,2,Occasional Large-Charge Users
CUST_07532,1,80.0,80.0,20.0,40.0,40.0,0.5,2,Occasional Large-Charge Users
CUST_07533,1,58.1,58.1,28.0,33.12,33.12,0.57,2,Occasional Large-Charge Users
CUST_07534,1,45.1,45.1,23.0,20.75,20.75,0.46,2,Occasional Large-Charge Users
CUST_07535,1,78.5,78.5,20.0,42.39,42.39,0.54,2,Occasional Large-Charge Users
CUST_07536,1,33.8,33.8,54.0,17.58,17.58,0.52,0,Occasional Standard Users
CUST_07537,1,80.0,80.0,22.0,40.0,40.0,0.5,2,Occasional Large-Charge Users
CUST_07538,1,41.5,41.5,22.0,22.83,22.83,0.55,2,Occasional Large-Charge Users
CUST_07539,1,53.7,53.7,26.0,25.78,25.78,0.48,2,Occasional Large-Charge Users
CUST_07540,1,66.0,66.0,17.0,36.3,36.3,0.55,2,Occasional Large-Charge Users
CUST_07541,1,52.7,52.7,26.0,26.35,26.35,0.5,2,Occasional Large-Charge Users
CUST_07542,1,73.6,73.6,19.0,36.06,36.06,0.49,2,Occasional Large-Charge Users
CUST_07543,1,53.9,53.9,26.0,24.79,24.79,0.46,2,Occasional Large-Charge Users
CUST_07544,1,36.1,36.1,51.0,18.05,18.05,0.5,0,Occasional Standard Users
CUST_07545,1,48.4,48.4,24.0,27.1,27.1,0.56,2,Occasional Large-Charge Users
CUST_07546,1,34.1,34.1,49.0,18.41,18.41,0.54,0,Occasional Standard Users
CUST_07547,1,43.9,43.9,25.0,22.83,22.83,0.52,2,Occasional Large-Charge Users
CUST_07548,1,72.9,72.9,18.0,32.81,32.81,0.45,2,Occasional Large-Charge Users
CUST_07549,1,35.9,35.9,51.0,16.51,16.51,0.46,0,Occasional Standard Users
CUST_07550,1,47.2,47.2,24.0,24.54,24.54,0.52,2,Occasional Large-Charge Users
CUST_07551,1,29.3,29.3,49.0,13.48,13.48,0.46,0,Occasional Standard Users
CUST_07552,1,76.0,76.0,20.0,40.28,40.28,0.53,2,Occasional Large-Charge Users
CUST_07553,1,75.3,75.3,22.0,39.16,39.16,0.52,2,Occasional Large-Charge Users
CUST_07554,1,39.2,39.2,55.0,18.82,18.82,0.48,0,Occasional Standard Users
CUST_07555,1,26.3,26.3,46.0,13.68,13.68,0.52,0,Occasional Standard Users
CUST_07556,1,80.0,80.0,21.0,40.0,40.0,0.5,2,Occasional Large-Charge Users
CUST_07557,1,30.5,30.5,48.0,16.47,16.47,0.54,0,Occasional Standard Users
CUST_07558,1,53.9,53.9,25.0,31.26,31.26,0.58,2,Occasional Large-Charge Users
CUST_07559,1,46.7,46.7,22.0,23.35,23.35,0.5,2,Occasional Large-Charge Users
CUST_07560,1,32.2,32.2,47.0,15.46,15.46,0.48,0,Occasional Standard Users
CUST_07561,1,51.0,51.0,26.0,23.46,23.46,0.46,2,Occasional Large-Charge Users
CUST_07562,1,41.3,41.3,22.0,21.89,21.89,0.53,2,Occasional Large-Charge Users
CUST_07563,1,29.1,29.1,46.0,15.71,15.71,0.54,0,Occasional Standard Users
CUST_07564,1,31.1,31.1,50.0,16.79,16.79,0.54,0,Occasional Standard Users
CUST_07565,1,34.6,34.6,53.0,16.95,16.95,0.49,0,Occasional Standard Users
CUST_07566,1,46.8,46.8,24.0,22.46,22.46,0.48,2,Occasional Large-Charge Users
CUST_07567,1,31.2,31.2,52.0,16.85,16.85,0.54,0,Occasional Standard Users
CUST_07568,1,32.6,32.6,54.0,15.97,15.97,0.49,0,Occasional Standard Users
CUST_07569,1,32.8,32.8,49.0,18.04,18.04,0.55,0,Occasional Standard Users
CUST_07570,1,28.8,28.8,45.0,14.69,14.69,0.51,0,Occasional Standard Users
CUST_07571,1,29.6,29.6,48.0,13.62,13.62,0.46,0,Occasional Standard Users
CUST_07572,1,49.8,49.8,25.0,26.89,26.89,0.54,2,Occasional Large-Charge Users
CUST_07573,1,75.2,75.2,19.0,41.36,41.36,0.55,2,Occasional Large-Charge Users
CUST_07574,1,51.8,51.8,26.0,29.01,29.01,0.56,2,Occasional Large-Charge Users
CUST_07575,1,37.3,37.3,51.0,19.77,19.77,0.53,0,Occasional Standard Users
CUST_07576,1,73.8,73.8,20.0,36.9,36.9,0.5,2,Occasional Large-Charge Users
CUST_07577,1,67.4,67.4,17.0,33.7,33.7,0.5,2,Occasional Large-Charge Users
CUST_07578,1,80.0,80.0,22.0,41.6,41.6,0.52,2,Occasional Large-Charge Users
CUST_07579,1,47.6,47.6,24.0,26.66,26.66,0.56,2,Occasional Large-Charge Users
CUST_07580,1,61.6,61.6,29.0,29.57,29.57,0.48,2,Occasional Large-Charge Users
CUST_07581,1,73.9,73.9,18.0,38.43,38.43,0.52,2,Occasional Large-Charge Users
CUST_07582,1,35.0,35.0,52.0,19.6,19.6,0.56,0,Occasional Standard Users
CUST_07583,1,76.6,76.6,20.0,36.0,36.0,0.47,2,Occasional Large-Charge Users
CUST_07584,1,31.6,31.6,47.0,16.12,16.12,0.51,0,Occasional Standard Users
CUST_07585,1,46.9,46.9,24.0,25.8,25.8,0.55,2,Occasional Large-Charge Users
CUST_07586,1,74.8,74.8,18.0,41.89,41.89,0.56,2,Occasional Large-Charge Users
CUST_07587,1,30.6,30.6,42.0,14.38,14.38,0.47,0,Occasional Standard Users
CUST_07588,1,35.8,35.8,51.0,19.69,19.69,0.55,0,Occasional Standard Users
CUST_07589,1,72.9,72.9,20.0,37.91,37.91,0.52,2,Occasional Large-Charge Users
CUST_07590,1,50.4,50.4,24.0,26.21,26.21,0.52,2,Occasional Large-Charge Users
CUST_07591,1,28.8,28.8,47.0,15.55,15.55,0.54,0,Occasional Standard Users
CUST_07592,1,30.1,30.1,48.0,16.25,16.25,0.54,0,Occasional Standard Users
CUST_07593,1,43.6,43.6,22.0,20.93,20.93,0.48,2,Occasional Large-Charge Users
CUST_07594,1,80.0,80.0,22.0,37.6,37.6,0.47,2,Occasional Large-Charge Users
CUST_07595,1,40.4,40.4,20.0,19.8,19.8,0.49,2,Occasional Large-Charge Users
CUST_07596,1,47.2,47.2,25.0,27.85,27.85,0.59,2,Occasional Large-Charge Users
CUST_07597,1,78.3,78.3,19.0,43.07,43.07,0.55,2,Occasional Large-Charge Users
CUST_07598,1,32.6,32.6,47.0,15.65,15.65,0.48,0,Occasional Standard Users
CUST_07599,1,31.7,31.7,48.0,15.53,15.53,0.49,0,Occasional Standard Users
CUST_07600,1,32.3,32.3,51.0,18.41,18.41,0.57,0,Occasional Standard Users
CUST_07601,1,52.3,52.3,26.0,32.43,32.43,0.62,2,Occasional Large-Charge Users
CUST_07602,1,38.8,38.8,55.0,20.18,20.18,0.52,0,Occasional Standard Users
CUST_07603,1,29.0,29.0,47.0,15.95,15.95,0.55,0,Occasional Standard Users
CUST_07604,1,29.9,29.9,49.0,14.65,14.65,0.49,0,Occasional Standard Users
CUST_07605,1,80.0,80.0,21.0,37.6,37.6,0.47,2,Occasional Large-Charge Users
CUST_07606,1,35.9,35.9,49.0,19.39,19.39,0.54,0,Occasional Standard Users
CUST_07607,1,31.0,31.0,55.0,17.05,17.05,0.55,0,Occasional Standard Users
CUST_07608,1,45.3,45.3,23.0,21.74,21.74,0.48,2,Occasional Large-Charge Users
CUST_07609,1,50.5,50.5,24.0,23.23,23.23,0.46,2,Occasional Large-Charge Users
CUST_07610,1,78.1,78.1,19.0,41.39,41.39,0.53,2,Occasional Large-Charge Users
CUST_07611,1,47.8,47.8,27.0,22.94,22.94,0.48,2,Occasional Large-Charge Users
CUST_07612,1,53.4,53.4,26.0,25.63,25.63,0.48,2,Occasional Large-Charge Users
CUST_07613,1,67.4,67.4,17.0,33.7,33.7,0.5,2,Occasional Large-Charge Users
CUST_07614,1,80.0,80.0,21.0,39.2,39.2,0.49,2,Occasional Large-Charge Users
CUST_07615,1,28.9,28.9,44.0,17.05,17.05,0.59,0,Occasional Standard Users
CUST_07616,1,80.0,80.0,21.0,40.0,40.0,0.5,2,Occasional Large-Charge Users
CUST_07617,1,46.4,46.4,22.0,22.74,22.74,0.49,2,Occasional Large-Charge Users
CUST_07618,1,46.5,46.5,22.0,22.32,22.32,0.48,2,Occasional Large-Charge Users
CUST_07619,1,31.2,31.2,48.0,15.6,15.6,0.5,0,Occasional Standard Users
CUST_07620,1,80.0,80.0,21.0,44.0,44.0,0.55,2,Occasional Large-Charge Users
CUST_07621,1,31.2,31.2,49.0,16.22,16.22,0.52,0,Occasional Standard Users
CUST_07622,1,55.3,55.3,27.0,26.54,26.54,0.48,2,Occasional Large-Charge Users
CUST_07623,1,49.7,49.7,26.0,23.36,23.36,0.47,2,Occasional Large-Charge Users
CUST_07624,1,34.1,34.1,48.0,15.69,15.69,0.46,0,Occasional Standard Users
CUST_07625,1,50.9,50.9,23.0,25.96,25.96,0.51,2,Occasional Large-Charge Users
CUST_07626,1,53.1,53.1,25.0,23.89,23.89,0.45,2,Occasional Large-Charge Users
CUST_07627,1,33.2,33.2,50.0,17.6,17.6,0.53,0,Occasional Standard Users
CUST_07628,1,48.6,48.6,26.0,25.27,25.27,0.52,2,Occasional Large-Charge Users
CUST_07629,1,49.9,49.9,27.0,24.95,24.95,0.5,2,Occasional Large-Charge Users
CUST_07630,1,58.2,58.2,26.0,31.43,31.43,0.54,2,Occasional Large-Charge Users
CUST_07631,1,44.7,44.7,22.0,26.37,26.37,0.59,2,Occasional Large-Charge Users
CUST_07632,1,29.0,29.0,44.0,17.11,17.11,0.59,0,Occasional Standard Users
CUST_07633,1,32.1,32.1,48.0,17.33,17.33,0.54,0,Occasional Standard Users
CUST_07634,1,46.6,46.6,24.0,23.3,23.3,0.5,2,Occasional Large-Charge Users
CUST_07635,1,79.0,79.0,20.0,41.08,41.08,0.52,2,Occasional Large-Charge Users
CUST_07636,1,29.3,29.3,44.0,16.12,16.12,0.55,0,Occasional Standard Users
CUST_07637,1,30.3,30.3,42.0,15.15,15.15,0.5,0,Occasional Standard Users
CUST_07638,1,80.0,80.0,22.0,40.8,40.8,0.51,2,Occasional Large-Charge Users
CUST_07639,1,59.3,59.3,27.0,30.84,30.84,0.52,2,Occasional Large-Charge Users
CUST_07640,1,80.0,80.0,22.0,43.2,43.2,0.54,2,Occasional Large-Charge Users
CUST_07641,1,32.9,32.9,52.0,16.78,16.78,0.51,0,Occasional Standard Users
CUST_07642,1,36.3,36.3,53.0,22.51,22.51,0.62,0,Occasional Standard Users
CUST_07643,1,34.5,34.5,49.0,18.29,18.29,0.53,0,Occasional Standard Users
CUST_07644,1,46.0,46.0,24.0,26.22,26.22,0.57,2,Occasional Large-Charge Users
CUST_07645,1,48.1,48.1,25.0,24.53,24.53,0.51,2,Occasional Large-Charge Users
CUST_07646,1,51.4,51.4,26.0,27.76,27.76,0.54,2,Occasional Large-Charge Users
CUST_07647,1,46.7,46.7,25.0,21.95,21.95,0.47,2,Occasional Large-Charge Users
CUST_07648,1,54.8,54.8,26.0,25.76,25.76,0.47,2,Occasional Large-Charge Users
CUST_07649,1,53.2,53.2,28.0,27.66,27.66,0.52,2,Occasional Large-Charge Users
CUST_07650,1,45.5,45.5,24.0,24.57,24.57,0.54,2,Occasional Large-Charge Users
CUST_07651,1,72.7,72.7,19.0,41.44,41.44,0.57,2,Occasional Large-Charge Users
CUST_07652,1,80.0,80.0,22.0,43.2,43.2,0.54,2,Occasional Large-Charge Users
CUST_07653,1,49.5,49.5,22.0,25.25,25.25,0.51,2,Occasional Large-Charge Users
CUST_07654,1,30.1,30.1,47.0,16.25,16.25,0.54,0,Occasional Standard Users
CUST_07655,1,80.0,80.0,22.0,40.0,40.0,0.5,2,Occasional Large-Charge Users
CUST_07656,1,52.0,52.0,26.0,28.08,28.08,0.54,2,Occasional Large-Charge Users
CUST_07657,1,33.4,33.4,49.0,16.03,16.03,0.48,0,Occasional Standard Users
CUST_07658,1,56.9,56.9,27.0,25.61,25.61,0.45,2,Occasional Large-Charge Users
CUST_07659,1,48.1,48.1,22.0,26.94,26.94,0.56,2,Occasional Large-Charge Users
CUST_07660,1,34.8,34.8,52.0,15.66,15.66,0.45,0,Occasional Standard Users
CUST_07661,1,80.0,80.0,19.0,37.6,37.6,0.47,2,Occasional Large-Charge Users
CUST_07662,1,67.8,67.8,19.0,37.97,37.97,0.56,2,Occasional Large-Charge Users
CUST_07663,1,68.8,68.8,17.0,33.02,33.02,0.48,2,Occasional Large-Charge Users
CUST_07664,1,80.0,80.0,22.0,43.2,43.2,0.54,2,Occasional Large-Charge Users
CUST_07665,1,35.0,35.0,54.0,16.1,16.1,0.46,0,Occasional Standard Users
CUST_07666,1,72.8,72.8,19.0,35.67,35.67,0.49,2,Occasional Large-Charge Users
CUST_07667,1,28.9,28.9,46.0,13.87,13.87,0.48,0,Occasional Standard Users
CUST_07668,1,41.1,41.1,22.0,21.37,21.37,0.52,2,Occasional Large-Charge Users
CUST_07669,1,31.9,31.9,50.0,15.31,15.31,0.48,0,Occasional Standard Users
CUST_07670,1,36.5,36.5,50.0,17.88,17.88,0.49,0,Occasional Standard Users
CUST_07671,1,44.4,44.4,23.0,22.64,22.64,0.51,2,Occasional Large-Charge Users
CUST_07672,1,28.0,28.0,48.0,14.28,14.28,0.51,0,Occasional Standard Users
CUST_07673,1,37.7,37.7,51.0,20.74,20.74,0.55,0,Occasional Standard Users
CUST_07674,1,38.2,38.2,51.0,20.25,20.25,0.53,0,Occasional Standard Users
CUST_07675,1,48.4,48.4,24.0,25.65,25.65,0.53,2,Occasional Large-Charge Users
CUST_07676,1,78.1,78.1,18.0,43.74,43.74,0.56,2,Occasional Large-Charge Users
CUST_07677,1,54.0,54.0,24.0,25.38,25.38,0.47,2,Occasional Large-Charge Users
CUST_07678,1,80.0,80.0,20.0,39.2,39.2,0.49,2,Occasional Large-Charge Users
CUST_07679,1,75.1,75.1,19.0,39.8,39.8,0.53,2,Occasional Large-Charge Users
CUST_07680,1,53.3,53.3,24.0,26.12,26.12,0.49,2,Occasional Large-Charge Users
CUST_07681,1,80.0,80.0,20.0,41.6,41.6,0.52,2,Occasional Large-Charge Users
CUST_07682,1,35.4,35.4,51.0,17.35,17.35,0.49,0,Occasional Standard Users
CUST_07683,1,79.0,79.0,20.0,46.61,46.61,0.59,2,Occasional Large-Charge Users
CUST_07684,1,76.6,76.6,20.0,41.36,41.36,0.54,2,Occasional Large-Charge Users
CUST_07685,1,47.9,47.9,25.0,22.51,22.51,0.47,2,Occasional Large-Charge Users
CUST_07686,1,37.6,37.6,55.0,19.55,19.55,0.52,0,Occasional Standard Users
CUST_07687,1,76.7,76.7,19.0,35.28,35.28,0.46,2,Occasional Large-Charge Users
CUST_07688,1,71.3,71.3,17.0,32.8,32.8,0.46,2,Occasional Large-Charge Users
CUST_07689,1,36.5,36.5,51.0,21.54,21.54,0.59,0,Occasional Standard Users
CUST_07690,1,50.0,50.0,24.0,29.0,29.0,0.58,2,Occasional Large-Charge Users
CUST_07691,1,50.7,50.7,25.0,26.87,26.87,0.53,2,Occasional Large-Charge Users
CUST_07692,1,37.2,37.2,52.0,17.48,17.48,0.47,0,Occasional Standard Users
CUST_07693,1,35.2,35.2,51.0,17.6,17.6,0.5,0,Occasional Standard Users
CUST_07694,1,34.1,34.1,52.0,17.39,17.39,0.51,0,Occasional Standard Users
CUST_07695,1,67.3,67.3,17.0,32.3,32.3,0.48,2,Occasional Large-Charge Users
CUST_07696,1,80.0,80.0,21.0,36.0,36.0,0.45,2,Occasional Large-Charge Users
CUST_07697,1,60.7,60.7,16.0,34.6,34.6,0.57,2,Occasional Large-Charge Users
CUST_07698,1,80.0,80.0,20.0,40.8,40.8,0.51,2,Occasional Large-Charge Users
CUST_07699,1,66.0,66.0,18.0,30.36,30.36,0.46,2,Occasional Large-Charge Users
CUST_07700,1,45.6,45.6,25.0,23.71,23.71,0.52,2,Occasional Large-Charge Users
CUST_07701,1,79.7,79.7,18.0,39.85,39.85,0.5,2,Occasional Large-Charge Users
CUST_07702,1,80.0,80.0,20.0,40.0,40.0,0.5,2,Occasional Large-Charge Users
CUST_07703,1,30.0,30.0,45.0,14.1,14.1,0.47,0,Occasional Standard Users
CUST_07704,1,48.5,48.5,24.0,24.25,24.25,0.5,2,Occasional Large-Charge Users
CUST_07705,1,58.6,58.6,28.0,28.71,28.71,0.49,2,Occasional Large-Charge Users
CUST_07706,1,51.8,51.8,25.0,23.83,23.83,0.46,2,Occasional Large-Charge Users
CUST_07707,1,45.5,45.5,24.0,21.38,21.38,0.47,2,Occasional Large-Charge Users
CUST_07708,1,46.7,46.7,23.0,24.75,24.75,0.53,2,Occasional Large-Charge Users
CUST_07709,1,49.7,49.7,23.0,27.34,27.34,0.55,2,Occasional Large-Charge Users
CUST_07710,1,45.1,45.1,22.0,27.06,27.06,0.6,2,Occasional Large-Charge Users
CUST_07711,1,72.7,72.7,18.0,39.26,39.26,0.54,2,Occasional Large-Charge Users
CUST_07712,1,45.3,45.3,24.0,23.1,23.1,0.51,2,Occasional Large-Charge Users
CUST_07713,1,45.7,45.7,23.0,21.02,21.02,0.46,2,Occasional Large-Charge Users
CUST_07714,1,80.0,80.0,21.0,40.0,40.0,0.5,2,Occasional Large-Charge Users
CUST_07715,1,37.0,37.0,56.0,21.46,21.46,0.58,0,Occasional Standard Users
CUST_07716,1,35.1,35.1,50.0,17.2,17.2,0.49,0,Occasional Standard Users
CUST_07717,1,32.3,32.3,45.0,15.83,15.83,0.49,0,Occasional Standard Users
CUST_07718,1,40.2,40.2,23.0,20.5,20.5,0.51,2,Occasional Large-Charge Users
CUST_07719,1,55.2,55.2,27.0,29.81,29.81,0.54,2,Occasional Large-Charge Users
CUST_07720,1,34.7,34.7,49.0,20.47,20.47,0.59,0,Occasional Standard Users
CUST_07721,1,33.7,33.7,49.0,18.2,18.2,0.54,0,Occasional Standard Users
CUST_07722,1,31.3,31.3,52.0,16.28,16.28,0.52,0,Occasional Standard Users
CUST_07723,1,56.6,56.6,26.0,27.73,27.73,0.49,2,Occasional Large-Charge Users
CUST_07724,1,33.2,33.2,46.0,16.93,16.93,0.51,0,Occasional Standard Users
CUST_07725,1,47.6,47.6,24.0,26.18,26.18,0.55,2,Occasional Large-Charge Users
CUST_07726,1,29.6,29.6,44.0,13.32,13.32,0.45,0,Occasional Standard Users
CUST_07727,1,36.4,36.4,51.0,16.38,16.38,0.45,0,Occasional Standard Users
CUST_07728,1,31.3,31.3,49.0,15.34,15.34,0.49,0,Occasional Standard Users
CUST_07729,1,29.7,29.7,48.0,14.26,14.26,0.48,0,Occasional Standard Users
CUST_07730,1,30.8,30.8,42.0,16.94,16.94,0.55,0,Occasional Standard Users
CUST_07731,1,35.3,35.3,52.0,18.71,18.71,0.53,0,Occasional Standard Users
CUST_07732,1,78.2,78.2,19.0,39.88,39.88,0.51,2,Occasional Large-Charge Users
CUST_07733,1,80.0,80.0,20.0,40.8,40.8,0.51,2,Occasional Large-Charge Users
CUST_07734,1,37.8,37.8,21.0,18.9,18.9,0.5,2,Occasional Large-Charge Users
CUST_07735,1,46.8,46.8,25.0,23.4,23.4,0.5,2,Occasional Large-Charge Users
CUST_07736,1,49.6,49.6,26.0,23.31,23.31,0.47,2,Occasional Large-Charge Users
CUST_07737,1,32.9,32.9,47.0,15.46,15.46,0.47,0,Occasional Standard Users
CUST_07738,1,80.0,80.0,22.0,40.0,40.0,0.5,2,Occasional Large-Charge Users
CUST_07739,1,52.8,52.8,25.0,24.29,24.29,0.46,2,Occasional Large-Charge Users
CUST_07740,1,80.0,80.0,19.0,36.8,36.8,0.46,2,Occasional Large-Charge Users
CUST_07741,1,49.5,49.5,25.0,25.74,25.74,0.52,2,Occasional Large-Charge Users
CUST_07742,1,35.1,35.1,52.0,20.71,20.71,0.59,0,Occasional Standard Users
CUST_07743,1,52.4,52.4,25.0,27.77,27.77,0.53,2,Occasional Large-Charge Users
CUST_07744,1,48.0,48.0,23.0,25.44,25.44,0.53,2,Occasional Large-Charge Users
CUST_07745,1,74.3,74.3,18.0,33.44,33.44,0.45,2,Occasional Large-Charge Users
CUST_07746,1,33.6,33.6,49.0,16.8,16.8,0.5,0,Occasional Standard Users
CUST_07747,1,45.6,45.6,25.0,23.26,23.26,0.51,2,Occasional Large-Charge Users
CUST_07748,1,76.8,76.8,18.0,47.62,47.62,0.62,2,Occasional Large-Charge Users
CUST_07749,1,49.0,49.0,24.0,25.48,25.48,0.52,2,Occasional Large-Charge Users
CUST_07750,1,31.3,31.3,45.0,16.9,16.9,0.54,0,Occasional Standard Users
CUST_07751,1,55.1,55.1,25.0,26.45,26.45,0.48,2,Occasional Large-Charge Users
CUST_07752,1,30.8,30.8,45.0,15.09,15.09,0.49,0,Occasional Standard Users
CUST_07753,1,50.3,50.3,24.0,27.16,27.16,0.54,2,Occasional Large-Charge Users
CUST_07754,1,43.8,43.8,23.0,20.59,20.59,0.47,2,Occasional Large-Charge Users
CUST_07755,1,50.7,50.7,25.0,29.41,29.41,0.58,2,Occasional Large-Charge Users
CUST_07756,1,53.1,53.1,25.0,26.02,26.02,0.49,2,Occasional Large-Charge Users
CUST_07757,1,50.3,50.3,25.0,27.66,27.66,0.55,2,Occasional Large-Charge Users
CUST_07758,1,46.7,46.7,23.0,22.42,22.42,0.48,2,Occasional Large-Charge Users
CUST_07759,1,27.6,27.6,47.0,12.7,12.7,0.46,0,Occasional Standard Users
CUST_07760,1,80.0,80.0,21.0,40.8,40.8,0.51,2,Occasional Large-Charge Users
CUST_07761,1,49.7,49.7,24.0,26.34,26.34,0.53,2,Occasional Large-Charge Users
CUST_07762,1,49.6,49.6,24.0,23.81,23.81,0.48,2,Occasional Large-Charge Users
CUST_07763,1,52.7,52.7,25.0,24.77,24.77,0.47,2,Occasional Large-Charge Users
CUST_07764,1,55.7,55.7,26.0,30.08,30.08,0.54,2,Occasional Large-Charge Users
CUST_07765,1,80.0,80.0,20.0,48.0,48.0,0.6,2,Occasional Large-Charge Users
CUST_07766,1,43.0,43.0,59.0,22.79,22.79,0.53,0,Occasional Standard Users
CUST_07767,1,30.1,30.1,50.0,15.05,15.05,0.5,0,Occasional Standard Users
CUST_07768,1,59.9,59.9,27.0,27.55,27.55,0.46,2,Occasional Large-Charge Users
CUST_07769,1,37.9,37.9,53.0,20.09,20.09,0.53,0,Occasional Standard Users
CUST_07770,1,68.6,68.6,20.0,33.61,33.61,0.49,2,Occasional Large-Charge Users
CUST_07771,1,33.0,33.0,50.0,17.16,17.16,0.52,0,Occasional Standard Users
CUST_07772,1,29.0,29.0,47.0,14.5,14.5,0.5,0,Occasional Standard Users
CUST_07773,1,71.6,71.6,19.0,37.95,37.95,0.53,2,Occasional Large-Charge Users
CUST_07774,1,69.0,69.0,18.0,31.74,31.74,0.46,2,Occasional Large-Charge Users
CUST_07775,1,42.8,42.8,23.0,20.12,20.12,0.47,2,Occasional Large-Charge Users
CUST_07776,1,38.8,38.8,55.0,22.12,22.12,0.57,0,Occasional Standard Users
CUST_07777,1,32.7,32.7,45.0,17.66,17.66,0.54,0,Occasional Standard Users
CUST_07778,1,46.6,46.6,24.0,21.9,21.9,0.47,2,Occasional Large-Charge Users
CUST_07779,1,33.9,33.9,52.0,18.31,18.31,0.54,0,Occasional Standard Users
CUST_07780,1,70.6,70.6,17.0,40.95,40.95,0.58,2,Occasional Large-Charge Users
CUST_07781,1,46.4,46.4,24.0,25.52,25.52,0.55,2,Occasional Large-Charge Users
CUST_07782,1,58.6,58.6,28.0,31.06,31.06,0.53,2,Occasional Large-Charge Users
CUST_07783,1,57.4,57.4,17.0,31.57,31.57,0.55,2,Occasional Large-Charge Users
CUST_07784,1,73.1,73.1,19.0,36.55,36.55,0.5,2,Occasional Large-Charge Users
CUST_07785,1,34.7,34.7,53.0,16.31,16.31,0.47,0,Occasional Standard Users
CUST_07786,1,31.4,31.4,46.0,16.01,16.01,0.51,0,Occasional Standard Users
CUST_07787,1,46.3,46.3,22.0,22.69,22.69,0.49,2,Occasional Large-Charge Users
CUST_07788,1,70.3,70.3,17.0,32.34,32.34,0.46,2,Occasional Large-Charge Users
CUST_07789,1,34.6,34.6,53.0,17.99,17.99,0.52,0,Occasional Standard Users
CUST_07790,1,40.9,40.9,23.0,19.22,19.22,0.47,2,Occasional Large-Charge Users
CUST_07791,1,30.2,30.2,44.0,14.8,14.8,0.49,0,Occasional Standard Users
CUST_07792,1,46.7,46.7,23.0,21.48,21.48,0.46,2,Occasional Large-Charge Users
CUST_07793,1,33.8,33.8,49.0,18.25,18.25,0.54,0,Occasional Standard Users
CUST_07794,1,51.2,51.2,28.0,23.55,23.55,0.46,2,Occasional Large-Charge Users
CUST_07795,1,50.5,50.5,25.0,23.73,23.73,0.47,2,Occasional Large-Charge Users
CUST_07796,1,32.7,32.7,50.0,16.35,16.35,0.5,0,Occasional Standard Users
CUST_07797,1,32.0,32.0,47.0,14.4,14.4,0.45,0,Occasional Standard Users
CUST_07798,1,34.3,34.3,51.0,17.49,17.49,0.51,0,Occasional Standard Users
CUST_07799,1,34.2,34.2,51.0,16.42,16.42,0.48,0,Occasional Standard Users
CUST_07800,1,39.3,39.3,24.0,20.44,20.44,0.52,2,Occasional Large-Charge Users
CUST_07801,1,30.2,30.2,46.0,18.12,18.12,0.6,0,Occasional Standard Users
CUST_07802,1,80.0,80.0,22.0,39.2,39.2,0.49,2,Occasional Large-Charge Users
CUST_07803,1,79.2,79.2,20.0,38.02,38.02,0.48,2,Occasional Large-Charge Users
CUST_07804,1,80.0,80.0,22.0,48.0,48.0,0.6,2,Occasional Large-Charge Users
CUST_07805,1,80.0,80.0,19.0,47.2,47.2,0.59,2,Occasional Large-Charge Users
CUST_07806,1,44.0,44.0,23.0,24.2,24.2,0.55,2,Occasional Large-Charge Users
CUST_07807,1,50.3,50.3,24.0,29.68,29.68,0.59,2,Occasional Large-Charge Users
CUST_07808,1,45.7,45.7,23.0,21.02,21.02,0.46,2,Occasional Large-Charge Users
CUST_07809,1,47.6,47.6,25.0,25.7,25.7,0.54,2,Occasional Large-Charge Users
CUST_07810,1,42.4,42.4,24.0,19.5,19.5,0.46,2,Occasional Large-Charge Users
CUST_07811,1,29.3,29.3,48.0,14.94,14.94,0.51,0,Occasional Standard Users
CUST_07812,1,34.4,34.4,56.0,17.54,17.54,0.51,0,Occasional Standard Users
CUST_07813,1,35.9,35.9,52.0,19.03,19.03,0.53,0,Occasional Standard Users
CUST_07814,1,31.8,31.8,50.0,14.63,14.63,0.46,0,Occasional Standard Users
CUST_07815,1,34.7,34.7,54.0,15.96,15.96,0.46,0,Occasional Standard Users
CUST_07816,1,72.7,72.7,20.0,39.99,39.99,0.55,2,Occasional Large-Charge Users
CUST_07817,1,78.8,78.8,20.0,43.34,43.34,0.55,2,Occasional Large-Charge Users
CUST_07818,1,71.3,71.3,18.0,32.8,32.8,0.46,2,Occasional Large-Charge Users
CUST_07819,1,33.3,33.3,46.0,16.65,16.65,0.5,0,Occasional Standard Users
CUST_07820,1,30.1,30.1,46.0,16.25,16.25,0.54,0,Occasional Standard Users
CUST_07821,1,39.4,39.4,56.0,18.52,18.52,0.47,0,Occasional Standard Users
CUST_07822,1,44.5,44.5,24.0,23.59,23.59,0.53,2,Occasional Large-Charge Users
CUST_07823,1,32.3,32.3,48.0,17.44,17.44,0.54,0,Occasional Standard Users
CUST_07824,1,37.4,37.4,52.0,17.58,17.58,0.47,0,Occasional Standard Users
CUST_07825,1,33.0,33.0,47.0,17.49,17.49,0.53,0,Occasional Standard Users
CUST_07826,1,44.9,44.9,24.0,20.65,20.65,0.46,2,Occasional Large-Charge Users
CUST_07827,1,72.5,72.5,19.0,40.6,40.6,0.56,2,Occasional Large-Charge Users
CUST_07828,1,48.4,48.4,23.0,23.23,23.23,0.48,2,Occasional Large-Charge Users
CUST_07829,1,51.1,51.1,25.0,25.55,25.55,0.5,2,Occasional Large-Charge Users
CUST_07830,1,79.2,79.2,21.0,41.98,41.98,0.53,2,Occasional Large-Charge Users
CUST_07831,1,46.9,46.9,25.0,23.92,23.92,0.51,2,Occasional Large-Charge Users
CUST_07832,1,80.0,80.0,22.0,37.6,37.6,0.47,2,Occasional Large-Charge Users
CUST_07833,1,80.0,80.0,22.0,42.4,42.4,0.53,2,Occasional Large-Charge Users
CUST_07834,1,30.6,30.6,48.0,14.69,14.69,0.48,0,Occasional Standard Users
CUST_07835,1,51.1,51.1,24.0,24.53,24.53,0.48,2,Occasional Large-Charge Users
CUST_07836,1,36.4,36.4,55.0,18.56,18.56,0.51,0,Occasional Standard Users
CUST_07837,1,35.9,35.9,48.0,17.59,17.59,0.49,0,Occasional Standard Users
CUST_07838,1,30.0,30.0,49.0,16.5,16.5,0.55,0,Occasional Standard Users
CUST_07839,1,36.0,36.0,48.0,18.36,18.36,0.51,0,Occasional Standard Users
CUST_07840,1,27.6,27.6,40.0,13.8,13.8,0.5,0,Occasional Standard Users
CUST_07841,1,80.0,80.0,21.0,39.2,39.2,0.49,2,Occasional Large-Charge Users
CUST_07842,1,80.0,80.0,21.0,38.4,38.4,0.48,2,Occasional Large-Charge Users
CUST_07843,1,29.9,29.9,43.0,14.05,14.05,0.47,0,Occasional Standard Users
CUST_07844,1,34.0,34.0,50.0,17.68,17.68,0.52,0,Occasional Standard Users
CUST_07845,1,76.0,76.0,18.0,39.52,39.52,0.52,2,Occasional Large-Charge Users
CUST_07846,1,75.8,75.8,18.0,35.63,35.63,0.47,2,Occasional Large-Charge Users
CUST_07847,1,44.6,44.6,22.0,24.08,24.08,0.54,2,Occasional Large-Charge Users
CUST_07848,1,69.8,69.8,18.0,31.41,31.41,0.45,2,Occasional Large-Charge Users
CUST_07849,1,36.0,36.0,50.0,18.0,18.0,0.5,0,Occasional Standard Users
CUST_07850,1,39.6,39.6,58.0,19.8,19.8,0.5,0,Occasional Standard Users
CUST_07851,1,74.7,74.7,18.0,36.6,36.6,0.49,2,Occasional Large-Charge Users
CUST_07852,1,44.3,44.3,24.0,21.71,21.71,0.49,2,Occasional Large-Charge Users
CUST_07853,1,49.6,49.6,24.0,23.81,23.81,0.48,2,Occasional Large-Charge Users
CUST_07854,1,51.9,51.9,26.0,23.87,23.87,0.46,2,Occasional Large-Charge Users
CUST_07855,1,49.3,49.3,24.0,24.16,24.16,0.49,2,Occasional Large-Charge Users
CUST_07856,1,48.9,48.9,25.0,24.94,24.94,0.51,2,Occasional Large-Charge Users
CUST_07857,1,34.4,34.4,48.0,17.89,17.89,0.52,0,Occasional Standard Users
CUST_07858,1,36.3,36.3,56.0,19.6,19.6,0.54,0,Occasional Standard Users
CUST_07859,1,35.7,35.7,51.0,17.85,17.85,0.5,0,Occasional Standard Users
CUST_07860,1,77.8,77.8,20.0,35.79,35.79,0.46,2,Occasional Large-Charge Users
CUST_07861,1,39.8,39.8,53.0,17.91,17.91,0.45,0,Occasional Standard Users
CUST_07862,1,29.3,29.3,45.0,15.24,15.24,0.52,0,Occasional Standard Users
CUST_07863,1,80.0,80.0,21.0,37.6,37.6,0.47,2,Occasional Large-Charge Users
CUST_07864,1,35.4,35.4,48.0,17.35,17.35,0.49,0,Occasional Standard Users
CUST_07865,1,32.0,32.0,50.0,17.28,17.28,0.54,0,Occasional Standard Users
CUST_07866,1,51.6,51.6,24.0,23.22,23.22,0.45,2,Occasional Large-Charge Users
CUST_07867,1,48.1,48.1,24.0,22.13,22.13,0.46,2,Occasional Large-Charge Users
CUST_07868,1,36.0,36.0,54.0,16.2,16.2,0.45,0,Occasional Standard Users
CUST_07869,1,34.6,34.6,51.0,17.99,17.99,0.52,0,Occasional Standard Users
CUST_07870,1,30.6,30.6,46.0,18.36,18.36,0.6,0,Occasional Standard Users
CUST_07871,1,39.4,39.4,55.0,18.52,18.52,0.47,0,Occasional Standard Users
CUST_07872,1,73.6,73.6,18.0,35.33,35.33,0.48,2,Occasional Large-Charge Users
CUST_07873,1,47.0,47.0,24.0,24.91,24.91,0.53,2,Occasional Large-Charge Users
CUST_07874,1,50.0,50.0,24.0,24.5,24.5,0.49,2,Occasional Large-Charge Users
CUST_07875,1,46.8,46.8,23.0,22.93,22.93,0.49,2,Occasional Large-Charge Users
CUST_07876,1,54.9,54.9,27.0,28.0,28.0,0.51,2,Occasional Large-Charge Users
CUST_07877,1,38.7,38.7,56.0,21.29,21.29,0.55,0,Occasional Standard Users
CUST_07878,1,35.7,35.7,52.0,16.78,16.78,0.47,0,Occasional Standard Users
CUST_07879,1,28.2,28.2,47.0,16.64,16.64,0.59,0,Occasional Standard Users
CUST_07880,1,44.8,44.8,24.0,26.88,26.88,0.6,2,Occasional Large-Charge Users
CUST_07881,1,77.9,77.9,18.0,37.39,37.39,0.48,2,Occasional Large-Charge Users
CUST_07882,1,34.3,34.3,48.0,16.12,16.12,0.47,0,Occasional Standard Users
CUST_07883,1,53.3,53.3,26.0,25.58,25.58,0.48,2,Occasional Large-Charge Users
CUST_07884,1,35.7,35.7,53.0,18.92,18.92,0.53,0,Occasional Standard Users
CUST_07885,1,48.1,48.1,23.0,22.13,22.13,0.46,2,Occasional Large-Charge Users
CUST_07886,1,28.0,28.0,46.0,12.88,12.88,0.46,0,Occasional Standard Users
CUST_07887,1,53.5,53.5,24.0,27.82,27.82,0.52,2,Occasional Large-Charge Users
CUST_07888,1,48.5,48.5,25.0,24.25,24.25,0.5,2,Occasional Large-Charge Users
CUST_07889,1,47.2,47.2,24.0,22.66,22.66,0.48,2,Occasional Large-Charge Users
CUST_07890,1,49.0,49.0,24.0,25.48,25.48,0.52,2,Occasional Large-Charge Users
CUST_07891,1,80.0,80.0,21.0,42.4,42.4,0.53,2,Occasional Large-Charge Users
CUST_07892,1,43.6,43.6,22.0,22.24,22.24,0.51,2,Occasional Large-Charge Users
CUST_07893,1,41.9,41.9,21.0,22.21,22.21,0.53,2,Occasional Large-Charge Users
CUST_07894,1,80.0,80.0,21.0,47.2,47.2,0.59,2,Occasional Large-Charge Users
CUST_07895,1,29.2,29.2,43.0,14.31,14.31,0.49,0,Occasional Standard Users
CUST_07896,1,28.9,28.9,45.0,15.61,15.61,0.54,0,Occasional Standard Users
CUST_07897,1,36.4,36.4,52.0,17.84,17.84,0.49,0,Occasional Standard Users
CUST_07898,1,41.4,41.4,24.0,20.7,20.7,0.5,2,Occasional Large-Charge Users
CUST_07899,1,30.2,30.2,46.0,15.7,15.7,0.52,0,Occasional Standard Users
CUST_07900,1,46.7,46.7,25.0,22.42,22.42,0.48,2,Occasional Large-Charge Users
CUST_07901,1,45.7,45.7,25.0,24.68,24.68,0.54,2,Occasional Large-Charge Users
CUST_07902,1,34.7,34.7,48.0,17.7,17.7,0.51,0,Occasional Standard Users
CUST_07903,1,33.6,33.6,52.0,15.79,15.79,0.47,0,Occasional Standard Users
CUST_07904,1,48.2,48.2,24.0,23.62,23.62,0.49,2,Occasional Large-Charge Users
CUST_07905,1,32.6,32.6,52.0,17.28,17.28,0.53,0,Occasional Standard Users
CUST_07906,1,80.0,80.0,23.0,42.4,42.4,0.53,2,Occasional Large-Charge Users
CUST_07907,1,33.2,33.2,54.0,16.6,16.6,0.5,0,Occasional Standard Users
CUST_07908,1,33.7,33.7,49.0,18.2,18.2,0.54,0,Occasional Standard Users
CUST_07909,1,79.6,79.6,20.0,35.82,35.82,0.45,2,Occasional Large-Charge Users
CUST_07910,1,53.7,53.7,26.0,29.54,29.54,0.55,2,Occasional Large-Charge Users
CUST_07911,1,53.5,53.5,25.0,24.61,24.61,0.46,2,Occasional Large-Charge Users
CUST_07912,1,29.5,29.5,48.0,16.52,16.52,0.56,0,Occasional Standard Users
CUST_07913,1,31.3,31.3,47.0,15.65,15.65,0.5,0,Occasional Standard Users
CUST_07914,1,28.9,28.9,47.0,15.61,15.61,0.54,0,Occasional Standard Users
CUST_07915,1,42.7,42.7,24.0,21.35,21.35,0.5,2,Occasional Large-Charge Users
CUST_07916,1,80.0,80.0,19.0,43.2,43.2,0.54,2,Occasional Large-Charge Users
CUST_07917,1,41.7,41.7,58.0,21.27,21.27,0.51,0,Occasional Standard Users
CUST_07918,1,33.5,33.5,53.0,16.75,16.75,0.5,0,Occasional Standard Users
CUST_07919,1,49.3,49.3,27.0,26.13,26.13,0.53,2,Occasional Large-Charge Users
CUST_07920,1,53.2,53.2,25.0,26.07,26.07,0.49,2,Occasional Large-Charge Users
CUST_07921,1,42.6,42.6,23.0,22.58,22.58,0.53,2,Occasional Large-Charge Users
CUST_07922,1,80.0,80.0,20.0,45.6,45.6,0.57,2,Occasional Large-Charge Users
CUST_07923,1,49.2,49.2,23.0,28.04,28.04,0.57,2,Occasional Large-Charge Users
CUST_07924,1,51.5,51.5,26.0,25.75,25.75,0.5,2,Occasional Large-Charge Users
CUST_07925,1,80.0,80.0,21.0,37.6,37.6,0.47,2,Occasional Large-Charge Users
CUST_07926,1,80.0,80.0,21.0,40.8,40.8,0.51,2,Occasional Large-Charge Users
CUST_07927,1,75.7,75.7,18.0,38.61,38.61,0.51,2,Occasional Large-Charge Users
CUST_07928,1,77.1,77.1,20.0,45.49,45.49,0.59,2,Occasional Large-Charge Users
CUST_07929,1,31.7,31.7,50.0,17.12,17.12,0.54,0,Occasional Standard Users
CUST_07930,1,45.0,45.0,23.0,23.4,23.4,0.52,2,Occasional Large-Charge Users
CUST_07931,1,72.1,72.1,18.0,38.93,38.93,0.54,2,Occasional Large-Charge Users
CUST_07932,1,33.1,33.1,50.0,18.21,18.21,0.55,0,Occasional Standard Users
CUST_07933,1,38.3,38.3,57.0,21.07,21.07,0.55,0,Occasional Standard Users
CUST_07934,1,78.4,78.4,20.0,45.47,45.47,0.58,2,Occasional Large-Charge Users
CUST_07935,1,33.7,33.7,52.0,17.86,17.86,0.53,0,Occasional Standard Users
CUST_07936,1,29.4,29.4,46.0,13.82,13.82,0.47,0,Occasional Standard Users
CUST_07937,1,78.3,78.3,19.0,37.58,37.58,0.48,2,Occasional Large-Charge Users
CUST_07938,1,77.6,77.6,19.0,37.25,37.25,0.48,2,Occasional Large-Charge Users
CUST_07939,1,32.9,32.9,52.0,15.79,15.79,0.48,0,Occasional Standard Users
CUST_07940,1,55.8,55.8,26.0,27.34,27.34,0.49,2,Occasional Large-Charge Users
CUST_07941,1,36.5,36.5,50.0,18.98,18.98,0.52,0,Occasional Standard Users
CUST_07942,1,37.1,37.1,53.0,18.55,18.55,0.5,0,Occasional Standard Users
CUST_07943,1,55.5,55.5,25.0,26.08,26.08,0.47,2,Occasional Large-Charge Users
CUST_07944,1,31.2,31.2,50.0,16.54,16.54,0.53,0,Occasional Standard Users
CUST_07945,1,30.4,30.4,45.0,17.33,17.33,0.57,0,Occasional Standard Users
CUST_07946,1,31.9,31.9,50.0,15.95,15.95,0.5,0,Occasional Standard Users
CUST_07947,1,45.2,45.2,24.0,23.5,23.5,0.52,2,Occasional Large-Charge Users
CUST_07948,1,70.6,70.6,19.0,38.12,38.12,0.54,2,Occasional Large-Charge Users
CUST_07949,1,31.2,31.2,47.0,14.98,14.98,0.48,0,Occasional Standard Users
CUST_07950,1,35.8,35.8,52.0,19.33,19.33,0.54,0,Occasional Standard Users
CUST_07951,1,35.4,35.4,51.0,19.12,19.12,0.54,0,Occasional Standard Users
CUST_07952,1,29.6,29.6,44.0,14.8,14.8,0.5,0,Occasional Standard Users
CUST_07953,1,70.1,70.1,19.0,32.95,32.95,0.47,2,Occasional Large-Charge Users
CUST_07954,1,80.0,80.0,18.0,36.8,36.8,0.46,2,Occasional Large-Charge Users
CUST_07955,1,46.9,46.9,25.0,22.51,22.51,0.48,2,Occasional Large-Charge Users
CUST_07956,1,46.5,46.5,23.0,25.11,25.11,0.54,2,Occasional Large-Charge Users
CUST_07957,1,38.2,38.2,51.0,19.1,19.1,0.5,0,Occasional Standard Users
CUST_07958,1,35.1,35.1,52.0,17.2,17.2,0.49,0,Occasional Standard Users
CUST_07959,1,35.2,35.2,50.0,18.66,18.66,0.53,0,Occasional Standard Users
CUST_07960,1,45.4,45.4,23.0,23.15,23.15,0.51,2,Occasional Large-Charge Users
CUST_07961,1,35.4,35.4,52.0,15.93,15.93,0.45,0,Occasional Standard Users
CUST_07962,1,34.9,34.9,50.0,18.15,18.15,0.52,0,Occasional Standard Users
CUST_07963,1,35.6,35.6,49.0,19.58,19.58,0.55,0,Occasional Standard Users
CUST_07964,1,80.0,80.0,21.0,36.8,36.8,0.46,2,Occasional Large-Charge Users
CUST_07965,1,77.8,77.8,20.0,38.12,38.12,0.49,2,Occasional Large-Charge Users
CUST_07966,1,34.5,34.5,53.0,20.36,20.36,0.59,0,Occasional Standard Users
CUST_07967,1,36.8,36.8,53.0,18.4,18.4,0.5,0,Occasional Standard Users
CUST_07968,1,45.4,45.4,24.0,25.88,25.88,0.57,2,Occasional Large-Charge Users
CUST_07969,1,45.7,45.7,22.0,28.33,28.33,0.62,2,Occasional Large-Charge Users
CUST_07970,1,37.5,37.5,52.0,18.38,18.38,0.49,0,Occasional Standard Users
CUST_07971,1,32.4,32.4,48.0,14.9,14.9,0.46,0,Occasional Standard Users
CUST_07972,1,77.2,77.2,19.0,34.74,34.74,0.45,2,Occasional Large-Charge Users
CUST_07973,1,80.0,80.0,21.0,44.0,44.0,0.55,2,Occasional Large-Charge Users
CUST_07974,1,53.7,53.7,25.0,28.46,28.46,0.53,2,Occasional Large-Charge Users
CUST_07975,1,31.2,31.2,48.0,14.35,14.35,0.46,0,Occasional Standard Users
CUST_07976,1,45.1,45.1,23.0,23.45,23.45,0.52,2,Occasional Large-Charge Users
CUST_07977,1,80.0,80.0,19.0,36.0,36.0,0.45,2,Occasional Large-Charge Users
CUST_07978,1,79.2,79.2,20.0,41.98,41.98,0.53,2,Occasional Large-Charge Users
CUST_07979,1,36.7,36.7,53.0,19.82,19.82,0.54,0,Occasional Standard Users
CUST_07980,1,27.5,27.5,45.0,15.13,15.13,0.55,0,Occasional Standard Users
CUST_07981,1,76.6,76.6,20.0,41.36,41.36,0.54,2,Occasional Large-Charge Users
CUST_07982,1,51.7,51.7,24.0,24.3,24.3,0.47,2,Occasional Large-Charge Users
CUST_07983,1,46.5,46.5,23.0,25.11,25.11,0.54,2,Occasional Large-Charge Users
CUST_07984,1,57.3,57.3,26.0,30.94,30.94,0.54,2,Occasional Large-Charge Users
CUST_07985,1,49.7,49.7,26.0,22.86,22.86,0.46,2,Occasional Large-Charge Users
CUST_07986,1,46.6,46.6,24.0,21.9,21.9,0.47,2,Occasional Large-Charge Users
CUST_07987,1,35.8,35.8,57.0,17.9,17.9,0.5,0,Occasional Standard Users
CUST_07988,1,72.9,72.9,17.0,37.91,37.91,0.52,2,Occasional Large-Charge Users
CUST_07989,1,51.0,51.0,25.0,27.54,27.54,0.54,2,Occasional Large-Charge Users
CUST_07990,1,32.2,32.2,49.0,17.07,17.07,0.53,0,Occasional Standard Users
CUST_07991,1,67.2,67.2,17.0,32.93,32.93,0.49,2,Occasional Large-Charge Users
CUST_07992,1,44.1,44.1,25.0,26.02,26.02,0.59,2,Occasional Large-Charge Users
CUST_07993,1,34.5,34.5,54.0,16.91,16.91,0.49,0,Occasional Standard Users
CUST_07994,1,68.8,68.8,17.0,37.84,37.84,0.55,2,Occasional Large-Charge Users
CUST_07995,1,40.6,40.6,23.0,19.49,19.49,0.48,2,Occasional Large-Charge Users
CUST_07996,1,32.5,32.5,50.0,17.55,17.55,0.54,0,Occasional Standard Users
CUST_07997,1,45.7,45.7,23.0,20.57,20.57,0.45,2,Occasional Large-Charge Users
CUST_07998,1,47.3,47.3,22.0,22.7,22.7,0.48,2,Occasional Large-Charge Users
CUST_07999,1,80.0,80.0,20.0,36.8,36.8,0.46,2,Occasional Large-Charge Users
CUST_08000,1,30.5,30.5,49.0,15.55,15.55,0.51,0,Occasional Standard Users
